2026-09-21T20:00:00Z 200 97.89
2026-09-21T20:00:00Z 404 157.51
2026-09-21T20:00:00Z 200 88.25
2026-09-21T20:00:00Z 200 139.26
2026-09-21T20:00:00Z 200 117.52
2026-09-21T20:00:00Z 200 134.77
2026-09-21T20:00:00Z 200 46.44
2026-09-21T20:00:00Z 404 199.46
2026-09-21T20:00:00Z 404 15.14
2026-09-21T20:00:00Z 404 131.66
2026-09-21T20:00:00Z 500 72.11
2026-09-21T20:00:00Z 200 138.88
2026-09-21T20:00:00Z 200 184.71
2026-09-21T20:00:00Z 200 158.12
2026-09-21T20:00:00Z 500 35.92
2026-09-21T20:00:00Z 500 87.16
2026-09-21T20:00:00Z 500 63.41
2026-09-21T20:00:00Z 404 41.25
2026-09-21T20:00:00Z 200 143.86
2026-09-21T20:00:00Z 200 55.18
2026-09-21T20:00:00Z 200 107.56
2026-09-21T20:00:00Z 500 19.83
2026-09-21T20:00:00Z 200 95.12
2026-09-21T20:00:00Z 404 73.19
2026-09-21T20:00:00Z 200 125.56
2026-09-21T20:00:00Z 500 180.93
2026-09-21T20:00:00Z 404 83.74
2026-09-21T20:00:00Z 200 131.80
2026-09-21T20:00:00Z 200 178.07
2026-09-21T20:00:00Z 200 140.82
2026-09-21T20:00:00Z 200 132.94
2026-09-21T20:00:00Z 200 95.06
2026-09-21T20:00:00Z 500 34.00
2026-09-21T20:00:00Z 200 161.84
2026-09-21T20:00:00Z 500 176.47
2026-09-21T20:00:00Z 200 184.26
2026-09-21T20:00:00Z 500 55.89
2026-09-21T20:00:00Z 200 150.57
2026-09-21T20:00:00Z 404 18.57
2026-09-21T20:00:00Z 200 34.12
2026-09-21T20:00:00Z 200 105.97
2026-09-21T20:00:00Z 404 149.37
2026-09-21T20:00:00Z 200 99.33
2026-09-21T20:00:00Z 404 71.91
2026-09-21T20:00:00Z 404 33.40
2026-09-21T20:00:00Z 404 161.34
2026-09-21T20:00:00Z 200 10.24
2026-09-21T20:00:00Z 200 163.90
2026-09-21T20:00:00Z 200 135.08
2026-09-21T20:00:00Z 200 194.32
2026-09-21T20:00:00Z 500 123.70
2026-09-21T20:00:00Z 500 153.48
2026-09-21T20:00:00Z 200 193.98
2026-09-21T20:00:00Z 200 153.86
2026-09-21T20:00:00Z 500 135.56
2026-09-21T20:00:00Z 500 85.43
2026-09-21T20:00:00Z 200 128.17
2026-09-21T20:00:00Z 200 29.26
2026-09-21T20:00:00Z 200 79.55
2026-09-21T20:00:00Z 200 161.49
2026-09-21T20:00:00Z 500 67.44
2026-09-21T20:00:00Z 200 124.95
2026-09-21T20:00:00Z 404 63.67
2026-09-21T20:00:00Z 200 123.58
2026-09-21T20:00:00Z 200 119.59
2026-09-21T20:00:00Z 404 54.72
2026-09-21T20:00:00Z 200 92.86
2026-09-21T20:00:00Z 200 189.55
2026-09-21T20:00:00Z 200 54.31
2026-09-21T20:00:00Z 404 16.32
2026-09-21T20:00:00Z 200 32.57
2026-09-21T20:00:00Z 404 124.49
2026-09-21T20:00:00Z 200 148.32
2026-09-21T20:00:00Z 404 153.51
2026-09-21T20:00:00Z 200 174.76
2026-09-21T20:00:00Z 200 133.07
2026-09-21T20:00:00Z 200 106.00
2026-09-21T20:00:00Z 200 58.94
2026-09-21T20:00:00Z 200 166.33
2026-09-21T20:00:00Z 500 82.51
2026-09-21T20:00:00Z 200 172.12
2026-09-21T20:00:00Z 404 119.29
2026-09-21T20:00:00Z 200 147.35
2026-09-21T20:00:00Z 200 144.77
2026-09-21T20:00:00Z 200 99.66
2026-09-21T20:00:00Z 200 124.63
2026-09-21T20:00:00Z 500 87.20
2026-09-21T20:00:00Z 200 71.93
2026-09-21T20:00:00Z 200 199.33
2026-09-21T20:00:00Z 200 128.22
2026-09-21T20:00:00Z 200 61.28
2026-09-21T20:00:00Z 200 51.74
2026-09-21T20:00:00Z 500 160.00
2026-09-21T20:00:00Z 200 141.56
2026-09-21T20:00:00Z 200 90.37
2026-09-21T20:00:00Z 404 98.44
2026-09-21T20:00:00Z 404 187.42
2026-09-21T20:00:00Z 500 197.97
2026-09-21T20:00:00Z 500 26.74
2026-09-21T20:00:00Z 500 176.40
2026-09-21T20:00:00Z 200 89.70
2026-09-21T20:00:00Z 200 169.11
2026-09-21T20:00:00Z 404 67.11
2026-09-21T20:00:00Z 200 192.96
2026-09-21T20:00:00Z 200 193.81
2026-09-21T20:00:00Z 200 64.53
2026-09-21T20:00:00Z 500 118.87
2026-09-21T20:00:00Z 200 17.12
2026-09-21T20:00:00Z 200 163.11
2026-09-21T20:00:00Z 200 18.08
2026-09-21T20:00:00Z 200 146.79
2026-09-21T20:00:00Z 200 36.43
2026-09-21T20:00:00Z 200 162.44
2026-09-21T20:00:00Z 404 43.95
2026-09-21T20:00:00Z 200 104.14
2026-09-21T20:00:00Z 200 22.50
2026-09-21T20:00:00Z 200 165.67
2026-09-21T20:00:00Z 200 66.85
2026-09-21T20:00:00Z 200 175.62
2026-09-21T20:00:00Z 200 72.54
2026-09-21T20:00:00Z 200 162.49
2026-09-21T20:00:00Z 200 87.12
2026-09-21T20:00:00Z 200 125.96
2026-09-21T20:00:00Z 404 163.65
2026-09-21T20:00:00Z 200 70.58
2026-09-21T20:00:00Z 200 80.75
2026-09-21T20:00:00Z 200 160.11
2026-09-21T20:00:00Z 404 150.19
2026-09-21T20:00:00Z 404 149.74
2026-09-21T20:00:00Z 200 91.65
2026-09-21T20:00:00Z 404 78.65
2026-09-21T20:00:00Z 500 161.84
2026-09-21T20:00:00Z 404 20.76
2026-09-21T20:00:00Z 500 78.05
2026-09-21T20:00:00Z 200 88.18
2026-09-21T20:00:00Z 200 54.82
2026-09-21T20:00:00Z 200 18.57
2026-09-21T20:00:00Z 404 120.96
2026-09-21T20:00:00Z 500 170.47
2026-09-21T20:00:00Z 200 117.13
2026-09-21T20:00:00Z 500 167.18
2026-09-21T20:00:00Z 404 184.75
2026-09-21T20:00:00Z 200 52.44
2026-09-21T20:00:00Z 200 74.52
2026-09-21T20:00:00Z 200 121.79
2026-09-21T20:00:00Z 500 104.29
2026-09-21T20:00:00Z 404 140.23
2026-09-21T20:00:00Z 500 77.34
2026-09-21T20:00:00Z 404 134.95
2026-09-21T20:00:00Z 200 10.92
2026-09-21T20:00:00Z 404 167.71
2026-09-21T20:00:00Z 200 88.09
2026-09-21T20:00:00Z 404 163.29
2026-09-21T20:00:00Z 200 110.79
2026-09-21T20:00:00Z 404 68.68
2026-09-21T20:00:00Z 200 193.43
2026-09-21T20:00:00Z 200 62.92
2026-09-21T20:00:00Z 200 107.77
2026-09-21T20:00:00Z 500 13.63
2026-09-21T20:00:00Z 404 195.07
2026-09-21T20:00:00Z 200 130.31
2026-09-21T20:00:00Z 200 172.27
2026-09-21T20:00:00Z 200 118.71
2026-09-21T20:00:00Z 200 194.67
2026-09-21T20:00:00Z 200 92.85
2026-09-21T20:00:00Z 200 78.13
2026-09-21T20:00:00Z 404 135.68
2026-09-21T20:00:00Z 500 60.08
2026-09-21T20:00:00Z 404 75.99
2026-09-21T20:00:00Z 200 151.13
2026-09-21T20:00:00Z 404 41.30
2026-09-21T20:00:00Z 200 60.70
2026-09-21T20:00:00Z 200 34.09
2026-09-21T20:00:00Z 500 196.50
2026-09-21T20:00:00Z 200 81.93
2026-09-21T20:00:00Z 200 29.06
2026-09-21T20:00:00Z 200 23.07
2026-09-21T20:00:00Z 200 125.72
2026-09-21T20:00:00Z 200 65.40
2026-09-21T20:00:00Z 200 139.43
2026-09-21T20:00:00Z 404 66.27
2026-09-21T20:00:00Z 200 45.14
2026-09-21T20:00:00Z 404 136.21
2026-09-21T20:00:00Z 404 100.52
2026-09-21T20:00:00Z 200 29.37
2026-09-21T20:00:00Z 500 54.26
2026-09-21T20:00:00Z 200 44.86
2026-09-21T20:00:00Z 200 191.93
2026-09-21T20:00:00Z 500 194.67
2026-09-21T20:00:00Z 500 143.01
2026-09-21T20:00:00Z 200 70.98
2026-09-21T20:00:00Z 404 137.71
2026-09-21T20:00:00Z 200 74.96
2026-09-21T20:00:00Z 404 119.47
2026-09-21T20:00:00Z 200 163.59
2026-09-21T20:00:00Z 200 133.97
2026-09-21T20:00:00Z 500 55.65
2026-09-21T20:00:00Z 200 127.25
2026-09-21T20:00:00Z 200 196.68
2026-09-21T20:00:00Z 404 119.87
2026-09-21T20:00:00Z 200 118.31
2026-09-21T20:00:00Z 404 45.93
2026-09-21T20:00:00Z 404 166.39
2026-09-21T20:00:00Z 200 176.93
2026-09-21T20:00:00Z 404 197.13
2026-09-21T20:00:00Z 500 23.27
2026-09-21T20:00:00Z 200 183.25
2026-09-21T20:00:00Z 200 44.22
2026-09-21T20:00:00Z 200 195.63
2026-09-21T20:00:00Z 200 46.57
2026-09-21T20:00:00Z 500 96.78
2026-09-21T20:00:00Z 200 33.15
2026-09-21T20:00:00Z 200 114.14
2026-09-21T20:00:00Z 200 17.65
2026-09-21T20:00:00Z 200 196.42
2026-09-21T20:00:00Z 200 153.76
2026-09-21T20:00:00Z 500 34.68
2026-09-21T20:00:00Z 404 41.78
2026-09-21T20:00:00Z 404 177.31
2026-09-21T20:00:00Z 200 41.50
2026-09-21T20:00:00Z 200 187.34
2026-09-21T20:00:00Z 200 173.22
2026-09-21T20:00:00Z 200 149.41
2026-09-21T20:00:00Z 404 195.42
2026-09-21T20:00:00Z 200 83.47
2026-09-21T20:00:00Z 200 143.96
2026-09-21T20:00:00Z 200 101.89
2026-09-21T20:00:00Z 200 68.51
2026-09-21T20:00:00Z 200 108.16
2026-09-21T20:00:00Z 404 183.34
2026-09-21T20:00:00Z 404 172.29
2026-09-21T20:00:00Z 404 183.41
2026-09-21T20:00:00Z 200 70.08
2026-09-21T20:00:00Z 200 64.01
2026-09-21T20:00:00Z 500 185.37
2026-09-21T20:00:00Z 200 38.55
2026-09-21T20:00:00Z 200 111.50
2026-09-21T20:00:00Z 200 77.19
2026-09-21T20:00:00Z 200 42.55
2026-09-21T20:00:00Z 404 193.75
2026-09-21T20:00:00Z 500 52.70
2026-09-21T20:00:00Z 200 105.85
2026-09-21T20:00:00Z 500 112.23
2026-09-21T20:00:00Z 200 132.91
2026-09-21T20:00:00Z 200 154.85
2026-09-21T20:00:00Z 200 197.60
2026-09-21T20:00:00Z 500 131.63
2026-09-21T20:00:00Z 404 171.49
2026-09-21T20:00:00Z 500 165.09
2026-09-21T20:00:00Z 404 47.41
2026-09-21T20:00:00Z 404 159.38
2026-09-21T20:00:00Z 404 43.08
2026-09-21T20:00:00Z 200 161.25
2026-09-21T20:00:00Z 500 97.17
2026-09-21T20:00:00Z 500 196.25
2026-09-21T20:00:00Z 500 85.22
2026-09-21T20:00:00Z 500 185.19
2026-09-21T20:00:00Z 404 43.84
2026-09-21T20:00:00Z 404 125.40
2026-09-21T20:00:00Z 200 141.34
2026-09-21T20:00:00Z 200 168.53
2026-09-21T20:00:00Z 200 31.57
2026-09-21T20:00:00Z 200 48.04
2026-09-21T20:00:00Z 200 78.70
2026-09-21T20:00:00Z 200 74.40
2026-09-21T20:00:00Z 404 30.29
2026-09-21T20:00:00Z 200 109.75
2026-09-21T20:00:00Z 200 198.54
2026-09-21T20:00:00Z 200 184.52
2026-09-21T20:00:00Z 404 22.46
2026-09-21T20:00:00Z 200 134.13
2026-09-21T20:00:00Z 500 130.67
2026-09-21T20:00:00Z 500 17.31
2026-09-21T20:00:00Z 200 155.80
2026-09-21T20:00:00Z 200 44.87
2026-09-21T20:00:00Z 500 26.86
2026-09-21T20:00:00Z 404 105.47
2026-09-21T20:00:00Z 200 16.99
2026-09-21T20:00:00Z 404 181.06
2026-09-21T20:00:00Z 500 156.18
2026-09-21T20:00:00Z 200 16.96
2026-09-21T20:00:00Z 200 162.43
2026-09-21T20:00:00Z 200 133.76
2026-09-21T20:00:00Z 200 99.21
2026-09-21T20:00:00Z 500 24.89
2026-09-21T20:00:00Z 200 156.30
2026-09-21T20:00:00Z 500 97.41
2026-09-21T20:00:00Z 500 22.84
2026-09-21T20:00:00Z 200 168.30
2026-09-21T20:00:00Z 500 54.02
2026-09-21T20:00:00Z 404 143.50
2026-09-21T20:00:00Z 500 174.83
2026-09-21T20:00:00Z 500 152.50
2026-09-21T20:00:00Z 200 34.02
2026-09-21T20:00:00Z 200 196.36
2026-09-21T20:00:00Z 200 27.47
2026-09-21T20:00:00Z 200 173.58
2026-09-21T20:00:00Z 404 163.76
2026-09-21T20:00:00Z 404 86.09
2026-09-21T20:00:00Z 200 47.01
2026-09-21T20:00:00Z 200 33.24
2026-09-21T20:00:00Z 404 195.45
2026-09-21T20:00:00Z 200 181.15
2026-09-21T20:00:00Z 500 65.46
2026-09-21T20:00:00Z 200 21.61
2026-09-21T20:00:00Z 404 25.56
2026-09-21T20:00:00Z 200 162.62
2026-09-21T20:00:00Z 404 129.20
2026-09-21T20:00:00Z 200 152.00
2026-09-21T20:00:00Z 500 171.67
2026-09-21T20:00:00Z 500 72.25
2026-09-21T20:00:00Z 200 170.22
2026-09-21T20:00:00Z 200 54.34
2026-09-21T20:00:00Z 500 192.08
2026-09-21T20:00:00Z 500 152.87
2026-09-21T20:00:00Z 200 53.88
2026-09-21T20:00:00Z 404 102.24
2026-09-21T20:00:00Z 404 168.24
2026-09-21T20:00:00Z 200 128.68
2026-09-21T20:00:00Z 500 87.61
2026-09-21T20:00:00Z 404 165.37
2026-09-21T20:00:00Z 200 22.10
2026-09-21T20:00:00Z 200 67.11
2026-09-21T20:00:00Z 200 85.83
2026-09-21T20:00:00Z 500 100.04
2026-09-21T20:00:00Z 200 196.49
2026-09-21T20:00:00Z 404 173.91
2026-09-21T20:00:00Z 200 168.58
2026-09-21T20:00:00Z 200 94.27
2026-09-21T20:00:00Z 200 73.19
2026-09-21T20:00:00Z 200 158.05
2026-09-21T20:00:00Z 404 71.48
2026-09-21T20:00:00Z 200 140.44
2026-09-21T20:00:00Z 500 190.17
2026-09-21T20:00:00Z 500 55.64
2026-09-21T20:00:00Z 200 39.37
2026-09-21T20:00:00Z 200 164.04
2026-09-21T20:00:00Z 200 194.56
2026-09-21T20:00:00Z 200 176.76
2026-09-21T20:00:00Z 200 16.22
2026-09-21T20:00:00Z 200 16.53
2026-09-21T20:00:00Z 404 30.80
2026-09-21T20:00:00Z 200 14.76
2026-09-21T20:00:00Z 200 92.96
2026-09-21T20:00:00Z 500 106.50
2026-09-21T20:00:00Z 500 119.08
2026-09-21T20:00:00Z 200 40.11
2026-09-21T20:00:00Z 404 53.62
2026-09-21T20:00:00Z 200 35.09
2026-09-21T20:00:00Z 200 80.92
2026-09-21T20:00:00Z 200 132.94
2026-09-21T20:00:00Z 200 110.74
2026-09-21T20:00:00Z 200 159.97
2026-09-21T20:00:00Z 200 88.11
2026-09-21T20:00:00Z 500 107.11
2026-09-21T20:00:00Z 404 132.16
2026-09-21T20:00:00Z 200 56.76
2026-09-21T20:00:00Z 200 32.95
2026-09-21T20:00:00Z 200 51.37
2026-09-21T20:00:00Z 500 180.06
2026-09-21T20:00:00Z 404 164.23
2026-09-21T20:00:00Z 200 96.20
2026-09-21T20:00:00Z 200 181.63
2026-09-21T20:00:00Z 200 83.03
2026-09-21T20:00:00Z 200 47.06
2026-09-21T20:00:00Z 200 187.78
2026-09-21T20:00:00Z 200 77.90
2026-09-21T20:00:00Z 404 132.75
2026-09-21T20:00:00Z 404 156.40
2026-09-21T20:00:00Z 500 128.11
2026-09-21T20:00:00Z 200 131.77
2026-09-21T20:00:00Z 200 58.51
2026-09-21T20:00:00Z 200 43.53
2026-09-21T20:00:00Z 404 98.44
2026-09-21T20:00:00Z 200 81.34
2026-09-21T20:00:00Z 404 115.21
2026-09-21T20:00:00Z 200 105.68
2026-09-21T20:00:00Z 500 199.81
2026-09-21T20:00:00Z 404 46.40
2026-09-21T20:00:00Z 500 12.81
2026-09-21T20:00:00Z 200 126.23
2026-09-21T20:00:00Z 500 165.21
2026-09-21T20:00:00Z 200 111.63
2026-09-21T20:00:00Z 200 86.08
2026-09-21T20:00:00Z 200 105.27
2026-09-21T20:00:00Z 200 181.32
2026-09-21T20:00:00Z 200 61.10
2026-09-21T20:00:00Z 200 143.11
2026-09-21T20:00:00Z 500 101.93
2026-09-21T20:00:00Z 500 49.99
2026-09-21T20:00:00Z 200 175.25
2026-09-21T20:00:00Z 200 102.49
2026-09-21T20:00:00Z 200 195.21
2026-09-21T20:00:00Z 200 197.82
2026-09-21T20:00:00Z 404 83.38
2026-09-21T20:00:00Z 200 48.50
2026-09-21T20:00:00Z 200 108.11
2026-09-21T20:00:00Z 200 57.19
2026-09-21T20:00:00Z 200 192.76
2026-09-21T20:00:00Z 500 94.18
2026-09-21T20:00:00Z 200 56.29
2026-09-21T20:00:00Z 200 166.77
2026-09-21T20:00:00Z 500 75.15
2026-09-21T20:00:00Z 200 156.29
2026-09-21T20:00:00Z 404 112.09
2026-09-21T20:00:00Z 200 88.93
2026-09-21T20:00:00Z 404 143.56
2026-09-21T20:00:00Z 500 151.06
2026-09-21T20:00:00Z 200 83.24
2026-09-21T20:00:00Z 404 80.54
2026-09-21T20:00:00Z 500 151.21
2026-09-21T20:00:00Z 200 184.31
2026-09-21T20:00:00Z 500 72.73
2026-09-21T20:00:00Z 500 56.74
2026-09-21T20:00:00Z 200 139.16
2026-09-21T20:00:00Z 500 114.17
2026-09-21T20:00:00Z 200 144.30
2026-09-21T20:00:00Z 200 109.64
2026-09-21T20:00:00Z 200 34.76
2026-09-21T20:00:00Z 200 49.54
2026-09-21T20:00:00Z 404 23.07
2026-09-21T20:00:00Z 200 11.77
2026-09-21T20:00:00Z 404 145.53
2026-09-21T20:00:00Z 404 21.59
2026-09-21T20:00:00Z 500 21.24
2026-09-21T20:00:00Z 200 23.67
2026-09-21T20:00:00Z 200 189.41
2026-09-21T20:00:00Z 404 111.55
2026-09-21T20:00:00Z 200 101.07
2026-09-21T20:00:00Z 200 150.48
2026-09-21T20:00:00Z 200 158.12
2026-09-21T20:00:00Z 200 42.68
2026-09-21T20:00:00Z 200 71.10
2026-09-21T20:00:00Z 404 154.17
2026-09-21T20:00:00Z 404 54.78
2026-09-21T20:00:00Z 200 148.89
2026-09-21T20:00:00Z 200 41.08
2026-09-21T20:00:00Z 200 63.67
2026-09-21T20:00:00Z 200 123.28
2026-09-21T20:00:00Z 200 164.75
2026-09-21T20:00:00Z 200 199.47
2026-09-21T20:00:00Z 200 148.18
2026-09-21T20:00:00Z 500 152.38
2026-09-21T20:00:00Z 200 85.35
2026-09-21T20:00:00Z 200 162.95
2026-09-21T20:00:00Z 200 159.66
2026-09-21T20:00:00Z 500 54.31
2026-09-21T20:00:00Z 200 176.37
2026-09-21T20:00:00Z 200 164.92
2026-09-21T20:00:00Z 200 44.46
2026-09-21T20:00:00Z 500 153.86
2026-09-21T20:00:00Z 200 29.86
2026-09-21T20:00:00Z 200 168.08
2026-09-21T20:00:00Z 500 141.06
2026-09-21T20:00:00Z 404 64.99
2026-09-21T20:00:00Z 500 162.62
2026-09-21T20:00:00Z 500 41.39
2026-09-21T20:00:00Z 200 71.80
2026-09-21T20:00:00Z 500 52.62
2026-09-21T20:00:00Z 200 78.86
2026-09-21T20:00:00Z 500 61.48
2026-09-21T20:00:00Z 404 122.94
2026-09-21T20:00:00Z 200 52.53
2026-09-21T20:00:00Z 200 87.28
2026-09-21T20:00:00Z 200 137.24
2026-09-21T20:00:00Z 200 60.01
2026-09-21T20:00:00Z 404 116.44
2026-09-21T20:00:00Z 500 178.34
2026-09-21T20:00:00Z 200 154.48
2026-09-21T20:00:00Z 404 24.63
2026-09-21T20:00:00Z 200 183.03
2026-09-21T20:00:00Z 200 130.11
2026-09-21T20:00:00Z 200 13.33
2026-09-21T20:00:00Z 404 131.93
2026-09-21T20:00:00Z 200 176.51
2026-09-21T20:00:00Z 404 145.07
2026-09-21T20:00:00Z 200 25.87
2026-09-21T20:00:00Z 404 172.96
2026-09-21T20:00:00Z 404 11.45
2026-09-21T20:00:00Z 200 102.02
2026-09-21T20:00:00Z 200 83.48
2026-09-21T20:00:00Z 200 86.97
2026-09-21T20:00:00Z 500 145.78
2026-09-21T20:00:00Z 200 54.54
2026-09-21T20:00:00Z 200 133.67
2026-09-21T20:00:00Z 200 16.85
2026-09-21T20:00:00Z 200 162.73
2026-09-21T20:00:00Z 404 165.50
2026-09-21T20:00:00Z 404 34.30
2026-09-21T20:00:00Z 404 167.79
2026-09-21T20:00:00Z 404 107.58
2026-09-21T20:00:00Z 404 82.66
2026-09-21T20:00:00Z 200 74.09
2026-09-21T20:00:00Z 500 83.40
2026-09-21T20:00:00Z 500 189.90
2026-09-21T20:00:00Z 500 184.06
2026-09-21T20:00:00Z 500 138.23
2026-09-21T20:00:00Z 200 139.34
2026-09-21T20:00:00Z 200 130.22
2026-09-21T20:00:00Z 200 38.38
2026-09-21T20:00:00Z 200 167.55
2026-09-21T20:00:00Z 404 186.83
2026-09-21T20:00:00Z 500 69.75
2026-09-21T20:00:00Z 404 106.63
2026-09-21T20:00:00Z 200 161.21
2026-09-21T20:00:00Z 200 186.89
2026-09-21T20:00:00Z 404 37.67
2026-09-21T20:00:00Z 404 148.32
2026-09-21T20:00:00Z 200 52.11
2026-09-21T20:00:00Z 200 195.21
2026-09-21T20:00:00Z 200 127.19
2026-09-21T20:00:00Z 200 45.05
2026-09-21T20:00:00Z 404 195.32
2026-09-21T20:00:00Z 404 162.02
2026-09-21T20:00:00Z 500 12.74
2026-09-21T20:00:00Z 500 144.18
2026-09-21T20:00:00Z 200 180.23
2026-09-21T20:00:00Z 404 111.42
2026-09-21T20:00:00Z 200 80.60
2026-09-21T20:00:00Z 500 164.49
2026-09-21T20:00:00Z 200 94.21
2026-09-21T20:00:00Z 200 116.24
2026-09-21T20:00:00Z 404 182.51
2026-09-21T20:00:00Z 404 175.90
2026-09-21T20:00:00Z 200 45.72
2026-09-21T20:00:00Z 200 141.04
2026-09-21T20:00:00Z 404 167.20
2026-09-21T20:00:00Z 404 11.39
2026-09-21T20:00:00Z 404 134.53
2026-09-21T20:00:00Z 404 16.29
2026-09-21T20:00:00Z 500 167.88
2026-09-21T20:00:00Z 200 71.75
2026-09-21T20:00:00Z 200 63.48
2026-09-21T20:00:00Z 500 113.05
2026-09-21T20:00:00Z 404 192.22
2026-09-21T20:00:00Z 500 111.43
2026-09-21T20:00:00Z 200 59.61
2026-09-21T20:00:00Z 500 80.75
2026-09-21T20:00:00Z 404 182.52
2026-09-21T20:00:00Z 500 50.07
2026-09-21T20:00:00Z 200 41.91
2026-09-21T20:00:00Z 404 122.58
2026-09-21T20:00:00Z 200 159.96
2026-09-21T20:00:00Z 200 78.48
2026-09-21T20:00:00Z 200 53.34
2026-09-21T20:00:00Z 404 24.99
2026-09-21T20:00:00Z 404 81.92
2026-09-21T20:00:00Z 200 73.87
2026-09-21T20:00:00Z 500 65.56
2026-09-21T20:00:00Z 200 196.83
2026-09-21T20:00:00Z 200 11.20
2026-09-21T20:00:00Z 500 134.11
2026-09-21T20:00:00Z 200 74.12
2026-09-21T20:00:00Z 200 187.07
2026-09-21T20:00:00Z 200 18.07
2026-09-21T20:00:00Z 404 54.38
2026-09-21T20:00:00Z 500 13.13
2026-09-21T20:00:00Z 500 85.08
2026-09-21T20:00:00Z 200 122.78
2026-09-21T20:00:00Z 200 98.62
2026-09-21T20:00:00Z 200 112.64
2026-09-21T20:00:00Z 404 99.01
2026-09-21T20:00:00Z 200 72.48
2026-09-21T20:00:00Z 404 184.19
2026-09-21T20:00:00Z 500 158.42
2026-09-21T20:00:00Z 200 39.42
2026-09-21T20:00:00Z 200 60.87
2026-09-21T20:00:00Z 500 54.21
2026-09-21T20:00:00Z 200 184.21
2026-09-21T20:00:00Z 500 155.94
2026-09-21T20:00:00Z 404 63.91
2026-09-21T20:00:00Z 500 175.41
2026-09-21T20:00:00Z 200 98.55
2026-09-21T20:00:00Z 200 40.02
2026-09-21T20:00:00Z 500 58.19
2026-09-21T20:00:00Z 200 118.82
2026-09-21T20:00:00Z 200 72.00
2026-09-21T20:00:00Z 200 16.36
2026-09-21T20:00:00Z 200 133.24
2026-09-21T20:00:00Z 200 174.62
2026-09-21T20:00:00Z 200 107.89
2026-09-21T20:00:00Z 500 81.36
2026-09-21T20:00:00Z 200 39.85
2026-09-21T20:00:00Z 200 34.28
2026-09-21T20:00:00Z 200 40.29
2026-09-21T20:00:00Z 404 38.21
2026-09-21T20:00:00Z 500 63.60
2026-09-21T20:00:00Z 404 84.39
2026-09-21T20:00:00Z 404 103.74
2026-09-21T20:00:00Z 500 80.63
2026-09-21T20:00:00Z 404 119.54
2026-09-21T20:00:00Z 404 83.02
2026-09-21T20:00:00Z 404 26.89
2026-09-21T20:00:00Z 200 102.06
2026-09-21T20:00:00Z 200 120.78
2026-09-21T20:00:00Z 200 124.79
2026-09-21T20:00:00Z 404 194.44
2026-09-21T20:00:00Z 200 24.71
2026-09-21T20:00:00Z 500 25.73
2026-09-21T20:00:00Z 200 165.89
2026-09-21T20:00:00Z 200 179.92
2026-09-21T20:00:00Z 404 75.25
2026-09-21T20:00:00Z 500 25.47
2026-09-21T20:00:00Z 500 82.70
2026-09-21T20:00:00Z 500 59.43
2026-09-21T20:00:00Z 200 190.91
2026-09-21T20:00:00Z 404 13.46
2026-09-21T20:00:00Z 500 30.17
2026-09-21T20:00:00Z 200 28.31
2026-09-21T20:00:00Z 200 148.58
2026-09-21T20:00:00Z 404 153.68
2026-09-21T20:00:00Z 200 95.28
2026-09-21T20:00:00Z 200 192.63
2026-09-21T20:00:00Z 200 174.76
2026-09-21T20:00:00Z 404 197.75
2026-09-21T20:00:00Z 500 139.14
2026-09-21T20:00:00Z 404 173.87
2026-09-21T20:00:00Z 404 36.96
2026-09-21T20:00:00Z 404 126.24
2026-09-21T20:00:00Z 500 102.39
2026-09-21T20:00:00Z 200 64.91
2026-09-21T20:00:00Z 200 194.22
2026-09-21T20:00:00Z 200 89.08
2026-09-21T20:00:00Z 404 101.39
2026-09-21T20:00:00Z 200 79.78
2026-09-21T20:00:00Z 404 108.93
2026-09-21T20:00:00Z 200 49.41
2026-09-21T20:00:00Z 500 40.41
2026-09-21T20:00:00Z 500 128.92
2026-09-21T20:00:00Z 200 173.77
2026-09-21T20:00:00Z 200 101.81
2026-09-21T20:00:00Z 200 14.63
2026-09-21T20:00:00Z 200 142.37
2026-09-21T20:00:00Z 200 117.62
2026-09-21T20:00:00Z 404 48.69
2026-09-21T20:00:00Z 500 19.70
2026-09-21T20:00:00Z 200 170.68
2026-09-21T20:00:00Z 200 163.46
2026-09-21T20:00:00Z 200 172.59
2026-09-21T20:00:00Z 200 50.81
2026-09-21T20:00:00Z 500 170.10
2026-09-21T20:00:00Z 500 151.96
2026-09-21T20:00:00Z 404 177.31
2026-09-21T20:00:00Z 500 135.42
2026-09-21T20:00:00Z 200 78.38
2026-09-21T20:00:00Z 500 37.99
2026-09-21T20:00:00Z 200 71.15
2026-09-21T20:00:00Z 404 46.92
2026-09-21T20:00:00Z 500 197.78
2026-09-21T20:00:00Z 200 193.74
2026-09-21T20:00:00Z 200 52.28
2026-09-21T20:00:00Z 200 131.80
2026-09-21T20:00:00Z 200 118.25
2026-09-21T20:00:00Z 200 172.66
2026-09-21T20:00:00Z 200 183.98
2026-09-21T20:00:00Z 200 77.68
2026-09-21T20:00:00Z 200 58.50
2026-09-21T20:00:00Z 200 131.66
2026-09-21T20:00:00Z 200 70.14
2026-09-21T20:00:00Z 200 65.22
2026-09-21T20:00:00Z 200 196.69
2026-09-21T20:00:00Z 404 60.20
2026-09-21T20:00:00Z 200 34.16
2026-09-21T20:00:00Z 404 191.36
2026-09-21T20:00:00Z 200 171.53
2026-09-21T20:00:00Z 404 85.24
2026-09-21T20:00:00Z 200 194.34
2026-09-21T20:00:00Z 500 99.64
2026-09-21T20:00:00Z 200 147.81
2026-09-21T20:00:00Z 200 54.22
2026-09-21T20:00:00Z 404 95.35
2026-09-21T20:00:00Z 404 79.60
2026-09-21T20:00:00Z 200 192.49
2026-09-21T20:00:00Z 200 130.62
2026-09-21T20:00:00Z 500 192.63
2026-09-21T20:00:00Z 200 48.02
2026-09-21T20:00:00Z 200 54.19
2026-09-21T20:00:00Z 200 41.78
2026-09-21T20:00:00Z 404 158.68
2026-09-21T20:00:00Z 500 14.76
2026-09-21T20:00:00Z 500 105.68
2026-09-21T20:00:00Z 200 34.93
2026-09-21T20:00:00Z 500 171.56
2026-09-21T20:00:00Z 500 73.12
2026-09-21T20:00:00Z 200 119.40
2026-09-21T20:00:00Z 404 89.16
2026-09-21T20:00:00Z 200 127.84
2026-09-21T20:00:00Z 200 146.23
2026-09-21T20:00:00Z 404 199.61
2026-09-21T20:00:00Z 200 23.83
2026-09-21T20:00:00Z 200 64.14
2026-09-21T20:00:00Z 500 189.86
2026-09-21T20:00:00Z 200 133.36
2026-09-21T20:00:00Z 404 88.22
2026-09-21T20:00:00Z 200 94.69
2026-09-21T20:00:00Z 404 176.89
2026-09-21T20:00:00Z 200 169.35
2026-09-21T20:00:00Z 200 44.64
2026-09-21T20:00:00Z 200 162.36
2026-09-21T20:00:00Z 200 62.78
2026-09-21T20:00:00Z 404 161.60
2026-09-21T20:00:00Z 200 156.29
2026-09-21T20:00:00Z 500 16.41
2026-09-21T20:00:00Z 404 122.18
2026-09-21T20:00:00Z 200 31.40
2026-09-21T20:00:00Z 200 74.63
2026-09-21T20:00:00Z 200 190.53
2026-09-21T20:00:00Z 500 125.90
2026-09-21T20:00:00Z 500 111.24
2026-09-21T20:00:00Z 200 112.56
2026-09-21T20:00:00Z 404 43.01
2026-09-21T20:00:00Z 200 186.91
2026-09-21T20:00:00Z 404 126.40
2026-09-21T20:00:00Z 200 51.71
2026-09-21T20:00:00Z 200 135.97
2026-09-21T20:00:00Z 200 161.59
2026-09-21T20:00:00Z 200 71.59
2026-09-21T20:00:00Z 500 51.73
2026-09-21T20:00:00Z 404 130.22
2026-09-21T20:00:00Z 200 35.41
2026-09-21T20:00:00Z 200 144.84
2026-09-21T20:00:00Z 500 39.51
2026-09-21T20:00:00Z 200 144.81
2026-09-21T20:00:00Z 200 195.17
2026-09-21T20:00:00Z 200 198.40
2026-09-21T20:00:00Z 200 77.84
2026-09-21T20:00:00Z 404 52.44
2026-09-21T20:00:00Z 500 47.32
2026-09-21T20:00:00Z 500 91.99
2026-09-21T20:00:00Z 200 188.69
2026-09-21T20:00:00Z 200 160.62
2026-09-21T20:00:00Z 404 151.15
2026-09-21T20:00:00Z 500 142.29
2026-09-21T20:00:00Z 200 196.94
2026-09-21T20:00:00Z 200 116.56
2026-09-21T20:00:00Z 200 80.86
2026-09-21T20:00:00Z 200 96.10
2026-09-21T20:00:00Z 200 164.72
2026-09-21T20:00:00Z 404 151.02
2026-09-21T20:00:00Z 200 28.76
2026-09-21T20:00:00Z 500 108.37
2026-09-21T20:00:00Z 200 64.89
2026-09-21T20:00:00Z 200 42.96
2026-09-21T20:00:00Z 200 162.43
2026-09-21T20:00:00Z 404 61.89
2026-09-21T20:00:00Z 404 120.74
2026-09-21T20:00:00Z 200 55.72
2026-09-21T20:00:00Z 404 50.17
2026-09-21T20:00:00Z 500 31.96
2026-09-21T20:00:00Z 500 118.93
2026-09-21T20:00:00Z 200 193.38
2026-09-21T20:00:00Z 200 45.02
2026-09-21T20:00:00Z 404 109.09
2026-09-21T20:00:00Z 200 67.56
2026-09-21T20:00:00Z 200 137.06
2026-09-21T20:00:00Z 200 143.20
2026-09-21T20:00:00Z 200 109.84
2026-09-21T20:00:00Z 200 27.34
2026-09-21T20:00:00Z 404 77.44
2026-09-21T20:00:00Z 500 107.08
2026-09-21T20:00:00Z 200 75.89
2026-09-21T20:00:00Z 200 81.60
2026-09-21T20:00:00Z 200 180.87
2026-09-21T20:00:00Z 200 196.76
2026-09-21T20:00:00Z 500 51.49
2026-09-21T20:00:00Z 200 112.98
2026-09-21T20:00:00Z 200 151.69
2026-09-21T20:00:00Z 200 89.39
2026-09-21T20:00:00Z 200 70.92
2026-09-21T20:00:00Z 200 89.85
2026-09-21T20:00:00Z 200 96.00
2026-09-21T20:00:00Z 200 167.05
2026-09-21T20:00:00Z 200 166.70
2026-09-21T20:00:00Z 200 51.79
2026-09-21T20:00:00Z 500 68.51
2026-09-21T20:00:00Z 500 27.68
2026-09-21T20:00:00Z 500 176.15
2026-09-21T20:00:00Z 404 115.94
2026-09-21T20:00:00Z 200 146.06
2026-09-21T20:00:00Z 200 139.01
2026-09-21T20:00:00Z 200 149.50
2026-09-21T20:00:00Z 404 57.69
2026-09-21T20:00:00Z 404 89.52
2026-09-21T20:00:00Z 200 119.55
2026-09-21T20:00:00Z 200 191.92
2026-09-21T20:00:00Z 200 187.41
2026-09-21T20:00:00Z 200 45.98
2026-09-21T20:00:00Z 200 25.92
2026-09-21T20:00:00Z 200 121.31
2026-09-21T20:00:00Z 200 47.49
2026-09-21T20:00:00Z 200 91.98
2026-09-21T20:00:00Z 200 11.09
2026-09-21T20:00:00Z 500 94.76
2026-09-21T20:00:00Z 500 51.46
2026-09-21T20:00:00Z 404 53.11
2026-09-21T20:00:00Z 404 117.68
2026-09-21T20:00:00Z 500 75.75
2026-09-21T20:00:00Z 200 96.69
2026-09-21T20:00:00Z 404 110.26
2026-09-21T20:00:00Z 200 38.42
2026-09-21T20:00:00Z 200 33.83
2026-09-21T20:00:00Z 200 23.31
2026-09-21T20:00:00Z 404 111.31
2026-09-21T20:00:00Z 200 102.80
2026-09-21T20:00:00Z 404 23.07
2026-09-21T20:00:00Z 500 20.29
2026-09-21T20:00:00Z 500 61.11
2026-09-21T20:00:00Z 500 49.98
2026-09-21T20:00:00Z 200 21.16
2026-09-21T20:00:00Z 200 31.18
2026-09-21T20:00:00Z 200 199.79
2026-09-21T20:00:00Z 200 126.20
2026-09-21T20:00:00Z 200 74.98
2026-09-21T20:00:00Z 200 152.62
2026-09-21T20:00:00Z 200 94.88
2026-09-21T20:00:00Z 200 166.93
2026-09-21T20:00:00Z 200 173.09
2026-09-21T20:00:00Z 500 140.53
2026-09-21T20:00:00Z 500 26.86
2026-09-21T20:00:00Z 200 143.77
2026-09-21T20:00:00Z 200 64.61
2026-09-21T20:00:00Z 500 110.60
2026-09-21T20:00:00Z 200 184.46
2026-09-21T20:00:00Z 404 146.67
2026-09-21T20:00:00Z 200 56.65
2026-09-21T20:00:00Z 200 50.98
2026-09-21T20:00:00Z 404 137.76
2026-09-21T20:00:00Z 500 14.89
2026-09-21T20:00:00Z 200 61.66
2026-09-21T20:00:00Z 200 68.48
2026-09-21T20:00:00Z 200 142.03
2026-09-21T20:00:00Z 500 61.22
2026-09-21T20:00:00Z 404 188.36
2026-09-21T20:00:00Z 200 71.00
2026-09-21T20:00:00Z 200 115.75
2026-09-21T20:00:00Z 404 169.31
2026-09-21T20:00:00Z 200 105.21
2026-09-21T20:00:00Z 404 187.96
2026-09-21T20:00:00Z 404 89.69
2026-09-21T20:00:00Z 200 11.79
2026-09-21T20:00:00Z 500 135.62
2026-09-21T20:00:00Z 200 72.45
2026-09-21T20:00:00Z 404 49.31
2026-09-21T20:00:00Z 200 50.85
2026-09-21T20:00:00Z 200 23.87
2026-09-21T20:00:00Z 200 145.98
2026-09-21T20:00:00Z 200 139.37
2026-09-21T20:00:00Z 200 140.21
2026-09-21T20:00:00Z 200 157.14
2026-09-21T20:00:00Z 500 117.71
2026-09-21T20:00:00Z 200 62.65
2026-09-21T20:00:00Z 200 141.49
2026-09-21T20:00:00Z 500 50.52
2026-09-21T20:00:00Z 200 56.68
2026-09-21T20:00:00Z 500 173.48
2026-09-21T20:00:00Z 500 199.19
2026-09-21T20:00:00Z 200 167.31
2026-09-21T20:00:00Z 500 190.31
2026-09-21T20:00:00Z 200 124.95
2026-09-21T20:00:00Z 200 172.81
2026-09-21T20:00:00Z 200 161.42
2026-09-21T20:00:00Z 200 58.65
2026-09-21T20:00:00Z 500 138.32
2026-09-21T20:00:00Z 200 196.86
2026-09-21T20:00:00Z 200 72.78
2026-09-21T20:00:00Z 500 113.62
2026-09-21T20:00:00Z 200 178.97
2026-09-21T20:00:00Z 404 11.20
2026-09-21T20:00:00Z 404 55.33
2026-09-21T20:00:00Z 200 38.28
2026-09-21T20:00:00Z 200 32.35
2026-09-21T20:00:00Z 200 187.97
2026-09-21T20:00:00Z 500 59.20
2026-09-21T20:00:00Z 200 124.21
2026-09-21T20:00:00Z 200 130.11
2026-09-21T20:00:00Z 200 161.94
2026-09-21T20:00:00Z 200 89.23
2026-09-21T20:00:00Z 200 10.56
2026-09-21T20:00:00Z 200 133.04
2026-09-21T20:00:00Z 500 64.66
2026-09-21T20:00:00Z 200 77.21
2026-09-21T20:00:00Z 200 188.61
2026-09-21T20:00:00Z 200 79.34
2026-09-21T20:00:00Z 404 113.68
2026-09-21T20:00:00Z 200 199.67
2026-09-21T20:00:00Z 500 33.73
2026-09-21T20:00:00Z 404 61.42
2026-09-21T20:00:00Z 500 13.86
2026-09-21T20:00:00Z 200 156.63
2026-09-21T20:00:00Z 404 176.62
2026-09-21T20:00:00Z 500 48.81
2026-09-21T20:00:00Z 200 169.08
2026-09-21T20:00:00Z 404 185.53
2026-09-21T20:00:00Z 200 154.40
2026-09-21T20:00:00Z 200 147.80
2026-09-21T20:00:00Z 200 86.76
2026-09-21T20:00:00Z 200 78.52
2026-09-21T20:00:00Z 200 27.00
2026-09-21T20:00:00Z 200 48.17
2026-09-21T20:00:00Z 200 34.75
2026-09-21T20:00:00Z 200 172.96
2026-09-21T20:00:00Z 200 167.93
2026-09-21T20:00:00Z 200 165.16
2026-09-21T20:00:00Z 404 22.10
2026-09-21T20:00:00Z 200 100.02
2026-09-21T20:00:00Z 200 50.74
2026-09-21T20:00:00Z 200 57.26
2026-09-21T20:00:00Z 200 199.40
2026-09-21T20:00:00Z 200 128.82
2026-09-21T20:00:00Z 404 122.35
2026-09-21T20:00:00Z 200 162.33
2026-09-21T20:00:00Z 200 27.71
2026-09-21T20:00:00Z 200 110.77
2026-09-21T20:00:00Z 200 177.90
2026-09-21T20:00:00Z 404 173.20
2026-09-21T20:00:00Z 200 24.40
2026-09-21T20:00:00Z 500 51.39
2026-09-21T20:00:00Z 404 70.72
2026-09-21T20:00:00Z 200 153.23
2026-09-21T20:00:00Z 500 74.69
2026-09-21T20:00:00Z 200 125.69
2026-09-21T20:00:00Z 200 137.87
2026-09-21T20:00:00Z 200 194.64
2026-09-21T20:00:00Z 200 41.47
2026-09-21T20:00:00Z 500 71.77
2026-09-21T20:00:00Z 200 118.57
2026-09-21T20:00:00Z 200 72.77
2026-09-21T20:00:00Z 404 12.51
2026-09-21T20:00:00Z 404 92.04
2026-09-21T20:00:00Z 500 172.16
2026-09-21T20:00:00Z 200 148.39
2026-09-21T20:00:00Z 404 16.53
2026-09-21T20:00:00Z 200 139.36
2026-09-21T20:00:00Z 500 88.60
2026-09-21T20:00:00Z 200 193.79
2026-09-21T20:00:00Z 500 194.05
2026-09-21T20:00:00Z 404 133.18
2026-09-21T20:00:00Z 200 91.39
2026-09-21T20:00:00Z 200 75.84
2026-09-21T20:00:00Z 200 47.33
2026-09-21T20:00:00Z 200 82.80
2026-09-21T20:00:00Z 200 194.89
2026-09-21T20:00:00Z 200 74.75
2026-09-21T20:00:00Z 200 158.20
2026-09-21T20:00:00Z 404 142.72
2026-09-21T20:00:00Z 404 20.15
2026-09-21T20:00:00Z 200 70.27
2026-09-21T20:00:00Z 200 124.52
2026-09-21T20:00:00Z 500 153.50
2026-09-21T20:00:00Z 404 38.37
2026-09-21T20:00:00Z 200 148.15
2026-09-21T20:00:00Z 200 11.42
2026-09-21T20:00:00Z 200 140.81
2026-09-21T20:00:00Z 200 11.44
2026-09-21T20:00:00Z 200 164.00
2026-09-21T20:00:00Z 404 194.67
2026-09-21T20:00:00Z 200 117.96
2026-09-21T20:00:00Z 200 49.06
2026-09-21T20:00:00Z 200 161.89
2026-09-21T20:00:00Z 200 30.33
2026-09-21T20:00:00Z 500 16.73
2026-09-21T20:00:00Z 500 159.38
2026-09-21T20:00:00Z 200 159.37
2026-09-21T20:00:00Z 200 163.60
2026-09-21T20:00:00Z 200 97.75
2026-09-21T20:00:00Z 200 163.16
2026-09-21T20:00:00Z 200 41.16
2026-09-21T20:00:00Z 404 99.23
2026-09-21T20:00:00Z 200 138.90
2026-09-21T20:00:00Z 200 168.03
2026-09-21T20:00:00Z 200 132.97
2026-09-21T20:00:00Z 404 95.18
2026-09-21T20:00:00Z 500 178.73
2026-09-21T20:00:00Z 200 130.03
2026-09-21T20:00:00Z 500 64.58
2026-09-21T20:00:00Z 404 76.75
2026-09-21T20:00:00Z 500 183.84
2026-09-21T20:00:00Z 200 62.95
2026-09-21T20:00:00Z 200 20.01
2026-09-21T20:00:00Z 500 171.91
2026-09-21T20:00:00Z 200 156.61
2026-09-21T20:00:00Z 200 114.19
2026-09-21T20:00:00Z 200 118.44
2026-09-21T20:00:00Z 200 130.83
2026-09-21T20:00:00Z 500 76.27
2026-09-21T20:00:00Z 404 44.43
2026-09-21T20:00:00Z 200 190.85
2026-09-21T20:00:00Z 200 161.87
2026-09-21T20:00:00Z 200 105.76
2026-09-21T20:00:00Z 500 107.10
2026-09-21T20:00:00Z 500 13.03
2026-09-21T20:00:00Z 200 119.64
2026-09-21T20:00:00Z 200 152.02
2026-09-21T20:00:00Z 404 70.74
2026-09-21T20:00:00Z 200 50.31
2026-09-21T20:00:00Z 200 166.93
2026-09-21T20:00:00Z 200 133.63
2026-09-21T20:00:00Z 200 63.29
2026-09-21T20:00:00Z 200 135.15
2026-09-21T20:00:00Z 500 167.76
2026-09-21T20:00:00Z 404 45.96
2026-09-21T20:00:00Z 200 138.34
2026-09-21T20:00:00Z 500 89.23
2026-09-21T20:00:00Z 200 74.45
2026-09-21T20:00:00Z 200 56.06
2026-09-21T20:00:00Z 200 79.48
2026-09-21T20:00:00Z 200 159.34
2026-09-21T20:00:00Z 200 102.70
2026-09-21T20:00:00Z 200 89.60
2026-09-21T20:00:00Z 404 196.07
2026-09-21T20:00:00Z 200 84.11
2026-09-21T20:00:00Z 200 150.23
2026-09-21T20:00:00Z 200 15.16
2026-09-21T20:00:00Z 200 26.94
2026-09-21T20:00:00Z 500 125.65
2026-09-21T20:00:00Z 200 166.41
2026-09-21T20:00:00Z 200 130.07
2026-09-21T20:00:00Z 500 122.14
2026-09-21T20:00:00Z 200 57.66
2026-09-21T20:00:00Z 200 119.52
2026-09-21T20:00:00Z 200 75.64
2026-09-21T20:00:00Z 404 68.99
2026-09-21T20:00:00Z 200 90.31
2026-09-21T20:00:00Z 500 81.10
2026-09-21T20:00:00Z 200 68.90
2026-09-21T20:00:00Z 404 150.34
2026-09-21T20:00:00Z 200 39.39
2026-09-21T20:00:00Z 500 180.08
2026-09-21T20:00:00Z 500 142.06
2026-09-21T20:00:00Z 200 126.16
2026-09-21T20:00:00Z 500 103.25
2026-09-21T20:00:00Z 500 35.90
2026-09-21T20:00:00Z 404 139.67
2026-09-21T20:00:00Z 500 48.34
2026-09-21T20:00:00Z 404 20.97
2026-09-21T20:00:00Z 200 77.48
2026-09-21T20:00:00Z 200 150.13
2026-09-21T20:00:00Z 200 47.85
2026-09-21T20:00:00Z 200 97.16
2026-09-21T20:00:00Z 500 29.81
2026-09-21T20:00:00Z 200 10.39
2026-09-21T20:00:00Z 200 49.93
2026-09-21T20:00:00Z 200 10.12
2026-09-21T20:00:00Z 200 197.32
2026-09-21T20:00:00Z 200 136.33
2026-09-21T20:00:00Z 200 198.67
2026-09-21T20:00:00Z 500 47.64
2026-09-21T20:00:00Z 200 28.12
2026-09-21T20:00:00Z 200 82.30
2026-09-21T20:00:00Z 200 56.18
2026-09-21T20:00:00Z 200 195.63
2026-09-21T20:00:00Z 200 127.72
2026-09-21T20:00:00Z 500 23.10
2026-09-21T20:00:00Z 200 124.12
2026-09-21T20:00:00Z 500 46.99
2026-09-21T20:00:00Z 404 26.54
2026-09-21T20:00:00Z 404 51.63
2026-09-21T20:00:00Z 200 154.08
2026-09-21T20:00:00Z 500 58.61
2026-09-21T20:00:00Z 200 145.39
2026-09-21T20:00:00Z 500 115.26
2026-09-21T20:00:00Z 200 100.17
2026-09-21T20:00:00Z 200 62.49
2026-09-21T20:00:00Z 200 198.89
2026-09-21T20:00:00Z 200 157.13
2026-09-21T20:00:00Z 200 43.09
2026-09-21T20:00:00Z 200 139.64
2026-09-21T20:00:00Z 200 197.58
2026-09-21T20:00:00Z 200 124.94
2026-09-21T20:00:00Z 200 136.76
2026-09-21T20:00:00Z 500 177.02
2026-09-21T20:00:00Z 500 74.38
2026-09-21T20:00:00Z 200 118.52
2026-09-21T20:00:00Z 200 168.94
2026-09-21T20:00:00Z 200 191.89
2026-09-21T20:00:00Z 200 135.05
2026-09-21T20:00:00Z 200 73.13
2026-09-21T20:00:00Z 200 120.45
2026-09-21T20:00:00Z 200 96.23
2026-09-21T20:00:00Z 404 97.24
2026-09-21T20:00:00Z 500 72.86
2026-09-21T20:00:00Z 200 29.10
2026-09-21T20:00:00Z 200 40.88
2026-09-21T20:00:00Z 200 120.08
2026-09-21T20:00:00Z 404 46.47
2026-09-21T20:00:00Z 200 82.95
2026-09-21T20:00:00Z 200 131.45
2026-09-21T20:00:00Z 200 191.86
2026-09-21T20:00:00Z 200 122.20
2026-09-21T20:00:00Z 200 76.26
2026-09-21T20:00:00Z 404 53.77
2026-09-21T20:00:00Z 200 59.25
2026-09-21T20:00:00Z 500 105.75
2026-09-21T20:00:00Z 200 94.23
2026-09-21T20:00:00Z 200 111.74
2026-09-21T20:00:00Z 200 29.31
2026-09-21T20:00:00Z 404 11.35
2026-09-21T20:00:00Z 200 191.84
2026-09-21T20:00:00Z 404 124.25
2026-09-21T20:00:00Z 200 169.41
2026-09-21T20:00:00Z 500 73.29
2026-09-21T20:00:00Z 404 76.91
2026-09-21T20:00:00Z 200 106.02
2026-09-21T20:00:00Z 200 124.14
2026-09-21T20:00:00Z 404 176.88
2026-09-21T20:00:00Z 200 129.82
2026-09-21T20:00:00Z 500 54.18
2026-09-21T20:00:00Z 500 192.69
2026-09-21T20:00:00Z 200 98.02
2026-09-21T20:00:00Z 500 65.44
2026-09-21T20:00:00Z 200 143.37
2026-09-21T20:00:00Z 404 99.32
2026-09-21T20:00:00Z 200 134.13
2026-09-21T20:00:00Z 200 16.19
2026-09-21T20:00:00Z 200 123.07
2026-09-21T20:00:00Z 404 154.71
2026-09-21T20:00:00Z 404 148.61
2026-09-21T20:00:00Z 500 122.71
2026-09-21T20:00:00Z 500 51.96
2026-09-21T20:00:00Z 200 42.04
2026-09-21T20:00:00Z 200 39.41
2026-09-21T20:00:00Z 200 106.58
2026-09-21T20:00:00Z 200 113.44
2026-09-21T20:00:00Z 200 153.53
2026-09-21T20:00:00Z 200 59.66
2026-09-21T20:00:00Z 500 191.33
2026-09-21T20:00:00Z 500 112.89
2026-09-21T20:00:00Z 200 105.86
2026-09-21T20:00:00Z 200 62.03
2026-09-21T20:00:00Z 404 105.00
2026-09-21T20:00:00Z 500 83.49
2026-09-21T20:00:00Z 200 165.92
2026-09-21T20:00:00Z 200 152.03
2026-09-21T20:00:00Z 500 49.54
2026-09-21T20:00:00Z 200 61.60
2026-09-21T20:00:00Z 200 40.66
2026-09-21T20:00:00Z 200 82.83
2026-09-21T20:00:00Z 200 166.38
2026-09-21T20:00:00Z 500 104.03
2026-09-21T20:00:00Z 200 18.42
2026-09-21T20:00:00Z 200 197.66
2026-09-21T20:00:00Z 500 110.73
2026-09-21T20:00:00Z 500 44.17
2026-09-21T20:00:00Z 200 45.36
2026-09-21T20:00:00Z 404 104.65
2026-09-21T20:00:00Z 200 127.49
2026-09-21T20:00:00Z 200 179.92
2026-09-21T20:00:00Z 500 97.17
2026-09-21T20:00:00Z 200 194.33
2026-09-21T20:00:00Z 200 30.27
2026-09-21T20:00:00Z 200 33.46
2026-09-21T20:00:00Z 404 46.22
2026-09-21T20:00:00Z 200 13.58
2026-09-21T20:00:00Z 200 107.99
2026-09-21T20:00:00Z 500 79.50
2026-09-21T20:00:00Z 200 20.33
2026-09-21T20:00:00Z 200 65.20
2026-09-21T20:00:00Z 200 22.49
2026-09-21T20:00:00Z 200 171.02
2026-09-21T20:00:00Z 200 173.10
2026-09-21T20:00:00Z 200 148.98
2026-09-21T20:00:00Z 404 178.11
2026-09-21T20:00:00Z 200 145.39
2026-09-21T20:00:00Z 200 117.94
2026-09-21T20:00:00Z 500 37.76
2026-09-21T20:00:00Z 200 92.36
2026-09-21T20:00:00Z 404 159.53
2026-09-21T20:00:00Z 200 12.00
2026-09-21T20:00:00Z 404 129.29
2026-09-21T20:00:00Z 200 15.31
2026-09-21T20:00:00Z 404 112.93
2026-09-21T20:00:00Z 404 53.91
2026-09-21T20:00:00Z 200 134.08
2026-09-21T20:00:00Z 404 150.96
2026-09-21T20:00:00Z 200 188.95
2026-09-21T20:00:00Z 200 145.07
2026-09-21T20:00:00Z 200 33.58
2026-09-21T20:00:00Z 200 30.66
2026-09-21T20:00:00Z 200 55.34
2026-09-21T20:00:00Z 200 57.54
2026-09-21T20:00:00Z 200 86.25
2026-09-21T20:00:00Z 200 85.83
2026-09-21T20:00:00Z 200 18.13
2026-09-21T20:00:00Z 404 161.37
2026-09-21T20:00:00Z 404 192.59
2026-09-21T20:00:00Z 200 191.85
2026-09-21T20:00:00Z 500 40.24
2026-09-21T20:00:00Z 200 30.52
2026-09-21T20:00:00Z 200 194.12
2026-09-21T20:00:00Z 200 22.69
2026-09-21T20:00:00Z 404 187.58
2026-09-21T20:00:00Z 500 197.55
2026-09-21T20:00:00Z 404 132.49
2026-09-21T20:00:00Z 200 40.03
2026-09-21T20:00:00Z 200 163.01
2026-09-21T20:00:00Z 200 155.87
2026-09-21T20:00:00Z 200 96.78
2026-09-21T20:00:00Z 200 165.83
2026-09-21T20:00:00Z 500 187.58
2026-09-21T20:00:00Z 200 177.74
2026-09-21T20:00:00Z 200 10.14
2026-09-21T20:00:00Z 500 159.62
2026-09-21T20:00:00Z 200 124.34
2026-09-21T20:00:00Z 404 116.46
2026-09-21T20:00:00Z 200 55.13
2026-09-21T20:00:00Z 200 132.90
2026-09-21T20:00:00Z 200 11.72
2026-09-21T20:00:00Z 500 26.23
2026-09-21T20:00:00Z 200 199.91
2026-09-21T20:00:00Z 200 121.74
2026-09-21T20:00:00Z 200 181.14
2026-09-21T20:00:00Z 200 94.71
2026-09-21T20:00:00Z 500 148.96
2026-09-21T20:00:00Z 200 146.73
2026-09-21T20:00:00Z 200 114.47
2026-09-21T20:00:00Z 404 88.95
2026-09-21T20:00:00Z 200 27.48
2026-09-21T20:00:00Z 200 86.80
2026-09-21T20:00:00Z 404 129.27
2026-09-21T20:00:00Z 200 109.28
2026-09-21T20:00:00Z 200 39.29
2026-09-21T20:00:00Z 404 105.68
2026-09-21T20:00:00Z 500 59.35
2026-09-21T20:00:00Z 200 25.53
2026-09-21T20:00:00Z 200 166.77
2026-09-21T20:00:00Z 200 106.19
2026-09-21T20:00:00Z 200 136.72
2026-09-21T20:00:00Z 200 121.49
2026-09-21T20:00:00Z 200 180.36
2026-09-21T20:00:00Z 200 190.24
2026-09-21T20:00:00Z 200 119.24
2026-09-21T20:00:00Z 500 10.28
2026-09-21T20:00:00Z 200 121.53
2026-09-21T20:00:00Z 200 196.12
2026-09-21T20:00:00Z 404 167.33
2026-09-21T20:00:00Z 200 119.44
2026-09-21T20:00:00Z 404 76.02
2026-09-21T20:00:00Z 404 61.46
2026-09-21T20:00:00Z 200 189.50
2026-09-21T20:00:00Z 200 28.09
2026-09-21T20:00:00Z 200 18.20
2026-09-21T20:00:00Z 404 109.61
2026-09-21T20:00:00Z 200 151.04
2026-09-21T20:00:00Z 500 173.75
2026-09-21T20:00:00Z 200 147.71
2026-09-21T20:00:00Z 200 114.68
2026-09-21T20:00:00Z 200 65.01
2026-09-21T20:00:00Z 200 154.32
2026-09-21T20:00:00Z 404 34.25
2026-09-21T20:00:00Z 200 194.09
2026-09-21T20:00:00Z 404 193.98
2026-09-21T20:00:00Z 200 164.86
2026-09-21T20:00:00Z 500 156.28
2026-09-21T20:00:00Z 200 52.42
2026-09-21T20:00:00Z 500 56.99
2026-09-21T20:00:00Z 500 43.46
2026-09-21T20:00:00Z 500 156.16
2026-09-21T20:00:00Z 404 103.86
2026-09-21T20:00:00Z 200 132.75
2026-09-21T20:00:00Z 200 166.24
2026-09-21T20:00:00Z 500 193.69
2026-09-21T20:00:00Z 500 145.50
2026-09-21T20:00:00Z 500 31.51
2026-09-21T20:00:00Z 200 61.86
2026-09-21T20:00:00Z 200 83.62
2026-09-21T20:00:00Z 200 175.38
2026-09-21T20:00:00Z 200 78.51
2026-09-21T20:00:00Z 200 94.87
2026-09-21T20:00:00Z 500 89.90
2026-09-21T20:00:00Z 500 11.46
2026-09-21T20:00:00Z 200 161.68
2026-09-21T20:00:00Z 200 110.23
2026-09-21T20:00:00Z 200 121.54
2026-09-21T20:00:00Z 200 26.68
2026-09-21T20:00:00Z 200 63.59
2026-09-21T20:00:00Z 200 17.21
2026-09-21T20:00:00Z 404 186.62
2026-09-21T20:00:00Z 200 109.89
2026-09-21T20:00:00Z 200 150.42
2026-09-21T20:00:00Z 200 176.40
2026-09-21T20:00:00Z 500 74.52
2026-09-21T20:00:00Z 200 86.61
2026-09-21T20:00:00Z 404 137.12
2026-09-21T20:00:00Z 200 50.99
2026-09-21T20:00:00Z 500 164.76
2026-09-21T20:00:00Z 200 53.98
2026-09-21T20:00:00Z 200 40.68
2026-09-21T20:00:00Z 200 162.77
2026-09-21T20:00:00Z 500 60.07
2026-09-21T20:00:00Z 200 29.00
2026-09-21T20:00:00Z 200 15.78
2026-09-21T20:00:00Z 200 13.25
2026-09-21T20:00:00Z 200 41.72
2026-09-21T20:00:00Z 200 195.75
2026-09-21T20:00:00Z 200 94.18
2026-09-21T20:00:00Z 200 110.30
2026-09-21T20:00:00Z 500 44.29
2026-09-21T20:00:00Z 200 80.47
2026-09-21T20:00:00Z 200 43.18
2026-09-21T20:00:00Z 404 50.55
2026-09-21T20:00:00Z 404 99.23
2026-09-21T20:00:00Z 404 172.85
2026-09-21T20:00:00Z 404 108.07
2026-09-21T20:00:00Z 404 127.02
2026-09-21T20:00:00Z 404 137.72
2026-09-21T20:00:00Z 500 38.81
2026-09-21T20:00:00Z 200 51.94
2026-09-21T20:00:00Z 500 74.83
2026-09-21T20:00:00Z 200 38.85
2026-09-21T20:00:00Z 200 143.45
2026-09-21T20:00:00Z 200 51.19
2026-09-21T20:00:00Z 200 169.16
2026-09-21T20:00:00Z 404 178.27
2026-09-21T20:00:00Z 500 49.04
2026-09-21T20:00:00Z 200 103.47
2026-09-21T20:00:00Z 500 149.74
2026-09-21T20:00:00Z 200 67.87
2026-09-21T20:00:00Z 404 176.90
2026-09-21T20:00:00Z 200 27.85
2026-09-21T20:00:00Z 500 107.60
2026-09-21T20:00:00Z 500 59.72
2026-09-21T20:00:00Z 404 113.51
2026-09-21T20:00:00Z 200 189.66
2026-09-21T20:00:00Z 500 38.60
2026-09-21T20:00:00Z 404 61.52
2026-09-21T20:00:00Z 200 79.56
2026-09-21T20:00:00Z 200 15.67
2026-09-21T20:00:00Z 200 16.05
2026-09-21T20:00:00Z 404 139.91
2026-09-21T20:00:00Z 200 42.63
2026-09-21T20:00:00Z 200 167.52
2026-09-21T20:00:00Z 200 142.25
2026-09-21T20:00:00Z 404 46.99
2026-09-21T20:00:00Z 500 119.85
2026-09-21T20:00:00Z 500 68.62
2026-09-21T20:00:00Z 404 193.64
2026-09-21T20:00:00Z 200 103.73
2026-09-21T20:00:00Z 200 155.02
2026-09-21T20:00:00Z 404 35.67
2026-09-21T20:00:00Z 500 76.24
2026-09-21T20:00:00Z 200 92.31
2026-09-21T20:00:00Z 500 67.93
2026-09-21T20:00:00Z 500 194.07
2026-09-21T20:00:00Z 200 190.02
2026-09-21T20:00:00Z 500 53.38
2026-09-21T20:00:00Z 200 138.08
2026-09-21T20:00:00Z 404 56.09
2026-09-21T20:00:00Z 500 187.99
2026-09-21T20:00:00Z 200 36.59
2026-09-21T20:00:00Z 200 156.20
2026-09-21T20:00:00Z 500 68.21
2026-09-21T20:00:00Z 200 198.66
2026-09-21T20:00:00Z 500 186.37
2026-09-21T20:00:00Z 500 169.66
2026-09-21T20:00:00Z 404 27.39
2026-09-21T20:00:00Z 500 21.16
2026-09-21T20:00:00Z 200 22.99
2026-09-21T20:00:00Z 200 26.10
2026-09-21T20:00:00Z 200 59.01
2026-09-21T20:00:00Z 200 138.17
2026-09-21T20:00:00Z 404 72.24
2026-09-21T20:00:00Z 200 127.45
2026-09-21T20:00:00Z 500 27.39
2026-09-21T20:00:00Z 500 50.74
2026-09-21T20:00:00Z 200 107.75
2026-09-21T20:00:00Z 200 197.90
2026-09-21T20:00:00Z 200 142.89
2026-09-21T20:00:00Z 200 160.60
2026-09-21T20:00:00Z 404 166.99
2026-09-21T20:00:00Z 200 100.10
2026-09-21T20:00:00Z 200 71.94
2026-09-21T20:00:00Z 404 177.06
2026-09-21T20:00:00Z 200 176.00
2026-09-21T20:00:00Z 404 73.11
2026-09-21T20:00:00Z 200 112.41
2026-09-21T20:00:00Z 404 137.83
2026-09-21T20:00:00Z 200 133.45
2026-09-21T20:00:00Z 200 17.53
2026-09-21T20:00:00Z 200 90.06
2026-09-21T20:00:00Z 500 181.32
2026-09-21T20:00:00Z 200 197.17
2026-09-21T20:00:00Z 404 118.46
2026-09-21T20:00:00Z 500 130.96
2026-09-21T20:00:00Z 200 170.80
2026-09-21T20:00:00Z 200 124.09
2026-09-21T20:00:00Z 200 99.45
2026-09-21T20:00:00Z 200 171.34
2026-09-21T20:00:00Z 200 180.04
2026-09-21T20:00:00Z 500 39.57
2026-09-21T20:00:00Z 200 10.77
2026-09-21T20:00:00Z 200 37.07
2026-09-21T20:00:00Z 500 180.58
2026-09-21T20:00:00Z 500 145.12
2026-09-21T20:00:00Z 404 168.01
2026-09-21T20:00:00Z 500 192.07
2026-09-21T20:00:00Z 200 74.19
2026-09-21T20:00:00Z 500 100.35
2026-09-21T20:00:00Z 200 65.46
2026-09-21T20:00:00Z 200 23.12
2026-09-21T20:00:00Z 200 53.97
2026-09-21T20:00:00Z 200 177.81
2026-09-21T20:00:00Z 500 108.70
2026-09-21T20:00:00Z 404 78.73
2026-09-21T20:00:00Z 404 187.70
2026-09-21T20:00:00Z 404 172.79
2026-09-21T20:00:00Z 500 102.63
2026-09-21T20:00:00Z 500 178.99
2026-09-21T20:00:00Z 404 105.63
2026-09-21T20:00:00Z 404 149.37
2026-09-21T20:00:00Z 200 92.40
2026-09-21T20:00:00Z 200 179.70
2026-09-21T20:00:00Z 404 105.79
2026-09-21T20:00:00Z 500 122.43
2026-09-21T20:00:00Z 200 28.69
2026-09-21T20:00:00Z 500 169.26
2026-09-21T20:00:00Z 404 181.23
2026-09-21T20:00:00Z 404 33.38
2026-09-21T20:00:00Z 500 120.33
2026-09-21T20:00:00Z 404 184.29
2026-09-21T20:00:00Z 500 196.55
2026-09-21T20:00:00Z 200 151.80
2026-09-21T20:00:00Z 500 132.86
2026-09-21T20:00:00Z 404 199.08
2026-09-21T20:00:00Z 200 75.69
2026-09-21T20:00:00Z 404 28.08
2026-09-21T20:00:00Z 500 86.27
2026-09-21T20:00:00Z 404 103.01
2026-09-21T20:00:00Z 200 122.10
2026-09-21T20:00:00Z 200 197.43
2026-09-21T20:00:00Z 404 111.00
2026-09-21T20:00:00Z 500 128.64
2026-09-21T20:00:00Z 404 165.10
2026-09-21T20:00:00Z 500 21.06
2026-09-21T20:00:00Z 200 54.66
2026-09-21T20:00:00Z 200 162.56
2026-09-21T20:00:00Z 500 173.29
2026-09-21T20:00:00Z 404 52.41
2026-09-21T20:00:00Z 500 148.22
2026-09-21T20:00:00Z 200 164.16
2026-09-21T20:00:00Z 200 59.46
2026-09-21T20:00:00Z 404 153.69
2026-09-21T20:00:00Z 500 95.82
2026-09-21T20:00:00Z 200 68.91
2026-09-21T20:00:00Z 200 124.48
2026-09-21T20:00:00Z 200 86.32
2026-09-21T20:00:00Z 404 135.58
2026-09-21T20:00:00Z 200 147.70
2026-09-21T20:00:00Z 200 80.77
2026-09-21T20:00:00Z 200 117.91
2026-09-21T20:00:00Z 404 133.85
2026-09-21T20:00:00Z 200 173.18
2026-09-21T20:00:00Z 200 92.60
2026-09-21T20:00:00Z 200 120.84
2026-09-21T20:00:00Z 404 54.00
2026-09-21T20:00:00Z 200 153.35
2026-09-21T20:00:00Z 200 65.42
2026-09-21T20:00:00Z 200 85.57
2026-09-21T20:00:00Z 200 116.44
2026-09-21T20:00:00Z 500 179.80
2026-09-21T20:00:00Z 200 116.89
2026-09-21T20:00:00Z 200 53.03
2026-09-21T20:00:00Z 404 179.96
2026-09-21T20:00:00Z 500 26.35
2026-09-21T20:00:00Z 200 66.38
2026-09-21T20:00:00Z 200 48.62
2026-09-21T20:00:00Z 200 117.95
2026-09-21T20:00:00Z 200 155.42
2026-09-21T20:00:00Z 200 175.13
2026-09-21T20:00:00Z 500 135.93
2026-09-21T20:00:00Z 200 85.97
2026-09-21T20:00:00Z 404 191.81
2026-09-21T20:00:00Z 200 16.62
2026-09-21T20:00:00Z 200 47.70
2026-09-21T20:00:00Z 200 52.40
2026-09-21T20:00:00Z 200 90.06
2026-09-21T20:00:00Z 200 167.01
2026-09-21T20:00:00Z 200 85.40
2026-09-21T20:00:00Z 200 153.73
2026-09-21T20:00:00Z 200 101.22
2026-09-21T20:00:00Z 200 125.90
2026-09-21T20:00:00Z 500 88.63
2026-09-21T20:00:00Z 500 137.50
2026-09-21T20:00:00Z 200 64.55
2026-09-21T20:00:00Z 200 188.05
2026-09-21T20:00:00Z 200 127.22
2026-09-21T20:00:00Z 200 11.41
2026-09-21T20:00:00Z 200 87.15
2026-09-21T20:00:00Z 404 148.45
2026-09-21T20:00:00Z 200 88.41
2026-09-21T20:00:00Z 200 117.97
2026-09-21T20:00:00Z 500 158.51
2026-09-21T20:00:00Z 200 26.90
2026-09-21T20:00:00Z 500 84.77
2026-09-21T20:00:00Z 500 73.59
2026-09-21T20:00:00Z 200 74.14
2026-09-21T20:00:00Z 200 92.69
2026-09-21T20:00:00Z 200 43.69
2026-09-21T20:00:00Z 200 186.54
2026-09-21T20:00:00Z 200 83.72
2026-09-21T20:00:00Z 200 36.30
2026-09-21T20:00:00Z 200 115.13
2026-09-21T20:00:00Z 200 52.90
2026-09-21T20:00:00Z 200 148.21
2026-09-21T20:00:00Z 200 68.10
2026-09-21T20:00:00Z 200 198.46
2026-09-21T20:00:00Z 200 66.39
2026-09-21T20:00:00Z 200 86.00
2026-09-21T20:00:00Z 200 134.22
2026-09-21T20:00:00Z 404 140.84
2026-09-21T20:00:00Z 200 44.53
2026-09-21T20:00:00Z 200 34.26
2026-09-21T20:00:00Z 200 154.02
2026-09-21T20:00:00Z 200 102.67
2026-09-21T20:00:00Z 200 56.96
2026-09-21T20:00:00Z 404 13.91
2026-09-21T20:00:00Z 404 65.67
2026-09-21T20:00:00Z 500 29.12
2026-09-21T20:00:00Z 200 108.98
2026-09-21T20:00:00Z 200 94.13
2026-09-21T20:00:00Z 500 89.03
2026-09-21T20:00:00Z 200 112.21
2026-09-21T20:00:00Z 500 77.70
2026-09-21T20:00:00Z 404 134.80
2026-09-21T20:00:00Z 200 165.95
2026-09-21T20:00:00Z 200 92.77
2026-09-21T20:00:00Z 200 124.89
2026-09-21T20:00:00Z 500 136.06
2026-09-21T20:00:00Z 200 147.37
2026-09-21T20:00:00Z 200 93.41
2026-09-21T20:00:00Z 200 123.67
2026-09-21T20:00:00Z 200 150.32
2026-09-21T20:00:00Z 200 54.15
2026-09-21T20:00:00Z 200 13.53
2026-09-21T20:00:00Z 200 112.26
2026-09-21T20:00:00Z 200 177.49
2026-09-21T20:00:00Z 404 183.56
2026-09-21T20:00:00Z 200 99.78
2026-09-21T20:00:00Z 500 113.39
2026-09-21T20:00:00Z 200 71.16
2026-09-21T20:00:00Z 404 182.82
2026-09-21T20:00:00Z 200 100.79
2026-09-21T20:00:00Z 200 86.98
2026-09-21T20:00:00Z 500 135.60
2026-09-21T20:00:00Z 200 179.09
2026-09-21T20:00:00Z 500 174.62
2026-09-21T20:00:00Z 404 129.34
2026-09-21T20:00:00Z 200 118.59
2026-09-21T20:00:00Z 500 27.80
2026-09-21T20:00:00Z 500 194.07
2026-09-21T20:00:00Z 200 92.99
2026-09-21T20:00:00Z 200 191.57
2026-09-21T20:00:00Z 200 111.85
2026-09-21T20:00:00Z 200 172.55
2026-09-21T20:00:00Z 200 43.06
2026-09-21T20:00:00Z 404 125.42
2026-09-21T20:00:00Z 404 167.16
2026-09-21T20:00:00Z 200 23.60
2026-09-21T20:00:00Z 500 59.65
2026-09-21T20:00:00Z 500 119.21
2026-09-21T20:00:00Z 500 165.25
2026-09-21T20:00:00Z 200 84.82
2026-09-21T20:00:00Z 200 181.58
2026-09-21T20:00:00Z 200 23.69
2026-09-21T20:00:00Z 200 195.59
2026-09-21T20:00:00Z 200 88.59
2026-09-21T20:00:00Z 404 14.32
2026-09-21T20:00:00Z 200 14.12
2026-09-21T20:00:00Z 200 195.93
2026-09-21T20:00:00Z 500 162.36
2026-09-21T20:00:00Z 200 19.19
2026-09-21T20:00:00Z 500 172.73
2026-09-21T20:00:00Z 200 102.95
2026-09-21T20:00:00Z 200 63.18
2026-09-21T20:00:00Z 404 181.97
2026-09-21T20:00:00Z 200 172.10
2026-09-21T20:00:00Z 404 129.93
2026-09-21T20:00:00Z 200 25.98
2026-09-21T20:00:00Z 200 30.51
2026-09-21T20:00:00Z 200 97.45
2026-09-21T20:00:00Z 404 62.84
2026-09-21T20:00:00Z 200 169.49
2026-09-21T20:00:00Z 200 89.21
2026-09-21T20:00:00Z 500 167.17
2026-09-21T20:00:00Z 500 45.78
2026-09-21T20:00:00Z 200 28.37
2026-09-21T20:00:00Z 404 10.40
2026-09-21T20:00:00Z 200 147.94
2026-09-21T20:00:00Z 200 165.46
2026-09-21T20:00:00Z 200 21.66
2026-09-21T20:00:00Z 200 55.01
2026-09-21T20:00:00Z 200 154.73
2026-09-21T20:00:00Z 200 132.72
2026-09-21T20:00:00Z 404 185.91
2026-09-21T20:00:00Z 500 198.07
2026-09-21T20:00:00Z 200 188.95
2026-09-21T20:00:00Z 200 43.84
2026-09-21T20:00:00Z 500 15.98
2026-09-21T20:00:00Z 200 158.65
2026-09-21T20:00:00Z 404 158.93
2026-09-21T20:00:00Z 404 151.75
2026-09-21T20:00:00Z 200 187.25
2026-09-21T20:00:00Z 200 188.04
2026-09-21T20:00:00Z 404 81.68
2026-09-21T20:00:00Z 200 198.14
2026-09-21T20:00:00Z 200 43.11
2026-09-21T20:00:00Z 200 183.33
2026-09-21T20:00:00Z 500 155.73
2026-09-21T20:00:00Z 200 192.65
2026-09-21T20:00:00Z 404 145.96
2026-09-21T20:00:00Z 200 117.49
2026-09-21T20:00:00Z 200 46.41
2026-09-21T20:00:00Z 200 172.80
2026-09-21T20:00:00Z 404 157.82
2026-09-21T20:00:00Z 200 159.00
2026-09-21T20:00:00Z 500 54.60
2026-09-21T20:00:00Z 200 81.56
2026-09-21T20:00:00Z 200 153.36
2026-09-21T20:00:00Z 404 91.00
2026-09-21T20:00:00Z 404 84.17
2026-09-21T20:00:00Z 500 191.12
2026-09-21T20:00:00Z 200 22.48
2026-09-21T20:00:00Z 200 184.98
2026-09-21T20:00:00Z 200 85.36
2026-09-21T20:00:00Z 200 75.15
2026-09-21T20:00:00Z 404 123.31
2026-09-21T20:00:00Z 200 73.51
2026-09-21T20:00:00Z 200 123.14
2026-09-21T20:00:00Z 200 192.93
2026-09-21T20:00:00Z 200 104.38
2026-09-21T20:00:00Z 200 135.48
2026-09-21T20:00:00Z 200 92.56
2026-09-21T20:00:00Z 200 120.54
2026-09-21T20:00:00Z 200 174.09
2026-09-21T20:00:00Z 404 26.79
2026-09-21T20:00:00Z 404 74.95
2026-09-21T20:00:00Z 404 132.03
2026-09-21T20:00:00Z 200 96.56
2026-09-21T20:00:00Z 500 159.96
2026-09-21T20:00:00Z 200 66.96
2026-09-21T20:00:00Z 404 11.64
2026-09-21T20:00:00Z 404 16.90
2026-09-21T20:00:00Z 200 16.68
2026-09-21T20:00:00Z 200 38.18
2026-09-21T20:00:00Z 404 141.88
2026-09-21T20:00:00Z 500 199.53
2026-09-21T20:00:00Z 200 62.14
2026-09-21T20:00:00Z 404 169.22
2026-09-21T20:00:00Z 200 185.78
2026-09-21T20:00:00Z 200 40.72
2026-09-21T20:00:00Z 200 183.46
2026-09-21T20:00:00Z 200 111.25
2026-09-21T20:00:00Z 200 152.10
2026-09-21T20:00:00Z 404 93.29
2026-09-21T20:00:00Z 500 62.80
2026-09-21T20:00:00Z 404 166.36
2026-09-21T20:00:00Z 200 33.88
2026-09-21T20:00:00Z 200 88.11
2026-09-21T20:00:00Z 200 99.02
2026-09-21T20:00:00Z 200 22.76
2026-09-21T20:00:00Z 404 142.27
2026-09-21T20:00:00Z 500 105.13
2026-09-21T20:00:00Z 404 48.69
2026-09-21T20:00:00Z 200 92.63
2026-09-21T20:00:00Z 404 36.17
2026-09-21T20:00:00Z 404 45.43
2026-09-21T20:00:00Z 404 122.16
2026-09-21T20:00:00Z 200 96.80
2026-09-21T20:00:00Z 200 35.37
2026-09-21T20:00:00Z 200 88.07
2026-09-21T20:00:00Z 200 39.49
2026-09-21T20:00:00Z 200 91.48
2026-09-21T20:00:00Z 404 58.26
2026-09-21T20:00:00Z 200 174.60
2026-09-21T20:00:00Z 200 108.04
2026-09-21T20:00:00Z 200 136.89
2026-09-21T20:00:00Z 404 121.31
2026-09-21T20:00:00Z 200 12.06
2026-09-21T20:00:00Z 404 90.96
2026-09-21T20:00:00Z 200 17.94
2026-09-21T20:00:00Z 200 73.19
2026-09-21T20:00:00Z 500 183.38
2026-09-21T20:00:00Z 500 106.87
2026-09-21T20:00:00Z 500 126.73
2026-09-21T20:00:00Z 200 60.97
2026-09-21T20:00:00Z 500 164.41
2026-09-21T20:00:00Z 200 43.95
2026-09-21T20:00:00Z 200 94.03
2026-09-21T20:00:00Z 200 72.71
2026-09-21T20:00:00Z 200 38.87
2026-09-21T20:00:00Z 200 27.91
2026-09-21T20:00:00Z 500 186.54
2026-09-21T20:00:00Z 404 20.94
2026-09-21T20:00:00Z 404 70.18
2026-09-21T20:00:00Z 200 141.74
2026-09-21T20:00:00Z 200 181.44
2026-09-21T20:00:00Z 500 197.37
2026-09-21T20:00:00Z 200 128.99
2026-09-21T20:00:00Z 404 193.26
2026-09-21T20:00:00Z 404 116.21
2026-09-21T20:00:00Z 200 124.64
2026-09-21T20:00:00Z 500 64.92
2026-09-21T20:00:00Z 200 151.96
2026-09-21T20:00:00Z 500 16.52
2026-09-21T20:00:00Z 200 187.35
2026-09-21T20:00:00Z 200 162.23
2026-09-21T20:00:00Z 500 141.79
2026-09-21T20:00:00Z 200 83.55
2026-09-21T20:00:00Z 200 94.73
2026-09-21T20:00:00Z 200 13.06
2026-09-21T20:00:00Z 200 73.23
2026-09-21T20:00:00Z 500 107.51
2026-09-21T20:00:00Z 200 59.51
2026-09-21T20:00:00Z 200 137.12
2026-09-21T20:00:00Z 404 161.69
2026-09-21T20:00:00Z 200 37.22
2026-09-21T20:00:00Z 200 174.28
2026-09-21T20:00:00Z 404 24.33
2026-09-21T20:00:00Z 404 185.42
2026-09-21T20:00:00Z 200 147.34
2026-09-21T20:00:00Z 200 58.68
2026-09-21T20:00:00Z 500 174.65
2026-09-21T20:00:00Z 200 43.48
2026-09-21T20:00:00Z 200 27.37
2026-09-21T20:00:00Z 200 12.80
2026-09-21T20:00:00Z 200 169.65
2026-09-21T20:00:00Z 200 79.00
2026-09-21T20:00:00Z 404 124.76
2026-09-21T20:00:00Z 200 166.73
2026-09-21T20:00:00Z 404 93.19
2026-09-21T20:00:00Z 200 155.45
2026-09-21T20:00:00Z 200 97.24
2026-09-21T20:00:00Z 200 135.09
2026-09-21T20:00:00Z 200 52.41
2026-09-21T20:00:00Z 404 51.72
2026-09-21T20:00:00Z 200 169.61
2026-09-21T20:00:00Z 200 22.20
2026-09-21T20:00:00Z 200 132.78
2026-09-21T20:00:00Z 200 162.79
2026-09-21T20:00:00Z 404 113.30
2026-09-21T20:00:00Z 200 170.85
2026-09-21T20:00:00Z 404 96.56
2026-09-21T20:00:00Z 200 144.77
2026-09-21T20:00:00Z 200 123.30
2026-09-21T20:00:00Z 200 145.23
2026-09-21T20:00:00Z 200 45.08
2026-09-21T20:00:00Z 200 93.27
2026-09-21T20:00:00Z 200 180.50
2026-09-21T20:00:00Z 404 193.59
2026-09-21T20:00:00Z 404 68.64
2026-09-21T20:00:00Z 200 113.32
2026-09-21T20:00:00Z 200 39.83
2026-09-21T20:00:00Z 200 21.19
2026-09-21T20:00:00Z 404 20.91
2026-09-21T20:00:00Z 200 108.99
2026-09-21T20:00:00Z 404 67.08
2026-09-21T20:00:00Z 500 81.67
2026-09-21T20:00:00Z 500 152.48
2026-09-21T20:00:00Z 200 196.00
2026-09-21T20:00:00Z 200 176.92
2026-09-21T20:00:00Z 200 52.77
2026-09-21T20:00:00Z 500 104.78
2026-09-21T20:00:00Z 500 132.96
2026-09-21T20:00:00Z 404 57.80
2026-09-21T20:00:00Z 500 65.04
2026-09-21T20:00:00Z 200 147.49
2026-09-21T20:00:00Z 200 113.97
2026-09-21T20:00:00Z 200 59.76
2026-09-21T20:00:00Z 200 71.39
2026-09-21T20:00:00Z 200 159.67
2026-09-21T20:00:00Z 200 131.09
2026-09-21T20:00:00Z 200 152.86
2026-09-21T20:00:00Z 404 29.96
2026-09-21T20:00:00Z 404 187.14
2026-09-21T20:00:00Z 200 13.43
2026-09-21T20:00:00Z 404 96.16
2026-09-21T20:00:00Z 200 167.14
2026-09-21T20:00:00Z 200 15.21
2026-09-21T20:00:00Z 404 110.54
2026-09-21T20:00:00Z 500 191.21
2026-09-21T20:00:00Z 200 140.02
2026-09-21T20:00:00Z 500 69.37
2026-09-21T20:00:00Z 200 108.75
2026-09-21T20:00:00Z 200 157.00
2026-09-21T20:00:00Z 500 80.33
2026-09-21T20:00:00Z 200 173.02
2026-09-21T20:00:00Z 200 129.47
2026-09-21T20:00:00Z 200 64.13
2026-09-21T20:00:00Z 404 94.48
2026-09-21T20:00:00Z 404 197.83
2026-09-21T20:00:00Z 200 168.14
2026-09-21T20:00:00Z 200 110.85
2026-09-21T20:00:00Z 404 25.13
2026-09-21T20:00:00Z 200 174.35
2026-09-21T20:00:00Z 404 172.87
2026-09-21T20:00:00Z 200 173.27
2026-09-21T20:00:00Z 404 110.40
2026-09-21T20:00:00Z 200 73.29
2026-09-21T20:00:00Z 200 92.75
2026-09-21T20:00:00Z 200 35.58
2026-09-21T20:00:00Z 404 33.28
2026-09-21T20:00:00Z 200 169.16
2026-09-21T20:00:00Z 500 168.57
2026-09-21T20:00:00Z 500 29.22
2026-09-21T20:00:00Z 404 146.73
2026-09-21T20:00:00Z 200 110.83
2026-09-21T20:00:00Z 200 26.50
2026-09-21T20:00:00Z 200 108.58
2026-09-21T20:00:00Z 200 198.60
2026-09-21T20:00:00Z 200 192.50
2026-09-21T20:00:00Z 200 165.89
2026-09-21T20:00:00Z 200 41.75
2026-09-21T20:00:00Z 200 173.24
2026-09-21T20:00:00Z 500 114.40
2026-09-21T20:00:00Z 500 52.03
2026-09-21T20:00:00Z 200 166.02
2026-09-21T20:00:00Z 500 86.63
2026-09-21T20:00:00Z 200 199.63
2026-09-21T20:00:00Z 200 106.87
2026-09-21T20:00:00Z 200 14.07
2026-09-21T20:00:00Z 200 123.57
2026-09-21T20:00:00Z 200 95.33
2026-09-21T20:00:00Z 404 70.01
2026-09-21T20:00:00Z 200 117.73
2026-09-21T20:00:00Z 500 144.29
2026-09-21T20:00:00Z 200 169.69
2026-09-21T20:00:00Z 200 11.61
2026-09-21T20:00:00Z 500 98.75
2026-09-21T20:00:00Z 404 124.84
2026-09-21T20:00:00Z 500 157.07
2026-09-21T20:00:00Z 404 171.07
2026-09-21T20:00:00Z 200 39.22
2026-09-21T20:00:00Z 200 133.39
2026-09-21T20:00:00Z 500 74.49
2026-09-21T20:00:00Z 404 36.70
2026-09-21T20:00:00Z 500 58.94
2026-09-21T20:00:00Z 404 184.29
2026-09-21T20:00:00Z 200 87.70
2026-09-21T20:00:00Z 200 122.34
2026-09-21T20:00:00Z 200 190.24
2026-09-21T20:00:00Z 200 91.35
2026-09-21T20:00:00Z 500 106.91
2026-09-21T20:00:00Z 500 33.33
2026-09-21T20:00:00Z 200 84.88
2026-09-21T20:00:00Z 200 148.80
2026-09-21T20:00:00Z 200 55.83
2026-09-21T20:00:00Z 200 180.11
2026-09-21T20:00:00Z 500 18.08
2026-09-21T20:00:00Z 404 87.43
2026-09-21T20:00:00Z 404 178.35
2026-09-21T20:00:00Z 200 161.79
2026-09-21T20:00:00Z 500 145.32
2026-09-21T20:00:00Z 200 41.76
2026-09-21T20:00:00Z 200 62.73
2026-09-21T20:00:00Z 404 180.77
2026-09-21T20:00:00Z 200 172.04
2026-09-21T20:00:00Z 200 187.14
2026-09-21T20:00:00Z 200 66.36
2026-09-21T20:00:00Z 404 14.70
2026-09-21T20:00:00Z 404 22.58
2026-09-21T20:00:00Z 200 168.24
2026-09-21T20:00:00Z 404 105.13
2026-09-21T20:00:00Z 200 188.22
2026-09-21T20:00:00Z 200 105.32
2026-09-21T20:00:00Z 404 157.45
2026-09-21T20:00:00Z 200 12.88
2026-09-21T20:00:00Z 200 130.83
2026-09-21T20:00:00Z 500 196.85
2026-09-21T20:00:00Z 500 123.55
2026-09-21T20:00:00Z 200 32.00
2026-09-21T20:00:00Z 200 102.93
2026-09-21T20:00:00Z 404 32.53
2026-09-21T20:00:00Z 200 37.84
2026-09-21T20:00:00Z 500 121.17
2026-09-21T20:00:00Z 200 184.24
2026-09-21T20:00:00Z 200 28.20
2026-09-21T20:00:00Z 200 113.87
2026-09-21T20:00:00Z 500 78.23
2026-09-21T20:00:00Z 200 22.29
2026-09-21T20:00:00Z 200 40.19
2026-09-21T20:00:00Z 500 186.89
2026-09-21T20:00:00Z 200 42.78
2026-09-21T20:00:00Z 200 118.68
2026-09-21T20:00:00Z 200 141.66
2026-09-21T20:00:00Z 200 87.38
2026-09-21T20:00:00Z 200 112.09
2026-09-21T20:00:00Z 404 149.56
2026-09-21T20:00:00Z 200 124.51
2026-09-21T20:00:00Z 404 22.01
2026-09-21T20:00:00Z 200 57.00
2026-09-21T20:00:00Z 404 169.74
2026-09-21T20:00:00Z 200 52.34
2026-09-21T20:00:00Z 200 53.44
2026-09-21T20:00:00Z 200 183.52
2026-09-21T20:00:00Z 404 124.33
2026-09-21T20:00:00Z 500 173.76
2026-09-21T20:00:00Z 200 100.63
2026-09-21T20:00:00Z 200 134.48
2026-09-21T20:00:00Z 200 127.18
2026-09-21T20:00:00Z 200 179.58
2026-09-21T20:00:00Z 200 164.49
2026-09-21T20:00:00Z 404 160.42
2026-09-21T20:00:00Z 500 108.62
2026-09-21T20:00:00Z 200 157.35
2026-09-21T20:00:00Z 404 114.41
2026-09-21T20:00:00Z 500 90.84
2026-09-21T20:00:00Z 404 144.26
2026-09-21T20:00:00Z 200 96.20
2026-09-21T20:00:00Z 200 83.34
2026-09-21T20:00:00Z 200 82.67
2026-09-21T20:00:00Z 200 149.65
2026-09-21T20:00:00Z 404 97.32
2026-09-21T20:00:00Z 200 123.27
2026-09-21T20:00:00Z 200 101.84
2026-09-21T20:00:00Z 200 117.96
2026-09-21T20:00:00Z 500 62.06
2026-09-21T20:00:00Z 200 36.53
2026-09-21T20:00:00Z 404 40.91
2026-09-21T20:00:00Z 200 189.98
2026-09-21T20:00:00Z 200 158.99
2026-09-21T20:00:00Z 200 144.80
2026-09-21T20:00:00Z 200 32.47
2026-09-21T20:00:00Z 200 28.23
2026-09-21T20:00:00Z 404 147.95
2026-09-21T20:00:00Z 500 30.86
2026-09-21T20:00:00Z 404 58.37
2026-09-21T20:00:00Z 500 42.61
2026-09-21T20:00:00Z 500 117.05
2026-09-21T20:00:00Z 500 43.06
2026-09-21T20:00:00Z 200 169.20
2026-09-21T20:00:00Z 200 162.68
2026-09-21T20:00:00Z 404 151.54
2026-09-21T20:00:00Z 404 11.24
2026-09-21T20:00:00Z 200 159.30
2026-09-21T20:00:00Z 500 173.93
2026-09-21T20:00:00Z 200 174.84
2026-09-21T20:00:00Z 200 40.54
2026-09-21T20:00:00Z 404 51.02
2026-09-21T20:00:00Z 200 52.77
2026-09-21T20:00:00Z 200 155.33
2026-09-21T20:00:00Z 200 146.65
2026-09-21T20:00:00Z 404 98.86
2026-09-21T20:00:00Z 200 168.33
2026-09-21T20:00:00Z 200 90.33
2026-09-21T20:00:00Z 200 58.99
2026-09-21T20:00:00Z 200 185.72
2026-09-21T20:00:00Z 200 177.88
2026-09-21T20:00:00Z 500 136.56
2026-09-21T20:00:00Z 200 10.28
2026-09-21T20:00:00Z 200 71.25
2026-09-21T20:00:00Z 200 48.58
2026-09-21T20:00:00Z 404 106.91
2026-09-21T20:00:00Z 404 18.04
2026-09-21T20:00:00Z 200 110.67
2026-09-21T20:00:00Z 404 151.76
2026-09-21T20:00:00Z 200 180.75
2026-09-21T20:00:00Z 404 145.66
2026-09-21T20:00:00Z 200 57.15
2026-09-21T20:00:00Z 500 96.86
2026-09-21T20:00:00Z 200 59.51
2026-09-21T20:00:00Z 404 135.33
2026-09-21T20:00:00Z 200 171.12
2026-09-21T20:00:00Z 500 102.90
2026-09-21T20:00:00Z 200 12.20
2026-09-21T20:00:00Z 200 193.69
2026-09-21T20:00:00Z 200 199.66
2026-09-21T20:00:00Z 200 141.22
2026-09-21T20:00:00Z 404 67.45
2026-09-21T20:00:00Z 200 175.25
2026-09-21T20:00:00Z 200 32.48
2026-09-21T20:00:00Z 200 172.39
2026-09-21T20:00:00Z 404 78.45
2026-09-21T20:00:00Z 200 74.35
2026-09-21T20:00:00Z 200 168.98
2026-09-21T20:00:00Z 200 194.77
2026-09-21T20:00:00Z 404 36.12
2026-09-21T20:00:00Z 500 27.87
2026-09-21T20:00:00Z 200 105.85
2026-09-21T20:00:00Z 404 123.53
2026-09-21T20:00:00Z 200 175.93
2026-09-21T20:00:00Z 200 121.64
2026-09-21T20:00:00Z 200 107.73
2026-09-21T20:00:00Z 200 119.78
2026-09-21T20:00:00Z 200 124.72
2026-09-21T20:00:00Z 200 187.02
2026-09-21T20:00:00Z 404 62.67
2026-09-21T20:00:00Z 200 10.87
2026-09-21T20:00:00Z 200 64.45
2026-09-21T20:00:00Z 404 104.70
2026-09-21T20:00:00Z 200 148.88
2026-09-21T20:00:00Z 404 127.53
2026-09-21T20:00:00Z 200 32.90
2026-09-21T20:00:00Z 200 68.29
2026-09-21T20:00:00Z 500 21.25
2026-09-21T20:00:00Z 200 160.92
2026-09-21T20:00:00Z 404 64.54
2026-09-21T20:00:00Z 200 126.29
2026-09-21T20:00:00Z 200 135.11
2026-09-21T20:00:00Z 200 162.34
2026-09-21T20:00:00Z 200 198.29
2026-09-21T20:00:00Z 200 29.51
2026-09-21T20:00:00Z 200 28.36
2026-09-21T20:00:00Z 500 146.70
2026-09-21T20:00:00Z 200 21.14
2026-09-21T20:00:00Z 200 95.56
2026-09-21T20:00:00Z 200 15.58
2026-09-21T20:00:00Z 200 78.70
2026-09-21T20:00:00Z 200 161.50
2026-09-21T20:00:00Z 200 12.76
2026-09-21T20:00:00Z 200 196.60
2026-09-21T20:00:00Z 200 41.52
2026-09-21T20:00:00Z 200 27.37
2026-09-21T20:00:00Z 404 172.91
2026-09-21T20:00:00Z 404 108.77
2026-09-21T20:00:00Z 500 161.73
2026-09-21T20:00:00Z 404 52.12
2026-09-21T20:00:00Z 404 90.04
2026-09-21T20:00:00Z 200 147.56
2026-09-21T20:00:00Z 200 196.52
2026-09-21T20:00:00Z 200 43.34
2026-09-21T20:00:00Z 404 31.91
2026-09-21T20:00:00Z 500 129.35
2026-09-21T20:00:00Z 404 140.65
2026-09-21T20:00:00Z 200 166.86
2026-09-21T20:00:00Z 500 150.05
2026-09-21T20:00:00Z 200 57.02
2026-09-21T20:00:00Z 200 43.50
2026-09-21T20:00:00Z 404 41.36
2026-09-21T20:00:00Z 200 106.09
2026-09-21T20:00:00Z 200 103.62
2026-09-21T20:00:00Z 200 88.89
2026-09-21T20:00:00Z 404 89.64
2026-09-21T20:00:00Z 200 102.71
2026-09-21T20:00:00Z 200 75.19
2026-09-21T20:00:00Z 200 81.92
2026-09-21T20:00:00Z 200 15.63
2026-09-21T20:00:00Z 500 124.68
2026-09-21T20:00:00Z 200 31.04
2026-09-21T20:00:00Z 200 62.06
2026-09-21T20:00:00Z 200 119.16
2026-09-21T20:00:00Z 404 28.48
2026-09-21T20:00:00Z 404 174.31
2026-09-21T20:00:00Z 404 118.89
2026-09-21T20:00:00Z 200 104.85
2026-09-21T20:00:00Z 500 10.66
2026-09-21T20:00:00Z 500 80.93
2026-09-21T20:00:00Z 200 17.50
2026-09-21T20:00:00Z 500 16.38
2026-09-21T20:00:00Z 404 105.17
2026-09-21T20:00:00Z 200 142.52
2026-09-21T20:00:00Z 404 62.46
2026-09-21T20:00:00Z 200 105.66
2026-09-21T20:00:00Z 200 37.60
2026-09-21T20:00:00Z 500 28.36
2026-09-21T20:00:00Z 500 66.52
2026-09-21T20:00:00Z 404 30.38
2026-09-21T20:00:00Z 200 23.93
2026-09-21T20:00:00Z 200 124.84
2026-09-21T20:00:00Z 200 147.99
2026-09-21T20:00:00Z 500 48.43
2026-09-21T20:00:00Z 500 174.73
2026-09-21T20:00:00Z 404 92.37
2026-09-21T20:00:00Z 200 154.07
2026-09-21T20:00:00Z 500 191.11
2026-09-21T20:00:00Z 200 74.61
2026-09-21T20:00:00Z 500 83.56
2026-09-21T20:00:00Z 200 18.77
2026-09-21T20:00:00Z 200 84.16
2026-09-21T20:00:00Z 200 41.00
2026-09-21T20:00:00Z 500 45.64
2026-09-21T20:00:00Z 404 139.50
2026-09-21T20:00:00Z 404 149.91
2026-09-21T20:00:00Z 500 173.58
2026-09-21T20:00:00Z 500 102.67
2026-09-21T20:00:00Z 500 184.19
2026-09-21T20:00:00Z 200 88.63
2026-09-21T20:00:00Z 200 143.87
2026-09-21T20:00:00Z 200 168.11
2026-09-21T20:00:00Z 200 156.46
2026-09-21T20:00:00Z 404 34.94
2026-09-21T20:00:00Z 404 99.23
2026-09-21T20:00:00Z 404 14.49
2026-09-21T20:00:00Z 500 160.89
2026-09-21T20:00:00Z 500 36.44
2026-09-21T20:00:00Z 200 159.19
2026-09-21T20:00:00Z 200 15.91
2026-09-21T20:00:00Z 500 107.01
2026-09-21T20:00:00Z 200 89.34
2026-09-21T20:00:00Z 200 112.87
2026-09-21T20:00:00Z 500 34.15
2026-09-21T20:00:00Z 200 60.54
2026-09-21T20:00:00Z 200 148.56
2026-09-21T20:00:00Z 200 132.98
2026-09-21T20:00:00Z 500 194.60
2026-09-21T20:00:00Z 200 115.15
2026-09-21T20:00:00Z 200 37.93
2026-09-21T20:00:00Z 404 130.87
2026-09-21T20:00:00Z 500 116.47
2026-09-21T20:00:00Z 500 15.44
2026-09-21T20:00:00Z 200 137.73
2026-09-21T20:00:00Z 404 178.07
2026-09-21T20:00:00Z 500 56.56
2026-09-21T20:00:00Z 200 67.92
2026-09-21T20:00:00Z 404 119.50
2026-09-21T20:00:00Z 200 187.63
2026-09-21T20:00:00Z 500 190.68
2026-09-21T20:00:00Z 200 169.49
2026-09-21T20:00:00Z 200 127.76
2026-09-21T20:00:00Z 200 30.95
2026-09-21T20:00:00Z 404 103.94
2026-09-21T20:00:00Z 200 44.54
2026-09-21T20:00:00Z 200 129.47
2026-09-21T20:00:00Z 200 12.36
2026-09-21T20:00:00Z 200 67.09
2026-09-21T20:00:00Z 500 144.09
2026-09-21T20:00:00Z 200 151.17
2026-09-21T20:00:00Z 200 81.22
2026-09-21T20:00:00Z 200 74.30
2026-09-21T20:00:00Z 500 34.11
2026-09-21T20:00:00Z 200 35.20
2026-09-21T20:00:00Z 200 31.90
2026-09-21T20:00:00Z 404 54.32
2026-09-21T20:00:00Z 500 153.27
2026-09-21T20:00:00Z 500 37.02
2026-09-21T20:00:00Z 200 87.28
2026-09-21T20:00:00Z 200 11.98
2026-09-21T20:00:00Z 404 87.15
2026-09-21T20:00:00Z 404 167.17
2026-09-21T20:00:00Z 404 100.40
2026-09-21T20:00:00Z 500 92.07
2026-09-21T20:00:00Z 500 32.65
2026-09-21T20:00:00Z 200 192.71
2026-09-21T20:00:00Z 404 64.84
2026-09-21T20:00:00Z 404 54.68
2026-09-21T20:00:00Z 200 27.66
2026-09-21T20:00:00Z 200 11.90
2026-09-21T20:00:00Z 500 100.35
2026-09-21T20:00:00Z 200 63.38
2026-09-21T20:00:00Z 200 121.14
2026-09-21T20:00:00Z 200 122.03
2026-09-21T20:00:00Z 500 170.62
2026-09-21T20:00:00Z 200 112.75
2026-09-21T20:00:00Z 404 190.49
2026-09-21T20:00:00Z 500 45.10
2026-09-21T20:00:00Z 404 131.78
2026-09-21T20:00:00Z 200 101.77
2026-09-21T20:00:00Z 404 33.13
2026-09-21T20:00:00Z 500 75.13
2026-09-21T20:00:00Z 200 55.78
2026-09-21T20:00:00Z 500 128.29
2026-09-21T20:00:00Z 404 86.54
2026-09-21T20:00:00Z 404 178.34
2026-09-21T20:00:00Z 200 106.54
2026-09-21T20:00:00Z 200 170.48
2026-09-21T20:00:00Z 200 97.23
2026-09-21T20:00:00Z 200 81.39
2026-09-21T20:00:00Z 500 54.18
2026-09-21T20:00:00Z 200 139.07
2026-09-21T20:00:00Z 404 170.63
2026-09-21T20:00:00Z 500 163.21
2026-09-21T20:00:00Z 500 12.10
2026-09-21T20:00:00Z 200 154.02
2026-09-21T20:00:00Z 200 158.01
2026-09-21T20:00:00Z 200 41.84
2026-09-21T20:00:00Z 404 113.87
2026-09-21T20:00:00Z 200 95.87
2026-09-21T20:00:00Z 200 164.53
2026-09-21T20:00:00Z 200 58.16
2026-09-21T20:00:00Z 404 64.58
2026-09-21T20:00:00Z 200 166.54
2026-09-21T20:00:00Z 404 183.09
2026-09-21T20:00:00Z 404 69.05
2026-09-21T20:00:00Z 200 116.91
2026-09-21T20:00:00Z 200 15.04
2026-09-21T20:00:00Z 500 165.69
2026-09-21T20:00:00Z 200 141.21
2026-09-21T20:00:00Z 200 83.65
2026-09-21T20:00:00Z 200 182.88
2026-09-21T20:00:00Z 500 86.67
2026-09-21T20:00:00Z 200 76.31
2026-09-21T20:00:00Z 500 151.49
2026-09-21T20:00:00Z 200 153.81
2026-09-21T20:00:00Z 200 121.42
2026-09-21T20:00:00Z 200 112.72
2026-09-21T20:00:00Z 200 24.04
2026-09-21T20:00:00Z 500 72.69
2026-09-21T20:00:00Z 404 69.86
2026-09-21T20:00:00Z 500 106.35
2026-09-21T20:00:00Z 200 73.96
2026-09-21T20:00:00Z 200 198.10
2026-09-21T20:00:00Z 500 15.88
2026-09-21T20:00:00Z 200 124.45
2026-09-21T20:00:00Z 200 67.74
2026-09-21T20:00:00Z 200 46.08
2026-09-21T20:00:00Z 200 92.21
2026-09-21T20:00:00Z 200 80.12
2026-09-21T20:00:00Z 200 59.02
2026-09-21T20:00:00Z 404 134.59
2026-09-21T20:00:00Z 200 142.26
2026-09-21T20:00:00Z 200 137.26
2026-09-21T20:00:00Z 200 173.69
2026-09-21T20:00:00Z 404 57.95
2026-09-21T20:00:00Z 200 133.32
2026-09-21T20:00:00Z 404 77.05
2026-09-21T20:00:00Z 404 85.65
2026-09-21T20:00:00Z 200 179.69
2026-09-21T20:00:00Z 404 39.95
2026-09-21T20:00:00Z 500 12.51
2026-09-21T20:00:00Z 200 31.66
2026-09-21T20:00:00Z 500 145.37
2026-09-21T20:00:00Z 500 154.78
2026-09-21T20:00:00Z 200 171.08
2026-09-21T20:00:00Z 200 66.07
2026-09-21T20:00:00Z 404 183.90
2026-09-21T20:00:00Z 404 81.84
2026-09-21T20:00:00Z 500 185.84
2026-09-21T20:00:00Z 200 183.54
2026-09-21T20:00:00Z 200 15.70
2026-09-21T20:00:00Z 200 44.44
2026-09-21T20:00:00Z 500 74.71
2026-09-21T20:00:00Z 404 83.44
2026-09-21T20:00:00Z 200 165.05
2026-09-21T20:00:00Z 200 89.66
2026-09-21T20:00:00Z 500 41.66
2026-09-21T20:00:00Z 200 127.59
2026-09-21T20:00:00Z 200 15.75
2026-09-21T20:00:00Z 500 141.29
2026-09-21T20:00:00Z 200 194.74
2026-09-21T20:00:00Z 500 115.07
2026-09-21T20:00:00Z 500 141.52
2026-09-21T20:00:00Z 500 197.21
2026-09-21T20:00:00Z 404 133.80
2026-09-21T20:00:00Z 404 33.35
2026-09-21T20:00:00Z 200 74.32
2026-09-21T20:00:00Z 500 89.95
2026-09-21T20:00:00Z 200 151.53
2026-09-21T20:00:00Z 500 81.54
2026-09-21T20:00:00Z 200 74.71
2026-09-21T20:00:00Z 404 71.45
2026-09-21T20:00:00Z 200 32.86
2026-09-21T20:00:00Z 200 22.10
2026-09-21T20:00:00Z 404 164.30
2026-09-21T20:00:00Z 200 136.92
2026-09-21T20:00:00Z 404 141.54
2026-09-21T20:00:00Z 200 33.55
2026-09-21T20:00:00Z 404 111.88
2026-09-21T20:00:00Z 200 153.62
2026-09-21T20:00:00Z 200 149.57
2026-09-21T20:00:00Z 200 46.54
2026-09-21T20:00:00Z 200 47.75
2026-09-21T20:00:00Z 200 15.57
2026-09-21T20:00:00Z 200 113.29
2026-09-21T20:00:00Z 200 178.06
2026-09-21T20:00:00Z 200 95.51
2026-09-21T20:00:00Z 200 38.81
2026-09-21T20:00:00Z 404 157.56
2026-09-21T20:00:00Z 404 168.20
2026-09-21T20:00:00Z 500 153.58
2026-09-21T20:00:00Z 200 69.75
2026-09-21T20:00:00Z 200 55.12
2026-09-21T20:00:00Z 404 157.01
2026-09-21T20:00:00Z 200 34.39
2026-09-21T20:00:00Z 200 171.51
2026-09-21T20:00:00Z 500 112.59
2026-09-21T20:00:00Z 500 124.46
2026-09-21T20:00:00Z 200 34.56
2026-09-21T20:00:00Z 200 151.08
2026-09-21T20:00:00Z 404 155.53
2026-09-21T20:00:00Z 200 79.55
2026-09-21T20:00:00Z 200 40.68
2026-09-21T20:00:00Z 200 81.55
2026-09-21T20:00:00Z 500 121.62
2026-09-21T20:00:00Z 404 80.14
2026-09-21T20:00:00Z 200 194.06
2026-09-21T20:00:00Z 200 84.74
2026-09-21T20:00:00Z 404 180.50
2026-09-21T20:00:00Z 500 25.27
2026-09-21T20:00:00Z 404 107.27
2026-09-21T20:00:00Z 404 23.85
2026-09-21T20:00:00Z 404 118.63
2026-09-21T20:00:00Z 200 65.51
2026-09-21T20:00:00Z 500 192.27
2026-09-21T20:00:00Z 200 146.60
2026-09-21T20:00:00Z 404 92.95
2026-09-21T20:00:00Z 500 138.77
2026-09-21T20:00:00Z 200 99.78
2026-09-21T20:00:00Z 500 134.15
2026-09-21T20:00:00Z 200 70.06
2026-09-21T20:00:00Z 200 166.45
2026-09-21T20:00:00Z 404 191.23
2026-09-21T20:00:00Z 200 140.44
2026-09-21T20:00:00Z 500 196.41
2026-09-21T20:00:00Z 200 162.00
2026-09-21T20:00:00Z 200 190.32
2026-09-21T20:00:00Z 404 178.18
2026-09-21T20:00:00Z 500 115.05
2026-09-21T20:00:00Z 500 117.68
2026-09-21T20:00:00Z 500 58.03
2026-09-21T20:00:00Z 200 61.30
2026-09-21T20:00:00Z 200 36.51
2026-09-21T20:00:00Z 404 180.45
2026-09-21T20:00:00Z 200 107.99
2026-09-21T20:00:00Z 500 78.31
2026-09-21T20:00:00Z 200 117.02
2026-09-21T20:00:00Z 200 175.09
2026-09-21T20:00:00Z 500 182.41
2026-09-21T20:00:00Z 404 47.23
2026-09-21T20:00:00Z 404 37.65
2026-09-21T20:00:00Z 500 78.28
2026-09-21T20:00:00Z 404 76.43
2026-09-21T20:00:00Z 200 97.50
2026-09-21T20:00:00Z 200 60.94
2026-09-21T20:00:00Z 200 141.16
2026-09-21T20:00:00Z 200 36.59
2026-09-21T20:00:00Z 200 125.30
2026-09-21T20:00:00Z 200 55.62
2026-09-21T20:00:00Z 500 135.51
2026-09-21T20:00:00Z 200 181.31
2026-09-21T20:00:00Z 200 106.66
2026-09-21T20:00:00Z 200 166.42
2026-09-21T20:00:00Z 200 14.49
2026-09-21T20:00:00Z 200 59.15
2026-09-21T20:00:00Z 200 117.86
2026-09-21T20:00:00Z 200 21.69
2026-09-21T20:00:00Z 200 67.62
2026-09-21T20:00:00Z 200 80.79
2026-09-21T20:00:00Z 200 65.51
2026-09-21T20:00:00Z 200 58.59
2026-09-21T20:00:00Z 404 157.70
2026-09-21T20:00:00Z 200 164.74
2026-09-21T20:00:00Z 200 124.36
2026-09-21T20:00:00Z 500 163.36
2026-09-21T20:00:00Z 200 152.98
2026-09-21T20:00:00Z 200 14.41
2026-09-21T20:00:00Z 404 45.44
2026-09-21T20:00:00Z 200 117.90
2026-09-21T20:00:00Z 200 56.37
2026-09-21T20:00:00Z 200 144.97
2026-09-21T20:00:00Z 500 122.43
2026-09-21T20:00:00Z 404 168.97
2026-09-21T20:00:00Z 200 90.15
2026-09-21T20:00:00Z 200 175.54
2026-09-21T20:00:00Z 500 66.21
2026-09-21T20:00:00Z 404 12.33
2026-09-21T20:00:00Z 200 78.15
2026-09-21T20:00:00Z 200 32.81
2026-09-21T20:00:00Z 200 102.88
2026-09-21T20:00:00Z 200 53.02
2026-09-21T20:00:00Z 200 182.71
2026-09-21T20:00:00Z 200 165.21
2026-09-21T20:00:00Z 500 138.25
2026-09-21T20:00:00Z 404 47.61
2026-09-21T20:00:00Z 200 29.53
2026-09-21T20:00:00Z 200 131.78
2026-09-21T20:00:00Z 200 27.08
2026-09-21T20:00:00Z 200 126.32
2026-09-21T20:00:00Z 200 107.89
2026-09-21T20:00:00Z 404 35.73
2026-09-21T20:00:00Z 200 128.75
2026-09-21T20:00:00Z 404 146.12
2026-09-21T20:00:00Z 200 55.25
2026-09-21T20:00:00Z 200 162.17
2026-09-21T20:00:00Z 404 100.63
2026-09-21T20:00:00Z 200 93.17
2026-09-21T20:00:00Z 500 75.18
2026-09-21T20:00:00Z 404 84.01
2026-09-21T20:00:00Z 500 22.45
2026-09-21T20:00:00Z 200 121.19
2026-09-21T20:00:00Z 200 93.44
2026-09-21T20:00:00Z 200 88.03
2026-09-21T20:00:00Z 404 174.58
2026-09-21T20:00:00Z 404 70.97
2026-09-21T20:00:00Z 404 83.94
2026-09-21T20:00:00Z 404 26.73
2026-09-21T20:00:00Z 500 95.52
2026-09-21T20:00:00Z 200 195.68
2026-09-21T20:00:00Z 500 39.52
2026-09-21T20:00:00Z 404 30.11
2026-09-21T20:00:00Z 200 108.06
2026-09-21T20:00:00Z 200 170.25
2026-09-21T20:00:00Z 404 153.92
2026-09-21T20:00:00Z 404 182.08
2026-09-21T20:00:00Z 200 82.90
2026-09-21T20:00:00Z 200 22.51
2026-09-21T20:00:00Z 200 163.53
2026-09-21T20:00:00Z 200 128.27
2026-09-21T20:00:00Z 200 68.41
2026-09-21T20:00:00Z 200 142.33
2026-09-21T20:00:00Z 200 129.23
2026-09-21T20:00:00Z 200 63.30
2026-09-21T20:00:00Z 200 16.90
2026-09-21T20:00:00Z 200 187.32
2026-09-21T20:00:00Z 200 95.45
2026-09-21T20:00:00Z 200 126.23
2026-09-21T20:00:00Z 200 146.66
2026-09-21T20:00:00Z 200 109.77
2026-09-21T20:00:00Z 404 33.81
2026-09-21T20:00:00Z 200 155.54
2026-09-21T20:00:00Z 404 136.86
2026-09-21T20:00:00Z 200 23.77
2026-09-21T20:00:00Z 500 80.72
2026-09-21T20:00:00Z 200 15.73
2026-09-21T20:00:00Z 200 85.84
2026-09-21T20:00:00Z 500 119.21
2026-09-21T20:00:00Z 200 170.97
2026-09-21T20:00:00Z 200 73.66
2026-09-21T20:00:00Z 200 51.71
2026-09-21T20:00:00Z 404 39.96
2026-09-21T20:00:00Z 200 158.57
2026-09-21T20:00:00Z 200 124.69
2026-09-21T20:00:00Z 200 101.05
2026-09-21T20:00:00Z 404 49.38
2026-09-21T20:00:00Z 500 197.79
2026-09-21T20:00:00Z 200 84.15
2026-09-21T20:00:00Z 404 122.80
2026-09-21T20:00:00Z 200 118.01
2026-09-21T20:00:00Z 200 62.34
2026-09-21T20:00:00Z 200 189.62
2026-09-21T20:00:00Z 200 35.23
2026-09-21T20:00:00Z 500 116.08
2026-09-21T20:00:00Z 500 137.12
2026-09-21T20:00:00Z 200 178.28
2026-09-21T20:00:00Z 200 102.82
2026-09-21T20:00:00Z 200 93.69
2026-09-21T20:00:00Z 404 144.72
2026-09-21T20:00:00Z 500 163.50
2026-09-21T20:00:00Z 500 99.57
2026-09-21T20:00:00Z 404 51.12
2026-09-21T20:00:00Z 500 16.60
2026-09-21T20:00:00Z 200 29.07
2026-09-21T20:00:00Z 200 174.08
2026-09-21T20:00:00Z 500 182.13
2026-09-21T20:00:00Z 200 192.28
2026-09-21T20:00:00Z 500 95.34
2026-09-21T20:00:00Z 200 94.23
2026-09-21T20:00:00Z 404 165.99
2026-09-21T20:00:00Z 200 125.69
2026-09-21T20:00:00Z 200 165.69
2026-09-21T20:00:00Z 200 32.65
2026-09-21T20:00:00Z 200 54.92
2026-09-21T20:00:00Z 200 107.97
2026-09-21T20:00:00Z 200 172.10
2026-09-21T20:00:00Z 500 128.12
2026-09-21T20:00:00Z 200 63.77
2026-09-21T20:00:00Z 200 100.90
2026-09-21T20:00:00Z 500 131.27
2026-09-21T20:00:00Z 200 167.60
2026-09-21T20:00:00Z 404 174.62
2026-09-21T20:00:00Z 200 162.37
2026-09-21T20:00:00Z 200 33.01
2026-09-21T20:00:00Z 200 130.00
2026-09-21T20:00:00Z 500 177.45
2026-09-21T20:00:00Z 200 149.44
2026-09-21T20:00:00Z 404 125.22
2026-09-21T20:00:00Z 200 146.61
2026-09-21T20:00:00Z 500 95.69
2026-09-21T20:00:00Z 500 161.12
2026-09-21T20:00:00Z 404 121.36
2026-09-21T20:00:00Z 200 45.48
2026-09-21T20:00:00Z 200 64.59
2026-09-21T20:00:00Z 200 149.56
2026-09-21T20:00:00Z 500 157.67
2026-09-21T20:00:00Z 200 46.26
2026-09-21T20:00:00Z 500 15.06
2026-09-21T20:00:00Z 200 127.11
2026-09-21T20:00:00Z 500 174.74
2026-09-21T20:00:00Z 404 59.79
2026-09-21T20:00:00Z 200 126.30
2026-09-21T20:00:00Z 404 183.53
2026-09-21T20:00:00Z 404 147.78
2026-09-21T20:00:00Z 500 16.84
2026-09-21T20:00:00Z 404 107.70
2026-09-21T20:00:00Z 500 148.77
2026-09-21T20:00:00Z 200 100.26
2026-09-21T20:00:00Z 404 66.51
2026-09-21T20:00:00Z 200 144.83
2026-09-21T20:00:00Z 200 84.72
2026-09-21T20:00:00Z 200 42.09
2026-09-21T20:00:00Z 200 55.38
2026-09-21T20:00:00Z 200 10.82
2026-09-21T20:00:00Z 200 76.15
2026-09-21T20:00:00Z 200 59.99
2026-09-21T20:00:00Z 404 185.14
2026-09-21T20:00:00Z 200 194.87
2026-09-21T20:00:00Z 200 141.78
2026-09-21T20:00:00Z 200 22.54
2026-09-21T20:00:00Z 200 42.55
2026-09-21T20:00:00Z 200 98.32
2026-09-21T20:00:00Z 200 46.32
2026-09-21T20:00:00Z 200 178.41
2026-09-21T20:00:00Z 200 91.14
2026-09-21T20:00:00Z 404 56.37
2026-09-21T20:00:00Z 500 189.74
2026-09-21T20:00:00Z 200 108.33
2026-09-21T20:00:00Z 404 112.47
2026-09-21T20:00:00Z 200 86.73
2026-09-21T20:00:00Z 404 74.05
2026-09-21T20:00:00Z 200 86.16
2026-09-21T20:00:00Z 500 60.32
2026-09-21T20:00:00Z 200 159.91
2026-09-21T20:00:00Z 200 74.24
2026-09-21T20:00:00Z 200 127.36
2026-09-21T20:00:00Z 200 60.73
2026-09-21T20:00:00Z 200 177.99
2026-09-21T20:00:00Z 404 30.83
2026-09-21T20:00:00Z 200 193.60
2026-09-21T20:00:00Z 500 31.90
2026-09-21T20:00:00Z 500 165.47
2026-09-21T20:00:00Z 200 161.06
2026-09-21T20:00:00Z 200 32.64
2026-09-21T20:00:00Z 200 156.18
2026-09-21T20:00:00Z 404 153.26
2026-09-21T20:00:00Z 200 43.01
2026-09-21T20:00:00Z 200 172.17
2026-09-21T20:00:00Z 200 149.87
2026-09-21T20:00:00Z 200 145.23
2026-09-21T20:00:00Z 200 165.41
2026-09-21T20:00:00Z 500 180.23
2026-09-21T20:00:00Z 200 84.90
2026-09-21T20:00:00Z 500 177.39
2026-09-21T20:00:00Z 200 88.51
2026-09-21T20:00:00Z 200 57.53
2026-09-21T20:00:00Z 200 46.27
2026-09-21T20:00:00Z 200 114.33
2026-09-21T20:00:00Z 200 165.22
2026-09-21T20:00:00Z 500 138.18
2026-09-21T20:00:00Z 200 47.14
2026-09-21T20:00:00Z 500 145.49
2026-09-21T20:00:00Z 200 79.73
2026-09-21T20:00:00Z 500 31.28
2026-09-21T20:00:00Z 200 161.21
2026-09-21T20:00:00Z 200 177.61
2026-09-21T20:00:00Z 200 172.28
2026-09-21T20:00:00Z 200 195.75
2026-09-21T20:00:00Z 200 196.95
2026-09-21T20:00:00Z 404 55.57
2026-09-21T20:00:00Z 200 39.88
2026-09-21T20:00:00Z 200 114.35
2026-09-21T20:00:00Z 200 20.86
2026-09-21T20:00:00Z 200 108.98
2026-09-21T20:00:00Z 404 158.25
2026-09-21T20:00:00Z 500 29.03
2026-09-21T20:00:00Z 200 131.92
2026-09-21T20:00:00Z 500 190.58
2026-09-21T20:00:00Z 200 75.47
2026-09-21T20:00:00Z 200 85.14
2026-09-21T20:00:00Z 200 56.18
2026-09-21T20:00:00Z 500 140.46
2026-09-21T20:00:00Z 200 54.68
2026-09-21T20:00:00Z 200 183.66
2026-09-21T20:00:00Z 200 193.35
2026-09-21T20:00:00Z 200 47.03
2026-09-21T20:00:00Z 200 98.96
2026-09-21T20:00:00Z 200 37.72
2026-09-21T20:00:00Z 200 199.49
2026-09-21T20:00:00Z 500 163.66
2026-09-21T20:00:00Z 200 83.86
2026-09-21T20:00:00Z 500 79.13
2026-09-21T20:00:00Z 200 170.25
2026-09-21T20:00:00Z 200 170.10
2026-09-21T20:00:00Z 404 170.66
2026-09-21T20:00:00Z 200 67.24
2026-09-21T20:00:00Z 500 114.61
2026-09-21T20:00:00Z 404 41.50
2026-09-21T20:00:00Z 500 22.46
2026-09-21T20:00:00Z 404 99.11
2026-09-21T20:00:00Z 404 182.38
2026-09-21T20:00:00Z 200 74.80
2026-09-21T20:00:00Z 200 190.87
2026-09-21T20:00:00Z 200 138.50
2026-09-21T20:00:00Z 200 120.63
2026-09-21T20:00:00Z 500 113.47
2026-09-21T20:00:00Z 200 197.81
2026-09-21T20:00:00Z 200 158.55
2026-09-21T20:00:00Z 500 165.62
2026-09-21T20:00:00Z 200 127.77
2026-09-21T20:00:00Z 200 167.12
2026-09-21T20:00:00Z 200 124.87
2026-09-21T20:00:00Z 200 190.54
2026-09-21T20:00:00Z 500 17.86
2026-09-21T20:00:00Z 200 191.03
2026-09-21T20:00:00Z 404 92.88
2026-09-21T20:00:00Z 200 63.09
2026-09-21T20:00:00Z 200 151.43
2026-09-21T20:00:00Z 200 53.88
2026-09-21T20:00:00Z 200 145.17
2026-09-21T20:00:00Z 500 45.24
2026-09-21T20:00:00Z 200 154.00
2026-09-21T20:00:00Z 200 116.75
2026-09-21T20:00:00Z 200 130.19
2026-09-21T20:00:00Z 200 172.79
2026-09-21T20:00:00Z 200 182.82
2026-09-21T20:00:00Z 200 41.06
2026-09-21T20:00:00Z 200 39.18
2026-09-21T20:00:00Z 404 11.05
2026-09-21T20:00:00Z 500 184.18
2026-09-21T20:00:00Z 200 14.38
2026-09-21T20:00:00Z 404 125.78
2026-09-21T20:00:00Z 200 189.10
2026-09-21T20:00:00Z 200 156.66
2026-09-21T20:00:00Z 500 50.29
2026-09-21T20:00:00Z 200 136.05
2026-09-21T20:00:00Z 500 79.01
2026-09-21T20:00:00Z 200 184.76
2026-09-21T20:00:00Z 200 101.46
2026-09-21T20:00:00Z 200 80.20
2026-09-21T20:00:00Z 500 61.76
2026-09-21T20:00:00Z 404 106.67
2026-09-21T20:00:00Z 200 131.07
2026-09-21T20:00:00Z 500 92.50
2026-09-21T20:00:00Z 200 135.55
2026-09-21T20:00:00Z 500 81.97
2026-09-21T20:00:00Z 500 175.45
2026-09-21T20:00:00Z 200 45.21
2026-09-21T20:00:00Z 404 186.56
2026-09-21T20:00:00Z 200 26.71
2026-09-21T20:00:00Z 200 140.42
2026-09-21T20:00:00Z 404 161.28
2026-09-21T20:00:00Z 500 63.45
2026-09-21T20:00:00Z 200 152.54
2026-09-21T20:00:00Z 500 176.34
2026-09-21T20:00:00Z 200 26.67
2026-09-21T20:00:00Z 500 22.10
2026-09-21T20:00:00Z 200 49.79
2026-09-21T20:00:00Z 200 135.88
2026-09-21T20:00:00Z 200 14.76
2026-09-21T20:00:00Z 200 35.09
2026-09-21T20:00:00Z 500 127.30
2026-09-21T20:00:00Z 200 186.41
2026-09-21T20:00:00Z 200 138.11
2026-09-21T20:00:00Z 404 54.92
2026-09-21T20:00:00Z 200 76.28
2026-09-21T20:00:00Z 500 57.90
2026-09-21T20:00:00Z 200 36.14
2026-09-21T20:00:00Z 200 37.66
2026-09-21T20:00:00Z 404 12.05
2026-09-21T20:00:00Z 200 194.59
2026-09-21T20:00:00Z 200 128.87
2026-09-21T20:00:00Z 404 162.16
2026-09-21T20:00:00Z 404 199.70
2026-09-21T20:00:00Z 200 139.74
2026-09-21T20:00:00Z 200 60.25
2026-09-21T20:00:00Z 200 43.02
2026-09-21T20:00:00Z 200 133.70
2026-09-21T20:00:00Z 404 170.74
2026-09-21T20:00:00Z 200 126.76
2026-09-21T20:00:00Z 404 59.07
2026-09-21T20:00:00Z 200 95.97
2026-09-21T20:00:00Z 200 24.56
2026-09-21T20:00:00Z 200 35.17
2026-09-21T20:00:00Z 200 172.29
2026-09-21T20:00:00Z 200 51.45
2026-09-21T20:00:00Z 200 153.06
2026-09-21T20:00:00Z 200 140.38
2026-09-21T20:00:00Z 200 87.17
2026-09-21T20:00:00Z 200 73.06
2026-09-21T20:00:00Z 200 79.44
2026-09-21T20:00:00Z 200 113.79
2026-09-21T20:00:00Z 200 95.05
2026-09-21T20:00:00Z 404 111.55
2026-09-21T20:00:00Z 500 91.22
2026-09-21T20:00:00Z 404 157.85
2026-09-21T20:00:00Z 500 135.24
2026-09-21T20:00:00Z 404 150.89
2026-09-21T20:00:00Z 200 94.21
2026-09-21T20:00:00Z 200 196.73
2026-09-21T20:00:00Z 404 142.53
2026-09-21T20:00:00Z 500 87.63
2026-09-21T20:00:00Z 200 164.68
2026-09-21T20:00:00Z 200 30.70
2026-09-21T20:00:00Z 200 17.83
2026-09-21T20:00:00Z 404 28.26
2026-09-21T20:00:00Z 200 76.10
2026-09-21T20:00:00Z 200 55.90
2026-09-21T20:00:00Z 200 144.35
2026-09-21T20:00:00Z 404 105.92
2026-09-21T20:00:00Z 200 39.88
2026-09-21T20:00:00Z 200 119.48
2026-09-21T20:00:00Z 500 182.66
2026-09-21T20:00:00Z 404 14.22
2026-09-21T20:00:00Z 200 154.05
2026-09-21T20:00:00Z 500 53.05
2026-09-21T20:00:00Z 200 131.00
2026-09-21T20:00:00Z 404 77.25
2026-09-21T20:00:00Z 200 12.67
2026-09-21T20:00:00Z 200 22.35
2026-09-21T20:00:00Z 200 126.00
2026-09-21T20:00:00Z 200 148.33
2026-09-21T20:00:00Z 200 109.89
2026-09-21T20:00:00Z 200 32.62
2026-09-21T20:00:00Z 200 140.98
2026-09-21T20:00:00Z 200 86.34
2026-09-21T20:00:00Z 500 159.61
2026-09-21T20:00:00Z 200 60.28
2026-09-21T20:00:00Z 404 199.17
2026-09-21T20:00:00Z 200 172.08
2026-09-21T20:00:00Z 200 114.46
2026-09-21T20:00:00Z 200 159.42
2026-09-21T20:00:00Z 200 177.72
2026-09-21T20:00:00Z 500 89.35
2026-09-21T20:00:00Z 404 48.20
2026-09-21T20:00:00Z 200 106.54
2026-09-21T20:00:00Z 404 186.85
2026-09-21T20:00:00Z 404 198.37
2026-09-21T20:00:00Z 404 78.11
2026-09-21T20:00:00Z 500 77.07
2026-09-21T20:00:00Z 500 162.72
2026-09-21T20:00:00Z 404 41.45
2026-09-21T20:00:00Z 200 17.95
2026-09-21T20:00:00Z 404 72.22
2026-09-21T20:00:00Z 200 86.77
2026-09-21T20:00:00Z 404 122.56
2026-09-21T20:00:00Z 500 149.93
2026-09-21T20:00:00Z 200 106.97
2026-09-21T20:00:00Z 200 139.55
2026-09-21T20:00:00Z 404 138.32
2026-09-21T20:00:00Z 200 57.21
2026-09-21T20:00:00Z 200 64.80
2026-09-21T20:00:00Z 500 197.49
2026-09-21T20:00:00Z 200 63.29
2026-09-21T20:00:00Z 200 121.19
2026-09-21T20:00:00Z 200 118.39
2026-09-21T20:00:00Z 404 170.07
2026-09-21T20:00:00Z 404 114.22
2026-09-21T20:00:00Z 200 23.67
2026-09-21T20:00:00Z 200 162.92
2026-09-21T20:00:00Z 404 106.73
2026-09-21T20:00:00Z 500 146.27
2026-09-21T20:00:00Z 200 126.33
2026-09-21T20:00:00Z 200 85.86
2026-09-21T20:00:00Z 200 55.56
2026-09-21T20:00:00Z 404 135.33
2026-09-21T20:00:00Z 500 186.48
2026-09-21T20:00:00Z 500 114.29
2026-09-21T20:00:00Z 200 191.84
2026-09-21T20:00:00Z 500 27.94
2026-09-21T20:00:00Z 404 10.22
2026-09-21T20:00:00Z 200 20.14
2026-09-21T20:00:00Z 200 182.89
2026-09-21T20:00:00Z 200 94.58
2026-09-21T20:00:00Z 200 15.97
2026-09-21T20:00:00Z 404 23.92
2026-09-21T20:00:00Z 500 43.68
2026-09-21T20:00:00Z 200 10.84
2026-09-21T20:00:00Z 200 134.64
2026-09-21T20:00:00Z 404 51.77
2026-09-21T20:00:00Z 200 60.34
2026-09-21T20:00:00Z 200 40.81
2026-09-21T20:00:00Z 404 98.88
2026-09-21T20:00:00Z 500 170.30
2026-09-21T20:00:00Z 200 95.74
2026-09-21T20:00:00Z 200 121.34
2026-09-21T20:00:00Z 404 96.33
2026-09-21T20:00:00Z 200 114.06
2026-09-21T20:00:00Z 500 134.46
2026-09-21T20:00:00Z 404 199.13
2026-09-21T20:00:00Z 200 98.58
2026-09-21T20:00:00Z 404 44.79
2026-09-21T20:00:00Z 500 58.80
2026-09-21T20:00:00Z 404 61.17
2026-09-21T20:00:00Z 200 129.29
2026-09-21T20:00:00Z 200 140.62
2026-09-21T20:00:00Z 404 103.04
2026-09-21T20:00:00Z 200 147.40
2026-09-21T20:00:00Z 200 58.29
2026-09-21T20:00:00Z 200 188.45
2026-09-21T20:00:00Z 404 143.27
2026-09-21T20:00:00Z 404 97.49
2026-09-21T20:00:00Z 200 19.71
2026-09-21T20:00:00Z 200 129.24
2026-09-21T20:00:00Z 404 153.18
2026-09-21T20:00:00Z 200 186.05
2026-09-21T20:00:00Z 404 141.78
2026-09-21T20:00:00Z 200 127.94
2026-09-21T20:00:00Z 200 36.96
2026-09-21T20:00:00Z 200 143.24
2026-09-21T20:00:00Z 500 117.52
2026-09-21T20:00:00Z 500 199.87
2026-09-21T20:00:00Z 200 25.08
2026-09-21T20:00:00Z 200 17.51
2026-09-21T20:00:00Z 500 157.55
2026-09-21T20:00:00Z 404 148.46
2026-09-21T20:00:00Z 200 121.08
2026-09-21T20:00:00Z 404 24.25
2026-09-21T20:00:00Z 200 162.73
2026-09-21T20:00:00Z 200 191.52
2026-09-21T20:00:00Z 200 195.59
2026-09-21T20:00:00Z 500 114.63
2026-09-21T20:00:00Z 404 44.80
2026-09-21T20:00:00Z 200 174.29
2026-09-21T20:00:00Z 500 68.12
2026-09-21T20:00:00Z 200 124.92
2026-09-21T20:00:00Z 200 89.25
2026-09-21T20:00:00Z 200 133.56
2026-09-21T20:00:00Z 500 72.61
2026-09-21T20:00:00Z 200 56.79
2026-09-21T20:00:00Z 200 76.20
2026-09-21T20:00:00Z 404 194.86
2026-09-21T20:00:00Z 200 21.89
2026-09-21T20:00:00Z 200 21.77
2026-09-21T20:00:00Z 200 59.58
2026-09-21T20:00:00Z 200 18.04
2026-09-21T20:00:00Z 200 57.15
2026-09-21T20:00:00Z 200 168.49
2026-09-21T20:00:00Z 404 31.53
2026-09-21T20:00:00Z 200 108.08
2026-09-21T20:00:00Z 200 135.27
2026-09-21T20:00:00Z 200 159.50
2026-09-21T20:00:00Z 200 183.43
2026-09-21T20:00:00Z 404 126.20
2026-09-21T20:00:00Z 200 182.48
2026-09-21T20:00:00Z 200 37.36
2026-09-21T20:00:00Z 404 63.43
2026-09-21T20:00:00Z 404 115.05
2026-09-21T20:00:00Z 200 105.72
2026-09-21T20:00:00Z 200 196.58
2026-09-21T20:00:00Z 500 91.74
2026-09-21T20:00:00Z 200 171.58
2026-09-21T20:00:00Z 500 62.48
2026-09-21T20:00:00Z 200 143.20
2026-09-21T20:00:00Z 200 53.92
2026-09-21T20:00:00Z 200 198.59
2026-09-21T20:00:00Z 200 192.56
2026-09-21T20:00:00Z 500 80.60
2026-09-21T20:00:00Z 200 171.88
2026-09-21T20:00:00Z 500 32.30
2026-09-21T20:00:00Z 200 102.18
2026-09-21T20:00:00Z 200 79.70
2026-09-21T20:00:00Z 200 192.35
2026-09-21T20:00:00Z 200 190.97
2026-09-21T20:00:00Z 500 184.35
2026-09-21T20:00:00Z 404 60.45
2026-09-21T20:00:00Z 404 12.06
2026-09-21T20:00:00Z 404 113.52
2026-09-21T20:00:00Z 200 136.49
2026-09-21T20:00:00Z 200 149.50
2026-09-21T20:00:00Z 200 59.57
2026-09-21T20:00:00Z 404 55.70
2026-09-21T20:00:00Z 200 11.67
2026-09-21T20:00:00Z 404 53.45
2026-09-21T20:00:00Z 200 52.39
2026-09-21T20:00:00Z 404 169.95
2026-09-21T20:00:00Z 200 184.01
2026-09-21T20:00:00Z 404 88.21
2026-09-21T20:00:00Z 500 124.83
2026-09-21T20:00:00Z 404 93.11
2026-09-21T20:00:00Z 404 36.84
2026-09-21T20:00:00Z 200 96.78
2026-09-21T20:00:00Z 200 88.39
2026-09-21T20:00:00Z 500 14.10
2026-09-21T20:00:00Z 200 116.16
2026-09-21T20:00:00Z 500 67.24
2026-09-21T20:00:00Z 200 118.20
2026-09-21T20:00:00Z 200 149.23
2026-09-21T20:00:00Z 404 113.74
2026-09-21T20:00:00Z 200 55.26
2026-09-21T20:00:00Z 500 45.73
2026-09-21T20:00:00Z 200 55.38
2026-09-21T20:00:00Z 200 56.86
2026-09-21T20:00:00Z 200 116.30
2026-09-21T20:00:00Z 500 23.97
2026-09-21T20:00:00Z 200 30.91
2026-09-21T20:00:00Z 404 19.81
2026-09-21T20:00:00Z 404 16.10
2026-09-21T20:00:00Z 500 199.54
2026-09-21T20:00:00Z 200 16.03
2026-09-21T20:00:00Z 404 11.12
2026-09-21T20:00:00Z 500 71.93
2026-09-21T20:00:00Z 200 185.75
2026-09-21T20:00:00Z 200 98.93
2026-09-21T20:00:00Z 200 75.60
2026-09-21T20:00:00Z 404 75.70
2026-09-21T20:00:00Z 500 56.46
2026-09-21T20:00:00Z 200 68.62
2026-09-21T20:00:00Z 404 27.40
2026-09-21T20:00:00Z 404 193.25
2026-09-21T20:00:00Z 200 36.96
2026-09-21T20:00:00Z 404 73.43
2026-09-21T20:00:00Z 200 118.85
2026-09-21T20:00:00Z 200 95.46
2026-09-21T20:00:00Z 200 187.92
2026-09-21T20:00:00Z 200 71.10
2026-09-21T20:00:00Z 404 61.68
2026-09-21T20:00:00Z 200 133.62
2026-09-21T20:00:00Z 404 167.27
2026-09-21T20:00:00Z 200 59.31
2026-09-21T20:00:00Z 200 49.82
2026-09-21T20:00:00Z 500 22.94
2026-09-21T20:00:00Z 500 46.12
2026-09-21T20:00:00Z 200 76.74
2026-09-21T20:00:00Z 200 118.42
2026-09-21T20:00:00Z 500 131.42
2026-09-21T20:00:00Z 200 156.01
2026-09-21T20:00:00Z 404 34.41
2026-09-21T20:00:00Z 200 27.42
2026-09-21T20:00:00Z 200 28.13
2026-09-21T20:00:00Z 404 121.90
2026-09-21T20:00:00Z 200 27.40
2026-09-21T20:00:00Z 200 23.15
2026-09-21T20:00:00Z 200 47.41
2026-09-21T20:00:00Z 200 140.25
2026-09-21T20:00:00Z 200 174.46
2026-09-21T20:00:00Z 200 127.39
2026-09-21T20:00:00Z 200 175.76
2026-09-21T20:00:00Z 500 157.75
2026-09-21T20:00:00Z 404 50.63
2026-09-21T20:00:00Z 404 163.29
2026-09-21T20:00:00Z 500 94.54
2026-09-21T20:00:00Z 404 171.07
2026-09-21T20:00:00Z 500 156.36
2026-09-21T20:00:00Z 200 26.46
2026-09-21T20:00:00Z 500 88.96
2026-09-21T20:00:00Z 200 138.92
2026-09-21T20:00:00Z 200 74.62
2026-09-21T20:00:00Z 404 107.22
2026-09-21T20:00:00Z 404 64.24
2026-09-21T20:00:00Z 200 158.43
2026-09-21T20:00:00Z 200 177.69
2026-09-21T20:00:00Z 404 128.97
2026-09-21T20:00:00Z 200 179.39
2026-09-21T20:00:00Z 200 74.31
2026-09-21T20:00:00Z 200 65.39
2026-09-21T20:00:00Z 200 173.59
2026-09-21T20:00:00Z 200 84.80
2026-09-21T20:00:00Z 200 25.21
2026-09-21T20:00:00Z 404 51.06
2026-09-21T20:00:00Z 200 83.94
2026-09-21T20:00:00Z 404 154.79
2026-09-21T20:00:00Z 200 197.82
2026-09-21T20:00:00Z 200 108.16
2026-09-21T20:00:00Z 200 185.60
2026-09-21T20:00:00Z 200 43.90
2026-09-21T20:00:00Z 200 135.15
2026-09-21T20:00:00Z 200 125.57
2026-09-21T20:00:00Z 404 13.84
2026-09-21T20:00:00Z 200 82.03
2026-09-21T20:00:00Z 200 85.90
2026-09-21T20:00:00Z 404 179.40
2026-09-21T20:00:00Z 200 134.46
2026-09-21T20:00:00Z 404 120.48
2026-09-21T20:00:00Z 200 108.26
2026-09-21T20:00:00Z 500 10.07
2026-09-21T20:00:00Z 200 133.01
2026-09-21T20:00:00Z 200 71.59
2026-09-21T20:00:00Z 200 181.15
2026-09-21T20:00:00Z 200 93.54
2026-09-21T20:00:00Z 500 62.46
2026-09-21T20:00:00Z 200 70.18
2026-09-21T20:00:00Z 200 48.08
2026-09-21T20:00:00Z 200 25.15
2026-09-21T20:00:00Z 404 58.64
2026-09-21T20:00:00Z 200 103.31
2026-09-21T20:00:00Z 404 98.51
2026-09-21T20:00:00Z 200 42.13
2026-09-21T20:00:00Z 200 111.61
2026-09-21T20:00:00Z 200 84.85
2026-09-21T20:00:00Z 200 150.63
2026-09-21T20:00:00Z 200 176.71
2026-09-21T20:00:00Z 200 17.32
2026-09-21T20:00:00Z 200 16.19
2026-09-21T20:00:00Z 200 94.13
2026-09-21T20:00:00Z 200 106.20
2026-09-21T20:00:00Z 200 184.13
2026-09-21T20:00:00Z 200 53.28
2026-09-21T20:00:00Z 500 43.38
2026-09-21T20:00:00Z 200 59.41
2026-09-21T20:00:00Z 500 33.37
2026-09-21T20:00:00Z 200 18.43
2026-09-21T20:00:00Z 200 129.48
2026-09-21T20:00:00Z 404 68.01
2026-09-21T20:00:00Z 200 28.59
2026-09-21T20:00:00Z 200 170.49
2026-09-21T20:00:00Z 200 153.42
2026-09-21T20:00:00Z 500 98.97
2026-09-21T20:00:00Z 500 174.44
2026-09-21T20:00:00Z 200 80.28
2026-09-21T20:00:00Z 500 69.62
2026-09-21T20:00:00Z 200 104.11
2026-09-21T20:00:00Z 200 126.42
2026-09-21T20:00:00Z 200 163.89
2026-09-21T20:00:00Z 404 182.82
2026-09-21T20:00:00Z 404 84.50
2026-09-21T20:00:00Z 200 73.93
2026-09-21T20:00:00Z 500 18.86
2026-09-21T20:00:00Z 500 78.44
2026-09-21T20:00:00Z 200 150.69
2026-09-21T20:00:00Z 200 131.79
2026-09-21T20:00:00Z 200 180.88
2026-09-21T20:00:00Z 200 31.90
2026-09-21T20:00:00Z 500 138.71
2026-09-21T20:00:00Z 500 151.26
2026-09-21T20:00:00Z 200 146.76
2026-09-21T20:00:00Z 200 141.35
2026-09-21T20:00:00Z 200 169.24
2026-09-21T20:00:00Z 404 179.46
2026-09-21T20:00:00Z 500 43.76
2026-09-21T20:00:00Z 200 23.26
2026-09-21T20:00:00Z 404 73.91
2026-09-21T20:00:00Z 200 14.94
2026-09-21T20:00:00Z 200 68.46
2026-09-21T20:00:00Z 200 15.02
2026-09-21T20:00:00Z 200 35.94
2026-09-21T20:00:00Z 500 139.52
2026-09-21T20:00:00Z 200 181.43
2026-09-21T20:00:00Z 200 87.16
2026-09-21T20:00:00Z 200 198.01
2026-09-21T20:00:00Z 200 104.30
2026-09-21T20:00:00Z 500 176.13
2026-09-21T20:00:00Z 200 195.00
2026-09-21T20:00:00Z 200 122.35
2026-09-21T20:00:00Z 200 155.20
2026-09-21T20:00:00Z 404 177.56
2026-09-21T20:00:00Z 200 182.69
2026-09-21T20:00:00Z 404 164.69
2026-09-21T20:00:00Z 404 93.76
2026-09-21T20:00:00Z 200 138.92
2026-09-21T20:00:00Z 200 110.91
2026-09-21T20:00:00Z 500 159.67
2026-09-21T20:00:00Z 500 51.36
2026-09-21T20:00:00Z 200 56.60
2026-09-21T20:00:00Z 200 37.11
2026-09-21T20:00:00Z 500 120.32
2026-09-21T20:00:00Z 404 163.66
2026-09-21T20:00:00Z 500 145.44
2026-09-21T20:00:00Z 200 142.62
2026-09-21T20:00:00Z 500 170.96
2026-09-21T20:00:00Z 500 65.84
2026-09-21T20:00:00Z 200 50.88
2026-09-21T20:00:00Z 404 96.73
2026-09-21T20:00:00Z 500 92.71
2026-09-21T20:00:00Z 200 86.20
2026-09-21T20:00:00Z 200 161.58
2026-09-21T20:00:00Z 200 13.51
2026-09-21T20:00:00Z 500 124.08
2026-09-21T20:00:00Z 200 162.21
2026-09-21T20:00:00Z 200 103.18
2026-09-21T20:00:00Z 500 157.59
2026-09-21T20:00:00Z 500 155.91
2026-09-21T20:00:00Z 200 93.86
2026-09-21T20:00:00Z 200 25.20
2026-09-21T20:00:00Z 500 196.07
2026-09-21T20:00:00Z 500 155.55
2026-09-21T20:00:00Z 200 10.28
2026-09-21T20:00:00Z 200 154.09
2026-09-21T20:00:00Z 404 198.55
2026-09-21T20:00:00Z 200 90.83
2026-09-21T20:00:00Z 500 133.29
2026-09-21T20:00:00Z 500 89.51
2026-09-21T20:00:00Z 200 194.18
2026-09-21T20:00:00Z 200 182.98
2026-09-21T20:00:00Z 200 59.89
2026-09-21T20:00:00Z 200 23.97
2026-09-21T20:00:00Z 200 19.12
2026-09-21T20:00:00Z 200 174.42
2026-09-21T20:00:00Z 200 29.12
2026-09-21T20:00:00Z 404 63.91
2026-09-21T20:00:00Z 200 56.75
2026-09-21T20:00:00Z 404 20.72
2026-09-21T20:00:00Z 200 183.15
2026-09-21T20:00:00Z 200 39.10
2026-09-21T20:00:00Z 200 36.82
2026-09-21T20:00:00Z 500 36.96
2026-09-21T20:00:00Z 200 186.15
2026-09-21T20:00:00Z 200 19.68
2026-09-21T20:00:00Z 500 61.48
2026-09-21T20:00:00Z 500 151.10
2026-09-21T20:00:00Z 500 155.31
2026-09-21T20:00:00Z 500 44.74
2026-09-21T20:00:00Z 200 159.55
2026-09-21T20:00:00Z 200 171.53
2026-09-21T20:00:00Z 200 27.18
2026-09-21T20:00:00Z 404 124.29
2026-09-21T20:00:00Z 500 40.19
2026-09-21T20:00:00Z 200 150.23
2026-09-21T20:00:00Z 200 117.70
2026-09-21T20:00:00Z 200 106.13
2026-09-21T20:00:00Z 200 88.52
2026-09-21T20:00:00Z 500 119.40
2026-09-21T20:00:00Z 200 56.51
2026-09-21T20:00:00Z 200 135.02
2026-09-21T20:00:00Z 200 132.48
2026-09-21T20:00:00Z 200 199.37
2026-09-21T20:00:00Z 200 152.64
2026-09-21T20:00:00Z 200 112.11
2026-09-21T20:00:00Z 200 138.63
2026-09-21T20:00:00Z 200 27.20
2026-09-21T20:00:00Z 200 86.90
2026-09-21T20:00:00Z 200 123.21
2026-09-21T20:00:00Z 200 72.74
2026-09-21T20:00:00Z 200 87.23
2026-09-21T20:00:00Z 200 39.73
2026-09-21T20:00:00Z 200 92.16
2026-09-21T20:00:00Z 500 136.00
2026-09-21T20:00:00Z 200 51.63
2026-09-21T20:00:00Z 200 184.62
2026-09-21T20:00:00Z 200 11.94
2026-09-21T20:00:00Z 200 134.67
2026-09-21T20:00:00Z 200 127.72
2026-09-21T20:00:00Z 200 33.72
2026-09-21T20:00:00Z 200 108.98
2026-09-21T20:00:00Z 200 33.21
2026-09-21T20:00:00Z 200 35.22
2026-09-21T20:00:00Z 404 63.81
2026-09-21T20:00:00Z 200 147.11
2026-09-21T20:00:00Z 200 49.47
2026-09-21T20:00:00Z 404 50.08
2026-09-21T20:00:00Z 500 35.30
2026-09-21T20:00:00Z 200 36.20
2026-09-21T20:00:00Z 404 177.04
2026-09-21T20:00:00Z 500 36.61
2026-09-21T20:00:00Z 404 76.01
2026-09-21T20:00:00Z 200 112.90
2026-09-21T20:00:00Z 500 162.65
2026-09-21T20:00:00Z 200 124.99
2026-09-21T20:00:00Z 200 160.17
2026-09-21T20:00:00Z 404 35.02
2026-09-21T20:00:00Z 200 199.10
2026-09-21T20:00:00Z 200 126.73
2026-09-21T20:00:00Z 500 94.39
2026-09-21T20:00:00Z 500 169.25
2026-09-21T20:00:00Z 200 52.02
2026-09-21T20:00:00Z 200 149.56
2026-09-21T20:00:00Z 200 183.04
2026-09-21T20:00:00Z 200 110.59
2026-09-21T20:00:00Z 200 93.29
2026-09-21T20:00:00Z 200 43.71
2026-09-21T20:00:00Z 200 135.36
2026-09-21T20:00:00Z 500 99.25
2026-09-21T20:00:00Z 200 49.25
2026-09-21T20:00:00Z 200 29.66
2026-09-21T20:00:00Z 404 142.98
2026-09-21T20:00:00Z 404 175.02
2026-09-21T20:00:00Z 500 151.77
2026-09-21T20:00:00Z 200 13.75
2026-09-21T20:00:00Z 200 54.22
2026-09-21T20:00:00Z 500 136.95
2026-09-21T20:00:00Z 500 46.87
2026-09-21T20:00:00Z 200 174.29
2026-09-21T20:00:00Z 200 121.66
2026-09-21T20:00:00Z 200 22.69
2026-09-21T20:00:00Z 200 159.26
2026-09-21T20:00:00Z 404 82.25
2026-09-21T20:00:00Z 500 80.82
2026-09-21T20:00:00Z 200 150.25
2026-09-21T20:00:00Z 200 154.38
2026-09-21T20:00:00Z 200 104.86
2026-09-21T20:00:00Z 500 40.23
2026-09-21T20:00:00Z 500 50.71
2026-09-21T20:00:00Z 500 29.81
2026-09-21T20:00:00Z 200 114.72
2026-09-21T20:00:00Z 200 46.41
2026-09-21T20:00:00Z 200 116.99
2026-09-21T20:00:00Z 500 47.92
2026-09-21T20:00:00Z 500 130.20
2026-09-21T20:00:00Z 404 19.90
2026-09-21T20:00:00Z 200 166.28
2026-09-21T20:00:00Z 200 45.21
2026-09-21T20:00:00Z 200 173.79
2026-09-21T20:00:00Z 200 94.57
2026-09-21T20:00:00Z 404 89.30
2026-09-21T20:00:00Z 404 113.28
2026-09-21T20:00:00Z 200 72.09
2026-09-21T20:00:00Z 404 197.54
2026-09-21T20:00:00Z 500 28.23
2026-09-21T20:00:00Z 404 107.28
2026-09-21T20:00:00Z 500 162.55
2026-09-21T20:00:00Z 200 178.67
2026-09-21T20:00:00Z 404 43.98
2026-09-21T20:00:00Z 500 56.22
2026-09-21T20:00:00Z 200 47.39
2026-09-21T20:00:00Z 500 68.66
2026-09-21T20:00:00Z 200 82.62
2026-09-21T20:00:00Z 404 189.62
2026-09-21T20:00:00Z 200 187.09
2026-09-21T20:00:00Z 404 194.44
2026-09-21T20:00:00Z 200 183.40
2026-09-21T20:00:00Z 500 186.14
2026-09-21T20:00:00Z 200 93.89
2026-09-21T20:00:00Z 404 86.09
2026-09-21T20:00:00Z 500 33.02
2026-09-21T20:00:00Z 200 105.90
2026-09-21T20:00:00Z 404 50.97
2026-09-21T20:00:00Z 500 163.54
2026-09-21T20:00:00Z 200 122.33
2026-09-21T20:00:00Z 500 51.74
2026-09-21T20:00:00Z 200 194.22
2026-09-21T20:00:00Z 500 162.69
2026-09-21T20:00:00Z 500 85.01
2026-09-21T20:00:00Z 200 10.97
2026-09-21T20:00:00Z 200 121.59
2026-09-21T20:00:00Z 200 61.18
2026-09-21T20:00:00Z 200 92.71
2026-09-21T20:00:00Z 200 112.78
2026-09-21T20:00:00Z 200 99.66
2026-09-21T20:00:00Z 200 38.09
2026-09-21T20:00:00Z 404 106.41
2026-09-21T20:00:00Z 200 144.01
2026-09-21T20:00:00Z 200 171.78
2026-09-21T20:00:00Z 200 38.72
2026-09-21T20:00:00Z 200 46.19
2026-09-21T20:00:00Z 500 167.42
2026-09-21T20:00:00Z 200 134.08
2026-09-21T20:00:00Z 200 90.70
2026-09-21T20:00:00Z 500 59.64
2026-09-21T20:00:00Z 200 41.36
2026-09-21T20:00:00Z 500 150.77
2026-09-21T20:00:00Z 404 78.36
2026-09-21T20:00:00Z 200 172.74
2026-09-21T20:00:00Z 200 143.87
2026-09-21T20:00:00Z 200 172.93
2026-09-21T20:00:00Z 200 106.46
2026-09-21T20:00:00Z 200 11.91
2026-09-21T20:00:00Z 500 127.35
2026-09-21T20:00:00Z 200 23.15
2026-09-21T20:00:00Z 404 93.69
2026-09-21T20:00:00Z 404 82.48
2026-09-21T20:00:00Z 200 73.93
2026-09-21T20:00:00Z 200 117.94
2026-09-21T20:00:00Z 200 20.80
2026-09-21T20:00:00Z 200 196.90
2026-09-21T20:00:00Z 200 38.63
2026-09-21T20:00:00Z 404 29.12
2026-09-21T20:00:00Z 200 78.80
2026-09-21T20:00:00Z 200 44.62
2026-09-21T20:00:00Z 404 106.32
2026-09-21T20:00:00Z 500 179.73
2026-09-21T20:00:00Z 200 36.52
2026-09-21T20:00:00Z 200 25.75
2026-09-21T20:00:00Z 500 169.61
2026-09-21T20:00:00Z 200 129.47
2026-09-21T20:00:00Z 200 78.73
2026-09-21T20:00:00Z 200 34.41
2026-09-21T20:00:00Z 404 174.35
2026-09-21T20:00:00Z 200 160.07
2026-09-21T20:00:00Z 200 14.25
2026-09-21T20:00:00Z 404 131.14
2026-09-21T20:00:00Z 200 170.87
2026-09-21T20:00:00Z 200 132.48
2026-09-21T20:00:00Z 200 53.08
2026-09-21T20:00:00Z 404 47.24
2026-09-21T20:00:00Z 200 148.43
2026-09-21T20:00:00Z 404 141.66
2026-09-21T20:00:00Z 200 15.34
2026-09-21T20:00:00Z 200 95.41
2026-09-21T20:00:00Z 200 173.28
2026-09-21T20:00:00Z 500 51.19
2026-09-21T20:00:00Z 404 102.35
2026-09-21T20:00:00Z 200 55.61
2026-09-21T20:00:00Z 404 102.96
2026-09-21T20:00:00Z 200 19.16
2026-09-21T20:00:00Z 200 183.67
2026-09-21T20:00:00Z 500 121.12
2026-09-21T20:00:00Z 200 107.69
2026-09-21T20:00:00Z 200 187.66
2026-09-21T20:00:00Z 200 67.26
2026-09-21T20:00:00Z 200 105.67
2026-09-21T20:00:00Z 200 85.77
2026-09-21T20:00:00Z 200 172.08
2026-09-21T20:00:00Z 200 164.40
2026-09-21T20:00:00Z 500 29.61
2026-09-21T20:00:00Z 404 185.65
2026-09-21T20:00:00Z 500 133.47
2026-09-21T20:00:00Z 200 18.49
2026-09-21T20:00:00Z 404 83.18
2026-09-21T20:00:00Z 200 90.23
2026-09-21T20:00:00Z 200 61.16
2026-09-21T20:00:00Z 200 64.70
2026-09-21T20:00:00Z 404 130.95
2026-09-21T20:00:00Z 200 195.27
2026-09-21T20:00:00Z 200 60.32
2026-09-21T20:00:00Z 404 91.65
2026-09-21T20:00:00Z 200 41.43
2026-09-21T20:00:00Z 200 118.75
2026-09-21T20:00:00Z 200 80.21
2026-09-21T20:00:00Z 200 150.77
2026-09-21T20:00:00Z 200 132.02
2026-09-21T20:00:00Z 200 149.88
2026-09-21T20:00:00Z 500 39.30
2026-09-21T20:00:00Z 500 119.50
2026-09-21T20:00:00Z 200 80.21
2026-09-21T20:00:00Z 404 54.60
2026-09-21T20:00:00Z 200 60.71
2026-09-21T20:00:00Z 500 19.51
2026-09-21T20:00:00Z 404 56.77
2026-09-21T20:00:00Z 200 131.83
2026-09-21T20:00:00Z 200 159.09
2026-09-21T20:00:00Z 404 155.11
2026-09-21T20:00:00Z 200 46.82
2026-09-21T20:00:00Z 200 179.99
2026-09-21T20:00:00Z 500 30.47
2026-09-21T20:00:00Z 200 150.81
2026-09-21T20:00:00Z 500 159.47
2026-09-21T20:00:00Z 404 87.25
2026-09-21T20:00:00Z 200 20.12
2026-09-21T20:00:00Z 404 134.42
2026-09-21T20:00:00Z 200 63.91
2026-09-21T20:00:00Z 200 144.13
2026-09-21T20:00:00Z 200 174.70
2026-09-21T20:00:00Z 200 43.72
2026-09-21T20:00:00Z 404 193.22
2026-09-21T20:00:00Z 200 33.85
2026-09-21T20:00:00Z 500 127.72
2026-09-21T20:00:00Z 200 181.71
2026-09-21T20:00:00Z 200 115.38
2026-09-21T20:00:00Z 404 38.47
2026-09-21T20:00:00Z 404 155.12
2026-09-21T20:00:00Z 200 54.00
2026-09-21T20:00:00Z 404 39.99
2026-09-21T20:00:00Z 500 194.24
2026-09-21T20:00:00Z 200 18.98
2026-09-21T20:00:00Z 200 96.39
2026-09-21T20:00:00Z 200 87.67
2026-09-21T20:00:00Z 200 123.42
2026-09-21T20:00:00Z 404 33.89
2026-09-21T20:00:00Z 404 56.36
2026-09-21T20:00:00Z 500 133.33
2026-09-21T20:00:00Z 404 181.29
2026-09-21T20:00:00Z 200 72.25
2026-09-21T20:00:00Z 404 88.64
2026-09-21T20:00:00Z 200 42.01
2026-09-21T20:00:00Z 200 24.48
2026-09-21T20:00:00Z 200 114.79
2026-09-21T20:00:00Z 500 126.01
2026-09-21T20:00:00Z 500 27.20
2026-09-21T20:00:00Z 200 115.02
2026-09-21T20:00:00Z 404 131.86
2026-09-21T20:00:00Z 200 34.65
2026-09-21T20:00:00Z 404 117.51
2026-09-21T20:00:00Z 200 121.30
2026-09-21T20:00:00Z 200 40.50
2026-09-21T20:00:00Z 404 101.81
2026-09-21T20:00:00Z 200 53.50
2026-09-21T20:00:00Z 200 42.94
2026-09-21T20:00:00Z 500 14.37
2026-09-21T20:00:00Z 200 188.74
2026-09-21T20:00:00Z 200 41.94
2026-09-21T20:00:00Z 200 29.24
2026-09-21T20:00:00Z 200 173.93
2026-09-21T20:00:00Z 200 57.68
2026-09-21T20:00:00Z 200 51.29
2026-09-21T20:00:00Z 200 134.06
2026-09-21T20:00:00Z 200 76.46
2026-09-21T20:00:00Z 200 182.59
2026-09-21T20:00:00Z 500 197.05
2026-09-21T20:00:00Z 200 77.90
2026-09-21T20:00:00Z 200 32.72
2026-09-21T20:00:00Z 200 19.04
2026-09-21T20:00:00Z 200 64.44
2026-09-21T20:00:00Z 200 101.12
2026-09-21T20:00:00Z 200 122.75
2026-09-21T20:00:00Z 200 65.44
2026-09-21T20:00:00Z 200 101.83
2026-09-21T20:00:00Z 200 10.30
2026-09-21T20:00:00Z 500 83.42
2026-09-21T20:00:00Z 200 74.31
2026-09-21T20:00:00Z 404 68.25
2026-09-21T20:00:00Z 404 70.71
2026-09-21T20:00:00Z 200 38.68
2026-09-21T20:00:00Z 404 175.31
2026-09-21T20:00:00Z 200 57.13
2026-09-21T20:00:00Z 200 43.04
2026-09-21T20:00:00Z 200 181.09
2026-09-21T20:00:00Z 200 45.73
2026-09-21T20:00:00Z 200 76.05
2026-09-21T20:00:00Z 200 25.54
2026-09-21T20:00:00Z 200 10.33
2026-09-21T20:00:00Z 200 88.28
2026-09-21T20:00:00Z 200 190.81
2026-09-21T20:00:00Z 200 145.60
2026-09-21T20:00:00Z 200 94.09
2026-09-21T20:00:00Z 200 130.30
2026-09-21T20:00:00Z 200 123.33
2026-09-21T20:00:00Z 200 21.14
2026-09-21T20:00:00Z 404 120.94
2026-09-21T20:00:00Z 500 135.18
2026-09-21T20:00:00Z 200 45.07
2026-09-21T20:00:00Z 200 174.24
2026-09-21T20:00:00Z 404 149.80
2026-09-21T20:00:00Z 200 12.20
2026-09-21T20:00:00Z 200 151.17
2026-09-21T20:00:00Z 200 190.72
2026-09-21T20:00:00Z 200 92.05
2026-09-21T20:00:00Z 500 112.68
2026-09-21T20:00:00Z 200 91.30
2026-09-21T20:00:00Z 200 184.01
2026-09-21T20:00:00Z 404 34.39
2026-09-21T20:00:00Z 404 36.52
2026-09-21T20:00:00Z 404 153.43
2026-09-21T20:00:00Z 200 34.56
2026-09-21T20:00:00Z 404 120.26
2026-09-21T20:00:00Z 404 150.23
2026-09-21T20:00:00Z 200 125.47
2026-09-21T20:00:00Z 404 95.65
2026-09-21T20:00:00Z 200 164.42
2026-09-21T20:00:00Z 200 122.21
2026-09-21T20:00:00Z 200 154.29
2026-09-21T20:00:00Z 200 185.45
2026-09-21T20:00:00Z 500 160.45
2026-09-21T20:00:00Z 500 28.28
2026-09-21T20:00:00Z 200 110.43
2026-09-21T20:00:00Z 500 195.85
2026-09-21T20:00:00Z 200 112.63
2026-09-21T20:00:00Z 200 198.33
2026-09-21T20:00:00Z 200 130.45
2026-09-21T20:00:00Z 500 146.57
2026-09-21T20:00:00Z 200 15.57
2026-09-21T20:00:00Z 500 118.31
2026-09-21T20:00:00Z 500 80.04
2026-09-21T20:00:00Z 500 178.10
2026-09-21T20:00:00Z 404 129.01
2026-09-21T20:00:00Z 200 98.44
2026-09-21T20:00:00Z 200 135.49
2026-09-21T20:00:00Z 200 131.02
2026-09-21T20:00:00Z 200 80.12
2026-09-21T20:00:00Z 404 147.88
2026-09-21T20:00:00Z 200 63.26
2026-09-21T20:00:00Z 200 93.02
2026-09-21T20:00:00Z 404 156.56
2026-09-21T20:00:00Z 200 30.02
2026-09-21T20:00:00Z 500 85.27
2026-09-21T20:00:00Z 200 135.23
2026-09-21T20:00:00Z 200 101.46
2026-09-21T20:00:00Z 200 161.37
2026-09-21T20:00:00Z 200 115.22
2026-09-21T20:00:00Z 404 135.22
2026-09-21T20:00:00Z 404 155.67
2026-09-21T20:00:00Z 200 105.07
2026-09-21T20:00:00Z 404 153.92
2026-09-21T20:00:00Z 200 49.09
2026-09-21T20:00:00Z 200 191.89
2026-09-21T20:00:00Z 500 99.26
2026-09-21T20:00:00Z 200 47.07
2026-09-21T20:00:00Z 200 48.93
2026-09-21T20:00:00Z 404 29.57
2026-09-21T20:00:00Z 200 21.08
2026-09-21T20:00:00Z 404 176.34
2026-09-21T20:00:00Z 200 163.41
2026-09-21T20:00:00Z 200 19.81
2026-09-21T20:00:00Z 404 47.59
2026-09-21T20:00:00Z 500 91.76
2026-09-21T20:00:00Z 500 127.67
2026-09-21T20:00:00Z 200 150.15
2026-09-21T20:00:00Z 200 27.72
2026-09-21T20:00:00Z 404 85.98
2026-09-21T20:00:00Z 200 22.88
2026-09-21T20:00:00Z 200 179.69
2026-09-21T20:00:00Z 500 104.83
2026-09-21T20:00:00Z 404 64.06
2026-09-21T20:00:00Z 200 88.97
2026-09-21T20:00:00Z 404 64.36
2026-09-21T20:00:00Z 200 33.04
2026-09-21T20:00:00Z 200 89.60
2026-09-21T20:00:00Z 500 120.87
2026-09-21T20:00:00Z 200 18.68
2026-09-21T20:00:00Z 500 28.38
2026-09-21T20:00:00Z 500 23.13
2026-09-21T20:00:00Z 200 90.45
2026-09-21T20:00:00Z 200 26.80
2026-09-21T20:00:00Z 200 32.54
2026-09-21T20:00:00Z 500 87.35
2026-09-21T20:00:00Z 404 56.49
2026-09-21T20:00:00Z 200 118.62
2026-09-21T20:00:00Z 200 50.20
2026-09-21T20:00:00Z 200 187.80
2026-09-21T20:00:00Z 500 97.58
2026-09-21T20:00:00Z 404 106.20
2026-09-21T20:00:00Z 404 69.38
2026-09-21T20:00:00Z 500 24.89
2026-09-21T20:00:00Z 200 112.76
2026-09-21T20:00:00Z 200 90.98
2026-09-21T20:00:00Z 200 110.67
2026-09-21T20:00:00Z 200 155.32
2026-09-21T20:00:00Z 200 107.01
2026-09-21T20:00:00Z 200 148.18
2026-09-21T20:00:00Z 200 37.55
2026-09-21T20:00:00Z 200 49.23
2026-09-21T20:00:00Z 404 47.09
2026-09-21T20:00:00Z 200 124.13
2026-09-21T20:00:00Z 200 35.14
2026-09-21T20:00:00Z 200 195.64
2026-09-21T20:00:00Z 200 122.96
2026-09-21T20:00:00Z 200 143.29
2026-09-21T20:00:00Z 200 169.31
2026-09-21T20:00:00Z 500 39.77
2026-09-21T20:00:00Z 200 28.84
2026-09-21T20:00:00Z 500 14.19
2026-09-21T20:00:00Z 200 196.66
2026-09-21T20:00:00Z 200 111.88
2026-09-21T20:00:00Z 404 88.21
2026-09-21T20:00:00Z 200 170.17
2026-09-21T20:00:00Z 404 193.72
2026-09-21T20:00:00Z 404 44.96
2026-09-21T20:00:00Z 200 26.32
2026-09-21T20:00:00Z 200 29.64
2026-09-21T20:00:00Z 200 194.55
2026-09-21T20:00:00Z 500 88.61
2026-09-21T20:00:00Z 200 121.10
2026-09-21T20:00:00Z 404 18.98
2026-09-21T20:00:00Z 200 164.33
2026-09-21T20:00:00Z 200 87.87
2026-09-21T20:00:00Z 200 153.67
2026-09-21T20:00:00Z 500 199.94
2026-09-21T20:00:00Z 200 93.26
2026-09-21T20:00:00Z 200 47.75
2026-09-21T20:00:00Z 200 15.05
2026-09-21T20:00:00Z 200 199.80
2026-09-21T20:00:00Z 404 117.81
2026-09-21T20:00:00Z 200 177.14
2026-09-21T20:00:00Z 404 31.04
2026-09-21T20:00:00Z 200 71.84
2026-09-21T20:00:00Z 500 164.40
2026-09-21T20:00:00Z 200 17.39
2026-09-21T20:00:00Z 500 63.99
2026-09-21T20:00:00Z 200 11.34
2026-09-21T20:00:00Z 404 165.19
2026-09-21T20:00:00Z 200 68.98
2026-09-21T20:00:00Z 200 24.25
2026-09-21T20:00:00Z 200 40.87
2026-09-21T20:00:00Z 200 141.45
2026-09-21T20:00:00Z 404 59.17
2026-09-21T20:00:00Z 404 157.54
2026-09-21T20:00:00Z 200 118.11
2026-09-21T20:00:00Z 200 87.09
2026-09-21T20:00:00Z 200 139.17
2026-09-21T20:00:00Z 200 189.11
2026-09-21T20:00:00Z 200 153.05
2026-09-21T20:00:00Z 200 193.28
2026-09-21T20:00:00Z 200 19.92
2026-09-21T20:00:00Z 200 42.26
2026-09-21T20:00:00Z 200 106.11
2026-09-21T20:00:00Z 500 173.53
2026-09-21T20:00:00Z 200 110.62
2026-09-21T20:00:00Z 200 147.26
2026-09-21T20:00:00Z 200 143.01
2026-09-21T20:00:00Z 200 191.59
2026-09-21T20:00:00Z 200 165.12
2026-09-21T20:00:00Z 404 132.43
2026-09-21T20:00:00Z 404 162.94
2026-09-21T20:00:00Z 404 126.90
2026-09-21T20:00:00Z 500 66.68
2026-09-21T20:00:00Z 500 126.62
2026-09-21T20:00:00Z 200 109.94
2026-09-21T20:00:00Z 500 130.24
2026-09-21T20:00:00Z 404 117.44
2026-09-21T20:00:00Z 404 107.99
2026-09-21T20:00:00Z 200 148.49
2026-09-21T20:00:00Z 500 36.87
2026-09-21T20:00:00Z 404 71.00
2026-09-21T20:00:00Z 200 85.92
2026-09-21T20:00:00Z 200 78.91
2026-09-21T20:00:00Z 500 18.88
2026-09-21T20:00:00Z 200 38.96
2026-09-21T20:00:00Z 200 47.35
2026-09-21T20:00:00Z 200 73.63
2026-09-21T20:00:00Z 200 191.05
2026-09-21T20:00:00Z 200 118.13
2026-09-21T20:00:00Z 500 25.91
2026-09-21T20:00:00Z 200 12.47
2026-09-21T20:00:00Z 404 60.97
2026-09-21T20:00:00Z 200 49.95
2026-09-21T20:00:00Z 200 185.91
2026-09-21T20:00:00Z 200 176.83
2026-09-21T20:00:00Z 200 65.86
2026-09-21T20:00:00Z 200 92.77
2026-09-21T20:00:00Z 200 177.52
2026-09-21T20:00:00Z 500 20.09
2026-09-21T20:00:00Z 500 171.07
2026-09-21T20:00:00Z 200 106.25
2026-09-21T20:00:00Z 500 27.71
2026-09-21T20:00:00Z 200 67.57
2026-09-21T20:00:00Z 404 192.74
2026-09-21T20:00:00Z 200 104.96
2026-09-21T20:00:00Z 200 129.19
2026-09-21T20:00:00Z 200 180.02
2026-09-21T20:00:00Z 200 133.84
2026-09-21T20:00:00Z 200 184.31
2026-09-21T20:00:00Z 200 68.93
2026-09-21T20:00:00Z 404 149.75
2026-09-21T20:00:00Z 500 171.69
2026-09-21T20:00:00Z 200 151.99
2026-09-21T20:00:00Z 200 61.39
2026-09-21T20:00:00Z 200 171.22
2026-09-21T20:00:00Z 200 194.97
2026-09-21T20:00:00Z 500 103.71
2026-09-21T20:00:00Z 200 125.63
2026-09-21T20:00:00Z 404 177.09
2026-09-21T20:00:00Z 200 98.88
2026-09-21T20:00:00Z 404 27.71
2026-09-21T20:00:00Z 200 118.82
2026-09-21T20:00:00Z 404 53.00
2026-09-21T20:00:00Z 500 17.96
2026-09-21T20:00:00Z 200 35.87
2026-09-21T20:00:00Z 200 57.90
2026-09-21T20:00:00Z 404 29.86
2026-09-21T20:00:00Z 200 178.54
2026-09-21T20:00:00Z 404 160.07
2026-09-21T20:00:00Z 404 175.99
2026-09-21T20:00:00Z 404 145.01
2026-09-21T20:00:00Z 404 192.71
2026-09-21T20:00:00Z 500 114.31
2026-09-21T20:00:00Z 200 180.11
2026-09-21T20:00:00Z 200 19.97
2026-09-21T20:00:00Z 200 180.22
2026-09-21T20:00:00Z 200 189.89
2026-09-21T20:00:00Z 200 161.77
2026-09-21T20:00:00Z 200 10.30
2026-09-21T20:00:00Z 404 31.90
2026-09-21T20:00:00Z 200 33.43
2026-09-21T20:00:00Z 404 142.16
2026-09-21T20:00:00Z 500 135.28
2026-09-21T20:00:00Z 200 112.16
2026-09-21T20:00:00Z 404 11.62
2026-09-21T20:00:00Z 404 72.63
2026-09-21T20:00:00Z 404 127.96
2026-09-21T20:00:00Z 200 61.29
2026-09-21T20:00:00Z 200 152.83
2026-09-21T20:00:00Z 404 170.27
2026-09-21T20:00:00Z 200 98.79
2026-09-21T20:00:00Z 500 154.21
2026-09-21T20:00:00Z 200 94.11
2026-09-21T20:00:00Z 200 15.58
2026-09-21T20:00:00Z 404 39.20
2026-09-21T20:00:00Z 200 169.05
2026-09-21T20:00:00Z 500 155.69
2026-09-21T20:00:00Z 200 156.47
2026-09-21T20:00:00Z 404 62.39
2026-09-21T20:00:00Z 404 91.10
2026-09-21T20:00:00Z 200 79.18
2026-09-21T20:00:00Z 500 93.01
2026-09-21T20:00:00Z 404 161.22
2026-09-21T20:00:00Z 200 83.46
2026-09-21T20:00:00Z 200 181.49
2026-09-21T20:00:00Z 200 188.29
2026-09-21T20:00:00Z 200 188.03
2026-09-21T20:00:00Z 200 77.22
2026-09-21T20:00:00Z 200 31.32
2026-09-21T20:00:00Z 200 70.43
2026-09-21T20:00:00Z 200 35.82
2026-09-21T20:00:00Z 404 73.19
2026-09-21T20:00:00Z 200 36.52
2026-09-21T20:00:00Z 500 183.17
2026-09-21T20:00:00Z 200 105.48
2026-09-21T20:00:00Z 200 151.00
2026-09-21T20:00:00Z 200 106.28
2026-09-21T20:00:00Z 200 17.63
2026-09-21T20:00:00Z 200 109.09
2026-09-21T20:00:00Z 404 33.57
2026-09-21T20:00:00Z 200 67.87
2026-09-21T20:00:00Z 500 105.14
2026-09-21T20:00:00Z 500 59.75
2026-09-21T20:00:00Z 200 192.20
2026-09-21T20:00:00Z 404 71.11
2026-09-21T20:00:00Z 500 94.03
2026-09-21T20:00:00Z 500 81.25
2026-09-21T20:00:00Z 500 169.76
2026-09-21T20:00:00Z 200 41.93
2026-09-21T20:00:00Z 200 64.31
2026-09-21T20:00:00Z 200 117.37
2026-09-21T20:00:00Z 200 198.80
2026-09-21T20:00:00Z 200 133.67
2026-09-21T20:00:00Z 200 110.09
2026-09-21T20:00:00Z 404 186.50
2026-09-21T20:00:00Z 200 115.72
2026-09-21T20:00:00Z 200 97.43
2026-09-21T20:00:00Z 500 22.48
2026-09-21T20:00:00Z 404 12.21
2026-09-21T20:00:00Z 500 18.59
2026-09-21T20:00:00Z 200 155.15
2026-09-21T20:00:00Z 500 194.03
2026-09-21T20:00:00Z 200 12.87
2026-09-21T20:00:00Z 404 132.05
2026-09-21T20:00:00Z 200 90.73
2026-09-21T20:00:00Z 500 73.71
2026-09-21T20:00:00Z 200 153.12
2026-09-21T20:00:00Z 500 58.66
2026-09-21T20:00:00Z 500 148.66
2026-09-21T20:00:00Z 500 157.87
2026-09-21T20:00:00Z 200 190.83
2026-09-21T20:00:00Z 200 38.63
2026-09-21T20:00:00Z 200 101.09
2026-09-21T20:00:00Z 200 71.88
2026-09-21T20:00:00Z 404 176.84
2026-09-21T20:00:00Z 200 85.44
2026-09-21T20:00:00Z 500 13.80
2026-09-21T20:00:00Z 200 182.33
2026-09-21T20:00:00Z 200 159.91
2026-09-21T20:00:00Z 404 30.90
2026-09-21T20:00:00Z 200 57.88
2026-09-21T20:00:00Z 404 101.75
2026-09-21T20:00:00Z 500 120.59
2026-09-21T20:00:00Z 200 136.26
2026-09-21T20:00:00Z 200 152.74
2026-09-21T20:00:00Z 500 106.65
2026-09-21T20:00:00Z 200 171.92
2026-09-21T20:00:00Z 200 45.84
2026-09-21T20:00:00Z 500 152.16
2026-09-21T20:00:00Z 200 30.57
2026-09-21T20:00:00Z 200 33.99
2026-09-21T20:00:00Z 500 130.12
2026-09-21T20:00:00Z 404 159.82
2026-09-21T20:00:00Z 200 131.54
2026-09-21T20:00:00Z 200 176.42
2026-09-21T20:00:00Z 200 168.29
2026-09-21T20:00:00Z 200 137.28
2026-09-21T20:00:00Z 500 144.82
2026-09-21T20:00:00Z 200 61.70
2026-09-21T20:00:00Z 500 179.92
2026-09-21T20:00:00Z 200 151.96
2026-09-21T20:00:00Z 200 75.44
2026-09-21T20:00:00Z 200 188.26
2026-09-21T20:00:00Z 500 71.82
2026-09-21T20:00:00Z 200 43.75
2026-09-21T20:00:00Z 200 176.56
2026-09-21T20:00:00Z 200 112.90
2026-09-21T20:00:00Z 200 182.02
2026-09-21T20:00:00Z 404 35.95
2026-09-21T20:00:00Z 200 77.87
2026-09-21T20:00:00Z 200 54.29
2026-09-21T20:00:00Z 200 98.10
2026-09-21T20:00:00Z 404 58.54
2026-09-21T20:00:00Z 500 13.93
2026-09-21T20:00:00Z 500 76.11
2026-09-21T20:00:00Z 200 59.90
2026-09-21T20:00:00Z 200 120.06
2026-09-21T20:00:00Z 404 198.13
2026-09-21T20:00:00Z 200 70.70
2026-09-21T20:00:00Z 200 180.19
2026-09-21T20:00:00Z 200 166.87
2026-09-21T20:00:00Z 200 55.62
2026-09-21T20:00:00Z 200 88.76
2026-09-21T20:00:00Z 200 28.97
2026-09-21T20:00:00Z 200 192.24
2026-09-21T20:00:00Z 404 122.39
2026-09-21T20:00:00Z 200 76.93
2026-09-21T20:00:00Z 200 10.90
2026-09-21T20:00:00Z 200 171.35
2026-09-21T20:00:00Z 404 154.85
2026-09-21T20:00:00Z 200 87.39
2026-09-21T20:00:00Z 200 190.46
2026-09-21T20:00:00Z 404 89.90
2026-09-21T20:00:00Z 200 16.75
2026-09-21T20:00:00Z 500 12.19
2026-09-21T20:00:00Z 200 155.26
2026-09-21T20:00:00Z 200 112.21
2026-09-21T20:00:00Z 200 122.55
2026-09-21T20:00:00Z 200 178.99
2026-09-21T20:00:00Z 200 133.79
2026-09-21T20:00:00Z 404 111.66
2026-09-21T20:00:00Z 200 117.94
2026-09-21T20:00:00Z 200 105.92
2026-09-21T20:00:00Z 200 137.58
2026-09-21T20:00:00Z 500 103.55
2026-09-21T20:00:00Z 200 97.07
2026-09-21T20:00:00Z 500 21.94
2026-09-21T20:00:00Z 500 39.17
2026-09-21T20:00:00Z 200 41.84
2026-09-21T20:00:00Z 404 198.32
2026-09-21T20:00:00Z 200 66.43
2026-09-21T20:00:00Z 500 94.57
2026-09-21T20:00:00Z 200 67.85
2026-09-21T20:00:00Z 200 95.91
2026-09-21T20:00:00Z 500 173.18
2026-09-21T20:00:00Z 200 105.59
2026-09-21T20:00:00Z 200 105.91
2026-09-21T20:00:00Z 200 54.82
2026-09-21T20:00:00Z 404 38.62
2026-09-21T20:00:00Z 404 139.02
2026-09-21T20:00:00Z 404 194.47
2026-09-21T20:00:00Z 200 108.45
2026-09-21T20:00:00Z 200 194.37
2026-09-21T20:00:00Z 200 119.58
2026-09-21T20:00:00Z 200 164.21
2026-09-21T20:00:00Z 200 123.84
2026-09-21T20:00:00Z 404 33.85
2026-09-21T20:00:00Z 200 189.76
2026-09-21T20:00:00Z 200 36.07
2026-09-21T20:00:00Z 200 195.80
2026-09-21T20:00:00Z 500 195.63
2026-09-21T20:00:00Z 200 123.20
2026-09-21T20:00:00Z 200 149.58
2026-09-21T20:00:00Z 200 135.24
2026-09-21T20:00:00Z 200 179.77
2026-09-21T20:00:00Z 200 161.46
2026-09-21T20:00:00Z 200 55.52
2026-09-21T20:00:00Z 200 83.75
2026-09-21T20:00:00Z 200 73.79
2026-09-21T20:00:00Z 200 176.56
2026-09-21T20:00:00Z 500 150.62
2026-09-21T20:00:00Z 200 32.15
2026-09-21T20:00:00Z 200 134.92
2026-09-21T20:00:00Z 200 199.24
2026-09-21T20:00:00Z 200 174.10
2026-09-21T20:00:00Z 200 51.78
2026-09-21T20:00:00Z 200 97.93
2026-09-21T20:00:00Z 404 115.63
2026-09-21T20:00:00Z 404 129.14
2026-09-21T20:00:00Z 404 76.53
2026-09-21T20:00:00Z 200 37.01
2026-09-21T20:00:00Z 200 129.71
2026-09-21T20:00:00Z 200 59.68
2026-09-21T20:00:00Z 404 21.80
2026-09-21T20:00:00Z 200 18.55
2026-09-21T20:00:00Z 200 78.37
2026-09-21T20:00:00Z 200 77.99
2026-09-21T20:00:00Z 500 46.88
2026-09-21T20:00:00Z 200 24.44
2026-09-21T20:00:00Z 404 180.33
2026-09-21T20:00:00Z 200 174.12
2026-09-21T20:00:00Z 200 197.03
2026-09-21T20:00:00Z 404 77.89
2026-09-21T20:00:00Z 200 58.51
2026-09-21T20:00:00Z 404 12.43
2026-09-21T20:00:00Z 200 173.82
2026-09-21T20:00:00Z 200 28.80
2026-09-21T20:00:00Z 500 66.08
2026-09-21T20:00:00Z 200 111.77
2026-09-21T20:00:00Z 200 166.98
2026-09-21T20:00:00Z 404 185.59
2026-09-21T20:00:00Z 200 69.14
2026-09-21T20:00:00Z 200 176.97
2026-09-21T20:00:00Z 200 191.59
2026-09-21T20:00:00Z 404 115.89
2026-09-21T20:00:00Z 404 16.18
2026-09-21T20:00:00Z 404 91.68
2026-09-21T20:00:00Z 404 108.55
2026-09-21T20:00:00Z 404 185.28
2026-09-21T20:00:00Z 200 27.75
2026-09-21T20:00:00Z 404 100.58
2026-09-21T20:00:00Z 404 141.52
2026-09-21T20:00:00Z 200 108.02
2026-09-21T20:00:00Z 200 87.11
2026-09-21T20:00:00Z 404 25.65
2026-09-21T20:00:00Z 200 195.29
2026-09-21T20:00:00Z 404 148.34
2026-09-21T20:00:00Z 200 24.04
2026-09-21T20:00:00Z 200 115.11
2026-09-21T20:00:00Z 200 182.19
2026-09-21T20:00:00Z 404 85.07
2026-09-21T20:00:00Z 500 66.62
2026-09-21T20:00:00Z 200 105.17
2026-09-21T20:00:00Z 404 13.46
2026-09-21T20:00:00Z 404 46.85
2026-09-21T20:00:00Z 200 157.58
2026-09-21T20:00:00Z 200 80.37
2026-09-21T20:00:00Z 200 194.73
2026-09-21T20:00:00Z 200 49.00
2026-09-21T20:00:00Z 200 122.92
2026-09-21T20:00:00Z 404 40.13
2026-09-21T20:00:00Z 200 98.23
2026-09-21T20:00:00Z 200 38.08
2026-09-21T20:00:00Z 200 135.44
2026-09-21T20:00:00Z 500 162.15
2026-09-21T20:00:00Z 200 152.80
2026-09-21T20:00:00Z 404 147.41
2026-09-21T20:00:00Z 404 72.08
2026-09-21T20:00:00Z 200 123.10
2026-09-21T20:00:00Z 404 172.80
2026-09-21T20:00:00Z 200 119.61
2026-09-21T20:00:00Z 200 49.48
2026-09-21T20:00:00Z 200 108.70
2026-09-21T20:00:00Z 200 101.94
2026-09-21T20:00:00Z 200 100.62
2026-09-21T20:00:00Z 200 56.34
2026-09-21T20:00:00Z 200 169.40
2026-09-21T20:00:00Z 200 91.24
2026-09-21T20:00:00Z 200 98.94
2026-09-21T20:00:00Z 200 144.06
2026-09-21T20:00:00Z 200 139.42
2026-09-21T20:00:00Z 200 72.13
2026-09-21T20:00:00Z 200 123.94
2026-09-21T20:00:00Z 200 41.18
2026-09-21T20:00:00Z 200 140.93
2026-09-21T20:00:00Z 500 92.02
2026-09-21T20:00:00Z 200 113.50
2026-09-21T20:00:00Z 404 30.66
2026-09-21T20:00:00Z 500 118.03
2026-09-21T20:00:00Z 404 154.16
2026-09-21T20:00:00Z 500 43.56
2026-09-21T20:00:00Z 200 24.07
2026-09-21T20:00:00Z 404 193.62
2026-09-21T20:00:00Z 200 49.78
2026-09-21T20:00:00Z 200 59.42
2026-09-21T20:00:00Z 200 10.96
2026-09-21T20:00:00Z 404 105.09
2026-09-21T20:00:00Z 404 135.41
2026-09-21T20:00:00Z 200 193.01
2026-09-21T20:00:00Z 200 199.39
2026-09-21T20:00:00Z 200 11.06
2026-09-21T20:00:00Z 500 83.01
2026-09-21T20:00:00Z 404 116.22
2026-09-21T20:00:00Z 404 39.77
2026-09-21T20:00:00Z 500 34.35
2026-09-21T20:00:00Z 200 161.08
2026-09-21T20:00:00Z 200 92.18
2026-09-21T20:00:00Z 404 128.29
2026-09-21T20:00:00Z 500 162.95
2026-09-21T20:00:00Z 500 93.00
2026-09-21T20:00:00Z 404 42.70
2026-09-21T20:00:00Z 200 41.37
2026-09-21T20:00:00Z 200 48.57
2026-09-21T20:00:00Z 200 60.75
2026-09-21T20:00:00Z 500 102.20
2026-09-21T20:00:00Z 404 10.95
2026-09-21T20:00:00Z 200 197.09
2026-09-21T20:00:00Z 500 46.99
2026-09-21T20:00:00Z 200 153.38
2026-09-21T20:00:00Z 500 112.98
2026-09-21T20:00:00Z 404 170.68
2026-09-21T20:00:00Z 200 28.58
2026-09-21T20:00:00Z 200 93.32
2026-09-21T20:00:00Z 200 151.74
2026-09-21T20:00:00Z 404 20.08
2026-09-21T20:00:00Z 200 183.05
2026-09-21T20:00:00Z 200 71.58
2026-09-21T20:00:00Z 200 73.70
2026-09-21T20:00:00Z 200 168.03
2026-09-21T20:00:00Z 404 81.65
2026-09-21T20:00:00Z 200 119.01
2026-09-21T20:00:00Z 200 137.01
2026-09-21T20:00:00Z 500 64.63
2026-09-21T20:00:00Z 200 132.91
2026-09-21T20:00:00Z 200 144.68
2026-09-21T20:00:00Z 200 70.58
2026-09-21T20:00:00Z 404 165.97
2026-09-21T20:00:00Z 404 131.95
2026-09-21T20:00:00Z 200 27.86
2026-09-21T20:00:00Z 200 20.30
2026-09-21T20:00:00Z 200 68.72
2026-09-21T20:00:00Z 200 124.07
2026-09-21T20:00:00Z 200 75.55
2026-09-21T20:00:00Z 404 153.81
2026-09-21T20:00:00Z 200 111.77
2026-09-21T20:00:00Z 404 193.11
2026-09-21T20:00:00Z 200 143.56
2026-09-21T20:00:00Z 200 125.68
2026-09-21T20:00:00Z 404 38.26
2026-09-21T20:00:00Z 404 154.20
2026-09-21T20:00:00Z 200 37.50
2026-09-21T20:00:00Z 200 140.91
2026-09-21T20:00:00Z 200 102.90
2026-09-21T20:00:00Z 200 197.01
2026-09-21T20:00:00Z 500 23.25
2026-09-21T20:00:00Z 500 190.48
2026-09-21T20:00:00Z 200 14.05
2026-09-21T20:00:00Z 200 129.06
2026-09-21T20:00:00Z 200 191.36
2026-09-21T20:00:00Z 404 155.64
2026-09-21T20:00:00Z 200 146.44
2026-09-21T20:00:00Z 500 166.81
2026-09-21T20:00:00Z 200 104.16
2026-09-21T20:00:00Z 200 89.32
2026-09-21T20:00:00Z 404 84.50
2026-09-21T20:00:00Z 404 138.49
2026-09-21T20:00:00Z 404 174.63
2026-09-21T20:00:00Z 404 89.54
2026-09-21T20:00:00Z 500 18.82
2026-09-21T20:00:00Z 200 194.27
2026-09-21T20:00:00Z 404 69.59
2026-09-21T20:00:00Z 200 15.98
2026-09-21T20:00:00Z 500 89.04
2026-09-21T20:00:00Z 200 141.94
2026-09-21T20:00:00Z 200 178.04
2026-09-21T20:00:00Z 500 13.64
2026-09-21T20:00:00Z 200 61.57
2026-09-21T20:00:00Z 200 27.86
2026-09-21T20:00:00Z 404 94.88
2026-09-21T20:00:00Z 404 144.74
2026-09-21T20:00:00Z 200 82.05
2026-09-21T20:00:00Z 404 10.63
2026-09-21T20:00:00Z 200 42.20
2026-09-21T20:00:00Z 500 67.55
2026-09-21T20:00:00Z 200 76.17
2026-09-21T20:00:00Z 200 163.35
2026-09-21T20:00:00Z 200 107.60
2026-09-21T20:00:00Z 500 192.48
2026-09-21T20:00:00Z 200 97.98
2026-09-21T20:00:00Z 200 166.27
2026-09-21T20:00:00Z 200 141.67
2026-09-21T20:00:00Z 404 74.98
2026-09-21T20:00:00Z 200 147.93
2026-09-21T20:00:00Z 200 95.69
2026-09-21T20:00:00Z 200 186.88
2026-09-21T20:00:00Z 200 164.87
2026-09-21T20:00:00Z 404 96.25
2026-09-21T20:00:00Z 404 153.79
2026-09-21T20:00:00Z 200 34.62
2026-09-21T20:00:00Z 200 44.12
2026-09-21T20:00:00Z 200 133.09
2026-09-21T20:00:00Z 200 78.47
2026-09-21T20:00:00Z 500 180.91
2026-09-21T20:00:00Z 200 36.42
2026-09-21T20:00:00Z 500 190.10
2026-09-21T20:00:00Z 200 126.40
2026-09-21T20:00:00Z 200 105.57
2026-09-21T20:00:00Z 500 13.57
2026-09-21T20:00:00Z 200 48.34
2026-09-21T20:00:00Z 404 79.14
2026-09-21T20:00:00Z 200 52.94
2026-09-21T20:00:00Z 404 134.70
2026-09-21T20:00:00Z 200 51.47
2026-09-21T20:00:00Z 500 89.52
2026-09-21T20:00:00Z 200 180.87
2026-09-21T20:00:00Z 500 181.44
2026-09-21T20:00:00Z 200 110.51
2026-09-21T20:00:00Z 200 68.55
2026-09-21T20:00:00Z 200 143.21
2026-09-21T20:00:00Z 500 84.33
2026-09-21T20:00:00Z 404 181.72
2026-09-21T20:00:00Z 500 199.25
2026-09-21T20:00:00Z 500 172.34
2026-09-21T20:00:00Z 404 21.12
2026-09-21T20:00:00Z 200 25.38
2026-09-21T20:00:00Z 200 89.99
2026-09-21T20:00:00Z 404 108.26
2026-09-21T20:00:00Z 404 172.92
2026-09-21T20:00:00Z 200 26.68
2026-09-21T20:00:00Z 200 58.45
2026-09-21T20:00:00Z 200 85.77
2026-09-21T20:00:00Z 200 164.83
2026-09-21T20:00:00Z 500 88.45
2026-09-21T20:00:00Z 500 134.19
2026-09-21T20:00:00Z 404 47.26
2026-09-21T20:00:00Z 404 184.31
2026-09-21T20:00:00Z 404 91.29
2026-09-21T20:00:00Z 404 163.76
2026-09-21T20:00:00Z 500 11.74
2026-09-21T20:00:00Z 404 64.27
2026-09-21T20:00:00Z 200 196.28
2026-09-21T20:00:00Z 404 33.79
2026-09-21T20:00:00Z 200 114.58
2026-09-21T20:00:00Z 500 105.43
2026-09-21T20:00:00Z 404 133.76
2026-09-21T20:00:00Z 200 112.45
2026-09-21T20:00:00Z 500 69.72
2026-09-21T20:00:00Z 500 145.51
2026-09-21T20:00:00Z 500 28.15
2026-09-21T20:00:00Z 500 35.38
2026-09-21T20:00:00Z 200 28.26
2026-09-21T20:00:00Z 200 194.36
2026-09-21T20:00:00Z 200 102.57
2026-09-21T20:00:00Z 404 126.42
2026-09-21T20:00:00Z 404 116.42
2026-09-21T20:00:00Z 200 105.93
2026-09-21T20:00:00Z 200 133.10
2026-09-21T20:00:00Z 500 25.78
2026-09-21T20:00:00Z 500 13.39
2026-09-21T20:00:00Z 500 25.87
2026-09-21T20:00:00Z 200 116.41
2026-09-21T20:00:00Z 500 63.24
2026-09-21T20:00:00Z 200 108.26
2026-09-21T20:00:00Z 500 167.27
2026-09-21T20:00:00Z 200 51.65
2026-09-21T20:00:00Z 404 152.93
2026-09-21T20:00:00Z 500 62.61
2026-09-21T20:00:00Z 200 125.25
2026-09-21T20:00:00Z 404 81.38
2026-09-21T20:00:00Z 500 169.31
2026-09-21T20:00:00Z 200 67.45
2026-09-21T20:00:00Z 500 11.37
2026-09-21T20:00:00Z 200 92.39
2026-09-21T20:00:00Z 200 128.19
2026-09-21T20:00:00Z 404 110.52
2026-09-21T20:00:00Z 404 22.18
2026-09-21T20:00:00Z 404 173.66
2026-09-21T20:00:00Z 500 85.13
2026-09-21T20:00:00Z 404 144.28
2026-09-21T20:00:00Z 200 143.55
2026-09-21T20:00:00Z 200 131.27
2026-09-21T20:00:00Z 500 30.20
2026-09-21T20:00:00Z 200 81.80
2026-09-21T20:00:00Z 200 163.00
2026-09-21T20:00:00Z 500 122.36
2026-09-21T20:00:00Z 500 142.99
2026-09-21T20:00:00Z 200 143.06
2026-09-21T20:00:00Z 404 143.60
2026-09-21T20:00:00Z 404 174.16
2026-09-21T20:00:00Z 200 39.25
2026-09-21T20:00:00Z 200 167.35
2026-09-21T20:00:00Z 404 109.75
2026-09-21T20:00:00Z 200 33.37
2026-09-21T20:00:00Z 404 66.00
2026-09-21T20:00:00Z 200 57.16
2026-09-21T20:00:00Z 200 18.83
2026-09-21T20:00:00Z 500 88.42
2026-09-21T20:00:00Z 200 180.71
2026-09-21T20:00:00Z 404 170.43
2026-09-21T20:00:00Z 200 106.71
2026-09-21T20:00:00Z 200 17.45
2026-09-21T20:00:00Z 404 140.51
2026-09-21T20:00:00Z 500 151.32
2026-09-21T20:00:00Z 404 24.54
2026-09-21T20:00:00Z 404 23.36
2026-09-21T20:00:00Z 200 154.64
2026-09-21T20:00:00Z 200 11.80
2026-09-21T20:00:00Z 404 53.17
2026-09-21T20:00:00Z 500 59.10
2026-09-21T20:00:00Z 500 187.15
2026-09-21T20:00:00Z 200 10.63
2026-09-21T20:00:00Z 200 181.08
2026-09-21T20:00:00Z 500 69.03
2026-09-21T20:00:00Z 200 136.75
2026-09-21T20:00:00Z 404 149.73
2026-09-21T20:00:00Z 200 95.15
2026-09-21T20:00:00Z 200 170.68
2026-09-21T20:00:00Z 500 134.65
2026-09-21T20:00:00Z 500 19.26
2026-09-21T20:00:00Z 500 85.00
2026-09-21T20:00:00Z 500 178.60
2026-09-21T20:00:00Z 200 104.80
2026-09-21T20:00:00Z 200 127.65
2026-09-21T20:00:00Z 200 171.20
2026-09-21T20:00:00Z 404 100.55
2026-09-21T20:00:00Z 200 71.05
2026-09-21T20:00:00Z 500 51.70
2026-09-21T20:00:00Z 200 21.30
2026-09-21T20:00:00Z 200 14.60
2026-09-21T20:00:00Z 200 41.76
2026-09-21T20:00:00Z 200 112.67
2026-09-21T20:00:00Z 200 188.59
2026-09-21T20:00:00Z 200 168.31
2026-09-21T20:00:00Z 200 50.83
2026-09-21T20:00:00Z 500 19.62
2026-09-21T20:00:00Z 200 115.52
2026-09-21T20:00:00Z 200 53.22
2026-09-21T20:00:00Z 200 121.93
2026-09-21T20:00:00Z 404 70.56
2026-09-21T20:00:00Z 200 162.17
2026-09-21T20:00:00Z 200 108.22
2026-09-21T20:00:00Z 200 165.69
2026-09-21T20:00:00Z 500 55.92
2026-09-21T20:00:00Z 500 110.14
2026-09-21T20:00:00Z 200 93.12
2026-09-21T20:00:00Z 200 147.48
2026-09-21T20:00:00Z 404 176.90
2026-09-21T20:00:00Z 200 87.85
2026-09-21T20:00:00Z 200 42.47
2026-09-21T20:00:00Z 500 67.22
2026-09-21T20:00:00Z 404 23.99
2026-09-21T20:00:00Z 200 145.98
2026-09-21T20:00:00Z 200 19.81
2026-09-21T20:00:00Z 500 181.31
2026-09-21T20:00:00Z 404 142.95
2026-09-21T20:00:00Z 200 86.77
2026-09-21T20:00:00Z 200 107.43
2026-09-21T20:00:00Z 200 102.39
2026-09-21T20:00:00Z 200 140.25
2026-09-21T20:00:00Z 200 29.08
2026-09-21T20:00:00Z 500 42.12
2026-09-21T20:00:00Z 200 144.83
2026-09-21T20:00:00Z 200 167.06
2026-09-21T20:00:00Z 200 43.21
2026-09-21T20:00:00Z 500 169.81
2026-09-21T20:00:00Z 200 88.64
2026-09-21T20:00:00Z 200 104.99
2026-09-21T20:00:00Z 200 185.30
2026-09-21T20:00:00Z 404 92.67
2026-09-21T20:00:00Z 404 31.69
2026-09-21T20:00:00Z 404 66.65
2026-09-21T20:00:00Z 200 58.40
2026-09-21T20:00:00Z 500 94.67
2026-09-21T20:00:00Z 500 173.61
2026-09-21T20:00:00Z 404 88.42
2026-09-21T20:00:00Z 200 168.78
2026-09-21T20:00:00Z 200 128.55
2026-09-21T20:00:00Z 200 182.12
2026-09-21T20:00:00Z 200 172.74
2026-09-21T20:00:00Z 404 63.73
2026-09-21T20:00:00Z 404 181.18
2026-09-21T20:00:00Z 500 26.80
2026-09-21T20:00:00Z 200 112.26
2026-09-21T20:00:00Z 404 104.61
2026-09-21T20:00:00Z 500 21.14
2026-09-21T20:00:00Z 404 169.43
2026-09-21T20:00:00Z 200 22.04
2026-09-21T20:00:00Z 404 88.93
2026-09-21T20:00:00Z 404 92.11
2026-09-21T20:00:00Z 200 88.89
2026-09-21T20:00:00Z 404 160.90
2026-09-21T20:00:00Z 200 58.76
2026-09-21T20:00:00Z 404 181.42
2026-09-21T20:00:00Z 200 93.42
2026-09-21T20:00:00Z 200 55.72
2026-09-21T20:00:00Z 404 143.89
2026-09-21T20:00:00Z 500 126.82
2026-09-21T20:00:00Z 200 51.48
2026-09-21T20:00:00Z 200 171.61
2026-09-21T20:00:00Z 200 77.89
2026-09-21T20:00:00Z 404 40.37
2026-09-21T20:00:00Z 200 157.29
2026-09-21T20:00:00Z 200 60.10
2026-09-21T20:00:00Z 404 91.86
2026-09-21T20:00:00Z 200 56.49
2026-09-21T20:00:00Z 200 141.57
2026-09-21T20:00:00Z 200 44.95
2026-09-21T20:00:00Z 500 166.96
2026-09-21T20:00:00Z 500 89.60
2026-09-21T20:00:00Z 404 10.59
2026-09-21T20:00:00Z 200 20.69
2026-09-21T20:00:00Z 200 75.29
2026-09-21T20:00:00Z 200 96.12
2026-09-21T20:00:00Z 404 111.65
2026-09-21T20:00:00Z 200 142.29
2026-09-21T20:00:00Z 500 199.41
2026-09-21T20:00:00Z 200 150.62
2026-09-21T20:00:00Z 200 199.80
2026-09-21T20:00:00Z 200 189.27
2026-09-21T20:00:00Z 404 155.58
2026-09-21T20:00:00Z 500 127.80
2026-09-21T20:00:00Z 404 155.32
2026-09-21T20:00:00Z 200 12.44
2026-09-21T20:00:00Z 200 177.83
2026-09-21T20:00:00Z 200 171.21
2026-09-21T20:00:00Z 404 63.53
2026-09-21T20:00:00Z 404 134.51
2026-09-21T20:00:00Z 200 13.09
2026-09-21T20:00:00Z 200 181.58
2026-09-21T20:00:00Z 200 93.04
2026-09-21T20:00:00Z 500 191.09
2026-09-21T20:00:00Z 200 34.34
2026-09-21T20:00:00Z 200 85.74
2026-09-21T20:00:00Z 404 34.30
2026-09-21T20:00:00Z 500 78.88
2026-09-21T20:00:00Z 500 190.75
2026-09-21T20:00:00Z 200 165.95
2026-09-21T20:00:00Z 200 187.97
2026-09-21T20:00:00Z 404 78.16
2026-09-21T20:00:00Z 500 84.65
2026-09-21T20:00:00Z 404 161.04
2026-09-21T20:00:00Z 500 90.39
2026-09-21T20:00:00Z 200 91.86
2026-09-21T20:00:00Z 200 141.52
2026-09-21T20:00:00Z 200 113.44
2026-09-21T20:00:00Z 200 180.03
2026-09-21T20:00:00Z 500 32.11
2026-09-21T20:00:00Z 200 88.99
2026-09-21T20:00:00Z 404 61.36
2026-09-21T20:00:00Z 200 190.19
2026-09-21T20:00:00Z 200 48.23
2026-09-21T20:00:00Z 200 111.91
2026-09-21T20:00:00Z 200 86.80
2026-09-21T20:00:00Z 200 110.74
2026-09-21T20:00:00Z 200 68.05
2026-09-21T20:00:00Z 200 135.33
2026-09-21T20:00:00Z 200 19.24
2026-09-21T20:00:00Z 200 153.41
2026-09-21T20:00:00Z 200 119.71
2026-09-21T20:00:00Z 404 143.13
2026-09-21T20:00:00Z 404 122.22
2026-09-21T20:00:00Z 500 196.91
2026-09-21T20:00:00Z 500 180.47
2026-09-21T20:00:00Z 200 160.93
2026-09-21T20:00:00Z 404 117.39
2026-09-21T20:00:00Z 200 50.87
2026-09-21T20:00:00Z 200 133.49
2026-09-21T20:00:00Z 200 35.65
2026-09-21T20:00:00Z 200 75.86
2026-09-21T20:00:00Z 404 199.28
2026-09-21T20:00:00Z 200 107.27
2026-09-21T20:00:00Z 404 102.38
2026-09-21T20:00:00Z 500 21.39
2026-09-21T20:00:00Z 404 70.31
2026-09-21T20:00:00Z 200 173.69
2026-09-21T20:00:00Z 200 117.33
2026-09-21T20:00:00Z 200 154.06
2026-09-21T20:00:00Z 200 43.33
2026-09-21T20:00:00Z 500 110.69
2026-09-21T20:00:00Z 404 72.17
2026-09-21T20:00:00Z 500 106.60
2026-09-21T20:00:00Z 500 30.27
2026-09-21T20:00:00Z 404 161.64
2026-09-21T20:00:00Z 200 183.63
2026-09-21T20:00:00Z 200 196.56
2026-09-21T20:00:00Z 200 21.53
2026-09-21T20:00:00Z 200 178.27
2026-09-21T20:00:00Z 200 24.79
2026-09-21T20:00:00Z 200 122.70
2026-09-21T20:00:00Z 500 87.10
2026-09-21T20:00:00Z 500 91.64
2026-09-21T20:00:00Z 404 22.22
2026-09-21T20:00:00Z 200 94.24
2026-09-21T20:00:00Z 404 111.88
2026-09-21T20:00:00Z 500 79.42
2026-09-21T20:00:00Z 500 15.14
2026-09-21T20:00:00Z 200 113.11
2026-09-21T20:00:00Z 200 128.25
2026-09-21T20:00:00Z 404 121.71
2026-09-21T20:00:00Z 500 163.18
2026-09-21T20:00:00Z 200 136.00
2026-09-21T20:00:00Z 200 60.17
2026-09-21T20:00:00Z 500 22.08
2026-09-21T20:00:00Z 200 36.48
2026-09-21T20:00:00Z 200 77.56
2026-09-21T20:00:00Z 500 30.05
2026-09-21T20:00:00Z 200 75.96
2026-09-21T20:00:00Z 404 138.76
2026-09-21T20:00:00Z 500 184.36
2026-09-21T20:00:00Z 200 54.04
2026-09-21T20:00:00Z 500 20.83
2026-09-21T20:00:00Z 200 193.48
2026-09-21T20:00:00Z 200 123.02
2026-09-21T20:00:00Z 200 90.12
2026-09-21T20:00:00Z 200 66.12
2026-09-21T20:00:00Z 200 100.00
2026-09-21T20:00:00Z 500 107.55
2026-09-21T20:00:00Z 200 197.27
2026-09-21T20:00:00Z 500 163.53
2026-09-21T20:00:00Z 500 147.97
2026-09-21T20:00:00Z 200 90.65
2026-09-21T20:00:00Z 200 158.47
2026-09-21T20:00:00Z 200 27.01
2026-09-21T20:00:00Z 404 30.09
2026-09-21T20:00:00Z 404 35.33
2026-09-21T20:00:00Z 200 42.68
2026-09-21T20:00:00Z 200 157.34
2026-09-21T20:00:00Z 404 103.04
2026-09-21T20:00:00Z 500 121.64
2026-09-21T20:00:00Z 200 79.85
2026-09-21T20:00:00Z 404 33.35
2026-09-21T20:00:00Z 200 156.75
2026-09-21T20:00:00Z 404 45.91
2026-09-21T20:00:00Z 500 175.07
2026-09-21T20:00:00Z 500 36.38
2026-09-21T20:00:00Z 200 76.85
2026-09-21T20:00:00Z 200 96.27
2026-09-21T20:00:00Z 404 103.08
2026-09-21T20:00:00Z 200 174.38
2026-09-21T20:00:00Z 200 66.68
2026-09-21T20:00:00Z 200 56.31
2026-09-21T20:00:00Z 200 129.63
2026-09-21T20:00:00Z 200 78.24
2026-09-21T20:00:00Z 200 152.52
2026-09-21T20:00:00Z 200 106.84
2026-09-21T20:00:00Z 200 119.45
2026-09-21T20:00:00Z 200 62.54
2026-09-21T20:00:00Z 200 60.86
2026-09-21T20:00:00Z 500 155.75
2026-09-21T20:00:00Z 200 180.01
2026-09-21T20:00:00Z 200 103.25
2026-09-21T20:00:00Z 200 190.74
2026-09-21T20:00:00Z 404 114.00
2026-09-21T20:00:00Z 200 58.08
2026-09-21T20:00:00Z 200 64.38
2026-09-21T20:00:00Z 200 66.19
2026-09-21T20:00:00Z 200 173.43
2026-09-21T20:00:00Z 200 45.89
2026-09-21T20:00:00Z 200 76.48
2026-09-21T20:00:00Z 200 164.79
2026-09-21T20:00:00Z 500 14.13
2026-09-21T20:00:00Z 500 134.39
2026-09-21T20:00:00Z 500 39.26
2026-09-21T20:00:00Z 200 188.14
2026-09-21T20:00:00Z 200 127.39
2026-09-21T20:00:00Z 404 87.35
2026-09-21T20:00:00Z 200 84.17
2026-09-21T20:00:00Z 200 168.70
2026-09-21T20:00:00Z 404 41.13
2026-09-21T20:00:00Z 200 143.48
2026-09-21T20:00:00Z 200 99.86
2026-09-21T20:00:00Z 500 67.26
2026-09-21T20:00:00Z 200 114.94
2026-09-21T20:00:00Z 500 73.75
2026-09-21T20:00:00Z 500 179.94
2026-09-21T20:00:00Z 200 29.59
2026-09-21T20:00:00Z 200 161.43
2026-09-21T20:00:00Z 200 68.53
2026-09-21T20:00:00Z 200 23.72
2026-09-21T20:00:00Z 200 59.91
2026-09-21T20:00:00Z 200 184.96
2026-09-21T20:00:00Z 200 129.94
2026-09-21T20:00:00Z 200 22.81
2026-09-21T20:00:00Z 404 107.90
2026-09-21T20:00:00Z 404 29.19
2026-09-21T20:00:00Z 200 143.36
2026-09-21T20:00:00Z 500 42.06
2026-09-21T20:00:00Z 200 196.41
2026-09-21T20:00:00Z 200 32.93
2026-09-21T20:00:00Z 500 56.40
2026-09-21T20:00:00Z 200 93.88
2026-09-21T20:00:00Z 404 80.09
2026-09-21T20:00:00Z 200 74.60
2026-09-21T20:00:00Z 200 23.10
2026-09-21T20:00:00Z 404 124.64
2026-09-21T20:00:00Z 200 86.40
2026-09-21T20:00:00Z 200 123.36
2026-09-21T20:00:00Z 200 105.52
2026-09-21T20:00:00Z 200 192.60
2026-09-21T20:00:00Z 200 98.84
2026-09-21T20:00:00Z 200 122.49
2026-09-21T20:00:00Z 500 96.04
2026-09-21T20:00:00Z 200 13.92
2026-09-21T20:00:00Z 200 82.81
2026-09-21T20:00:00Z 200 31.75
2026-09-21T20:00:00Z 200 152.48
2026-09-21T20:00:00Z 404 157.74
2026-09-21T20:00:00Z 200 19.73
2026-09-21T20:00:00Z 200 71.25
2026-09-21T20:00:00Z 200 185.11
2026-09-21T20:00:00Z 200 52.82
2026-09-21T20:00:00Z 500 110.99
2026-09-21T20:00:00Z 500 64.63
2026-09-21T20:00:00Z 500 162.76
2026-09-21T20:00:00Z 200 46.52
2026-09-21T20:00:00Z 404 84.18
2026-09-21T20:00:00Z 500 90.36
2026-09-21T20:00:00Z 200 173.01
2026-09-21T20:00:00Z 404 182.66
2026-09-21T20:00:00Z 500 40.64
2026-09-21T20:00:00Z 500 179.73
2026-09-21T20:00:00Z 500 43.18
2026-09-21T20:00:00Z 200 48.04
2026-09-21T20:00:00Z 404 49.83
2026-09-21T20:00:00Z 200 166.03
2026-09-21T20:00:00Z 200 29.31
2026-09-21T20:00:00Z 404 164.36
2026-09-21T20:00:00Z 200 27.93
2026-09-21T20:00:00Z 500 139.88
2026-09-21T20:00:00Z 200 36.83
2026-09-21T20:00:00Z 200 134.10
2026-09-21T20:00:00Z 200 121.10
2026-09-21T20:00:00Z 200 199.53
2026-09-21T20:00:00Z 200 38.68
2026-09-21T20:00:00Z 200 155.39
2026-09-21T20:00:00Z 404 55.23
2026-09-21T20:00:00Z 404 76.72
2026-09-21T20:00:00Z 200 199.74
2026-09-21T20:00:00Z 200 14.02
2026-09-21T20:00:00Z 404 120.79
2026-09-21T20:00:00Z 200 131.85
2026-09-21T20:00:00Z 200 128.86
2026-09-21T20:00:00Z 404 132.38
2026-09-21T20:00:00Z 404 147.09
2026-09-21T20:00:00Z 404 165.38
2026-09-21T20:00:00Z 500 121.23
2026-09-21T20:00:00Z 200 125.03
2026-09-21T20:00:00Z 500 42.64
2026-09-21T20:00:00Z 200 177.85
2026-09-21T20:00:00Z 404 124.73
2026-09-21T20:00:00Z 404 34.61
2026-09-21T20:00:00Z 200 104.20
2026-09-21T20:00:00Z 404 143.55
2026-09-21T20:00:00Z 200 145.98
2026-09-21T20:00:00Z 200 164.22
2026-09-21T20:00:00Z 500 42.74
2026-09-21T20:00:00Z 200 28.06
2026-09-21T20:00:00Z 200 95.55
2026-09-21T20:00:00Z 500 198.30
2026-09-21T20:00:00Z 200 130.58
2026-09-21T20:00:00Z 200 79.18
2026-09-21T20:00:00Z 200 175.48
2026-09-21T20:00:00Z 200 14.89
2026-09-21T20:00:00Z 200 196.29
2026-09-21T20:00:00Z 200 148.85
2026-09-21T20:00:00Z 404 69.27
2026-09-21T20:00:00Z 500 55.30
2026-09-21T20:00:00Z 500 177.99
2026-09-21T20:00:00Z 200 60.89
2026-09-21T20:00:00Z 200 101.63
2026-09-21T20:00:00Z 200 190.36
2026-09-21T20:00:00Z 200 37.37
2026-09-21T20:00:00Z 404 95.26
2026-09-21T20:00:00Z 404 43.64
2026-09-21T20:00:00Z 500 66.10
2026-09-21T20:00:00Z 200 132.55
2026-09-21T20:00:00Z 404 97.07
2026-09-21T20:00:00Z 200 179.77
2026-09-21T20:00:00Z 500 62.13
2026-09-21T20:00:00Z 200 154.60
2026-09-21T20:00:00Z 404 110.08
2026-09-21T20:00:00Z 500 181.39
2026-09-21T20:00:00Z 500 32.15
2026-09-21T20:00:00Z 200 40.80
2026-09-21T20:00:00Z 500 54.44
2026-09-21T20:00:00Z 404 197.17
2026-09-21T20:00:00Z 200 16.07
2026-09-21T20:00:00Z 200 51.13
2026-09-21T20:00:00Z 500 15.70
2026-09-21T20:00:00Z 200 14.14
2026-09-21T20:00:00Z 500 33.71
2026-09-21T20:00:00Z 404 51.38
2026-09-21T20:00:00Z 404 178.99
2026-09-21T20:00:00Z 500 23.17
2026-09-21T20:00:00Z 500 164.02
2026-09-21T20:00:00Z 200 164.69
2026-09-21T20:00:00Z 200 59.83
2026-09-21T20:00:00Z 200 98.78
2026-09-21T20:00:00Z 404 107.34
2026-09-21T20:00:00Z 200 106.32
2026-09-21T20:00:00Z 404 10.31
2026-09-21T20:00:00Z 200 49.56
2026-09-21T20:00:00Z 500 68.81
2026-09-21T20:00:00Z 200 103.29
2026-09-21T20:00:00Z 200 162.78
2026-09-21T20:00:00Z 200 108.97
2026-09-21T20:00:00Z 200 125.46
2026-09-21T20:00:00Z 404 87.69
2026-09-21T20:00:00Z 200 153.74
2026-09-21T20:00:00Z 200 63.39
2026-09-21T20:00:00Z 200 47.56
2026-09-21T20:00:00Z 200 40.25
2026-09-21T20:00:00Z 200 160.44
2026-09-21T20:00:00Z 500 61.76
2026-09-21T20:00:00Z 200 173.40
2026-09-21T20:00:00Z 200 133.20
2026-09-21T20:00:00Z 500 134.81
2026-09-21T20:00:00Z 500 135.79
2026-09-21T20:00:00Z 200 143.76
2026-09-21T20:00:00Z 404 78.07
2026-09-21T20:00:00Z 500 96.94
2026-09-21T20:00:00Z 200 21.06
2026-09-21T20:00:00Z 500 184.27
2026-09-21T20:00:00Z 200 137.83
2026-09-21T20:00:00Z 404 82.37
2026-09-21T20:00:00Z 404 178.27
2026-09-21T20:00:00Z 404 146.23
2026-09-21T20:00:00Z 200 160.78
2026-09-21T20:00:00Z 404 20.77
2026-09-21T20:00:00Z 200 96.04
2026-09-21T20:00:00Z 200 92.44
2026-09-21T20:00:00Z 200 130.14
2026-09-21T20:00:00Z 200 148.57
2026-09-21T20:00:00Z 200 24.36
2026-09-21T20:00:00Z 200 198.41
2026-09-21T20:00:00Z 200 167.73
2026-09-21T20:00:00Z 404 114.62
2026-09-21T20:00:00Z 200 76.45
2026-09-21T20:00:00Z 200 79.96
2026-09-21T20:00:00Z 200 147.13
2026-09-21T20:00:00Z 200 113.85
2026-09-21T20:00:00Z 200 144.00
2026-09-21T20:00:00Z 200 73.30
2026-09-21T20:00:00Z 200 109.34
2026-09-21T20:00:00Z 404 152.64
2026-09-21T20:00:00Z 200 36.02
2026-09-21T20:00:00Z 404 104.08
2026-09-21T20:00:00Z 200 183.38
2026-09-21T20:00:00Z 404 44.01
2026-09-21T20:00:00Z 200 151.73
2026-09-21T20:00:00Z 500 159.68
2026-09-21T20:00:00Z 500 146.34
2026-09-21T20:00:00Z 200 172.32
2026-09-21T20:00:00Z 200 82.91
2026-09-21T20:00:00Z 500 165.16
2026-09-21T20:00:00Z 404 85.67
2026-09-21T20:00:00Z 200 41.95
2026-09-21T20:00:00Z 200 100.48
2026-09-21T20:00:00Z 200 87.33
2026-09-21T20:00:00Z 200 191.13
2026-09-21T20:00:00Z 200 11.01
2026-09-21T20:00:00Z 404 132.40
2026-09-21T20:00:00Z 500 57.68
2026-09-21T20:00:00Z 500 179.32
2026-09-21T20:00:00Z 200 50.25
2026-09-21T20:00:00Z 200 179.87
2026-09-21T20:00:00Z 404 186.74
2026-09-21T20:00:00Z 200 179.70
2026-09-21T20:00:00Z 200 194.03
2026-09-21T20:00:00Z 200 25.12
2026-09-21T20:00:00Z 500 131.83
2026-09-21T20:00:00Z 200 84.52
2026-09-21T20:00:00Z 200 15.16
2026-09-21T20:00:00Z 200 184.46
2026-09-21T20:00:00Z 200 59.96
2026-09-21T20:00:00Z 200 78.87
2026-09-21T20:00:00Z 200 45.33
2026-09-21T20:00:00Z 200 64.31
2026-09-21T20:00:00Z 200 74.57
2026-09-21T20:00:00Z 200 96.18
2026-09-21T20:00:00Z 500 132.46
2026-09-21T20:00:00Z 200 180.90
2026-09-21T20:00:00Z 200 167.29
2026-09-21T20:00:00Z 200 13.09
2026-09-21T20:00:00Z 404 15.62
2026-09-21T20:00:00Z 200 39.46
2026-09-21T20:00:00Z 500 96.30
2026-09-21T20:00:00Z 200 100.17
2026-09-21T20:00:00Z 500 37.20
2026-09-21T20:00:00Z 200 49.11
2026-09-21T20:00:00Z 500 78.32
2026-09-21T20:00:00Z 200 36.31
2026-09-21T20:00:00Z 200 174.04
2026-09-21T20:00:00Z 200 199.71
2026-09-21T20:00:00Z 200 96.08
2026-09-21T20:00:00Z 404 64.15
2026-09-21T20:00:00Z 200 49.91
2026-09-21T20:00:00Z 500 185.83
2026-09-21T20:00:00Z 200 194.59
2026-09-21T20:00:00Z 200 133.75
2026-09-21T20:00:00Z 200 180.24
2026-09-21T20:00:00Z 500 156.79
2026-09-21T20:00:00Z 200 33.85
2026-09-21T20:00:00Z 200 181.62
2026-09-21T20:00:00Z 200 64.80
2026-09-21T20:00:00Z 200 93.63
2026-09-21T20:00:00Z 500 181.58
2026-09-21T20:00:00Z 200 57.01
2026-09-21T20:00:00Z 200 105.64
2026-09-21T20:00:00Z 500 193.45
2026-09-21T20:00:00Z 200 199.63
2026-09-21T20:00:00Z 200 37.21
2026-09-21T20:00:00Z 200 118.08
2026-09-21T20:00:00Z 200 181.14
2026-09-21T20:00:00Z 200 37.99
2026-09-21T20:00:00Z 500 105.30
2026-09-21T20:00:00Z 404 28.27
2026-09-21T20:00:00Z 200 187.96
2026-09-21T20:00:00Z 200 30.12
2026-09-21T20:00:00Z 404 163.35
2026-09-21T20:00:00Z 404 149.27
2026-09-21T20:00:00Z 200 99.14
2026-09-21T20:00:00Z 200 19.52
2026-09-21T20:00:00Z 200 20.45
2026-09-21T20:00:00Z 200 183.10
2026-09-21T20:00:00Z 404 18.68
2026-09-21T20:00:00Z 200 91.38
2026-09-21T20:00:00Z 200 111.61
2026-09-21T20:00:00Z 200 115.36
2026-09-21T20:00:00Z 200 49.46
2026-09-21T20:00:00Z 200 94.95
2026-09-21T20:00:00Z 200 171.36
2026-09-21T20:00:00Z 200 99.77
2026-09-21T20:00:00Z 404 188.89
2026-09-21T20:00:00Z 500 53.86
2026-09-21T20:00:00Z 200 94.24
2026-09-21T20:00:00Z 200 67.39
2026-09-21T20:00:00Z 200 38.94
2026-09-21T20:00:00Z 200 41.28
2026-09-21T20:00:00Z 500 132.73
2026-09-21T20:00:00Z 200 62.89
2026-09-21T20:00:00Z 404 102.28
2026-09-21T20:00:00Z 404 127.40
2026-09-21T20:00:00Z 200 168.74
2026-09-21T20:00:00Z 500 138.00
2026-09-21T20:00:00Z 200 135.59
2026-09-21T20:00:00Z 200 34.39
2026-09-21T20:00:00Z 404 103.15
2026-09-21T20:00:00Z 200 14.52
2026-09-21T20:00:00Z 404 167.97
2026-09-21T20:00:00Z 200 177.56
2026-09-21T20:00:00Z 200 75.62
2026-09-21T20:00:00Z 404 152.16
2026-09-21T20:00:00Z 404 115.07
2026-09-21T20:00:00Z 404 77.18
2026-09-21T20:00:00Z 500 91.41
2026-09-21T20:00:00Z 404 22.94
2026-09-21T20:00:00Z 200 34.83
2026-09-21T20:00:00Z 404 25.83
2026-09-21T20:00:00Z 500 94.46
2026-09-21T20:00:00Z 500 39.08
2026-09-21T20:00:00Z 200 62.13
2026-09-21T20:00:00Z 200 31.86
2026-09-21T20:00:00Z 200 88.06
2026-09-21T20:00:00Z 200 187.39
2026-09-21T20:00:00Z 200 107.68
2026-09-21T20:00:00Z 500 86.29
2026-09-21T20:00:00Z 200 140.48
2026-09-21T20:00:00Z 500 59.47
2026-09-21T20:00:00Z 200 185.98
2026-09-21T20:00:00Z 404 115.81
2026-09-21T20:00:00Z 200 106.86
2026-09-21T20:00:00Z 200 93.86
2026-09-21T20:00:00Z 500 47.60
2026-09-21T20:00:00Z 200 72.41
2026-09-21T20:00:00Z 200 77.02
2026-09-21T20:00:00Z 200 50.19
2026-09-21T20:00:00Z 500 131.53
2026-09-21T20:00:00Z 500 170.45
2026-09-21T20:00:00Z 500 140.70
2026-09-21T20:00:00Z 200 52.40
2026-09-21T20:00:00Z 200 157.57
2026-09-21T20:00:00Z 200 150.27
2026-09-21T20:00:00Z 200 148.14
2026-09-21T20:00:00Z 404 163.99
2026-09-21T20:00:00Z 404 63.51
2026-09-21T20:00:00Z 200 121.28
2026-09-21T20:00:00Z 500 128.57
2026-09-21T20:00:00Z 200 197.92
2026-09-21T20:00:00Z 404 97.81
2026-09-21T20:00:00Z 404 199.73
2026-09-21T20:00:00Z 200 111.93
2026-09-21T20:00:00Z 500 19.56
2026-09-21T20:00:00Z 404 106.73
2026-09-21T20:00:00Z 200 80.65
2026-09-21T20:00:00Z 404 177.88
2026-09-21T20:00:00Z 200 11.88
2026-09-21T20:00:00Z 200 171.27
2026-09-21T20:00:00Z 200 49.74
2026-09-21T20:00:00Z 200 63.15
2026-09-21T20:00:00Z 200 57.29
2026-09-21T20:00:00Z 200 165.00
2026-09-21T20:00:00Z 200 173.29
2026-09-21T20:00:00Z 200 179.88
2026-09-21T20:00:00Z 200 65.40
2026-09-21T20:00:00Z 500 57.19
2026-09-21T20:00:00Z 404 121.27
2026-09-21T20:00:00Z 200 63.47
2026-09-21T20:00:00Z 404 87.26
2026-09-21T20:00:00Z 200 77.64
2026-09-21T20:00:00Z 404 64.19
2026-09-21T20:00:00Z 200 177.10
2026-09-21T20:00:00Z 200 146.52
2026-09-21T20:00:00Z 200 109.73
2026-09-21T20:00:00Z 200 14.87
2026-09-21T20:00:00Z 500 148.31
2026-09-21T20:00:00Z 200 114.77
2026-09-21T20:00:00Z 500 115.10
2026-09-21T20:00:00Z 200 61.05
2026-09-21T20:00:00Z 500 125.18
2026-09-21T20:00:00Z 404 31.06
2026-09-21T20:00:00Z 404 197.51
2026-09-21T20:00:00Z 500 84.81
2026-09-21T20:00:00Z 200 24.95
2026-09-21T20:00:00Z 200 21.40
2026-09-21T20:00:00Z 200 55.06
2026-09-21T20:00:00Z 200 22.02
2026-09-21T20:00:00Z 200 38.78
2026-09-21T20:00:00Z 404 153.96
2026-09-21T20:00:00Z 404 145.61
2026-09-21T20:00:00Z 404 21.23
2026-09-21T20:00:00Z 404 181.66
2026-09-21T20:00:00Z 404 37.81
2026-09-21T20:00:00Z 200 59.19
2026-09-21T20:00:00Z 404 107.28
2026-09-21T20:00:00Z 200 61.84
2026-09-21T20:00:00Z 500 168.05
2026-09-21T20:00:00Z 404 139.50
2026-09-21T20:00:00Z 500 160.46
2026-09-21T20:00:00Z 500 136.48
2026-09-21T20:00:00Z 404 168.98
2026-09-21T20:00:00Z 200 183.02
2026-09-21T20:00:00Z 404 22.20
2026-09-21T20:00:00Z 200 101.54
2026-09-21T20:00:00Z 200 20.80
2026-09-21T20:00:00Z 500 38.95
2026-09-21T20:00:00Z 404 64.74
2026-09-21T20:00:00Z 404 21.73
2026-09-21T20:00:00Z 200 155.39
2026-09-21T20:00:00Z 200 69.40
2026-09-21T20:00:00Z 200 182.10
2026-09-21T20:00:00Z 404 31.42
2026-09-21T20:00:00Z 404 148.75
2026-09-21T20:00:00Z 404 43.46
2026-09-21T20:00:00Z 200 69.69
2026-09-21T20:00:00Z 500 84.28
2026-09-21T20:00:00Z 200 24.36
2026-09-21T20:00:00Z 200 92.50
2026-09-21T20:00:00Z 404 128.28
2026-09-21T20:00:00Z 200 149.32
2026-09-21T20:00:00Z 500 137.07
2026-09-21T20:00:00Z 200 136.29
2026-09-21T20:00:00Z 404 24.18
2026-09-21T20:00:00Z 200 137.30
2026-09-21T20:00:00Z 500 198.13
2026-09-21T20:00:00Z 200 87.22
2026-09-21T20:00:00Z 404 165.91
2026-09-21T20:00:00Z 200 188.21
2026-09-21T20:00:00Z 200 91.45
2026-09-21T20:00:00Z 404 46.77
2026-09-21T20:00:00Z 200 85.40
2026-09-21T20:00:00Z 200 105.84
2026-09-21T20:00:00Z 404 38.94
2026-09-21T20:00:00Z 404 12.87
2026-09-21T20:00:00Z 404 196.75
2026-09-21T20:00:00Z 404 41.25
2026-09-21T20:00:00Z 200 48.17
2026-09-21T20:00:00Z 200 197.83
2026-09-21T20:00:00Z 200 27.85
2026-09-21T20:00:00Z 200 179.03
2026-09-21T20:00:00Z 200 10.68
2026-09-21T20:00:00Z 200 48.57
2026-09-21T20:00:00Z 500 24.18
2026-09-21T20:00:00Z 200 30.69
2026-09-21T20:00:00Z 200 122.30
2026-09-21T20:00:00Z 500 123.34
2026-09-21T20:00:00Z 404 105.69
2026-09-21T20:00:00Z 404 35.81
2026-09-21T20:00:00Z 200 194.62
2026-09-21T20:00:00Z 200 21.54
2026-09-21T20:00:00Z 404 149.91
2026-09-21T20:00:00Z 200 158.27
2026-09-21T20:00:00Z 200 199.59
2026-09-21T20:00:00Z 200 171.44
2026-09-21T20:00:00Z 404 150.96
2026-09-21T20:00:00Z 200 53.41
2026-09-21T20:00:00Z 200 185.66
2026-09-21T20:00:00Z 200 159.55
2026-09-21T20:00:00Z 200 84.16
2026-09-21T20:00:00Z 200 82.68
2026-09-21T20:00:00Z 404 119.47
2026-09-21T20:00:00Z 200 173.28
2026-09-21T20:00:00Z 500 196.35
2026-09-21T20:00:00Z 404 132.89
2026-09-21T20:00:00Z 200 136.29
2026-09-21T20:00:00Z 200 20.10
2026-09-21T20:00:00Z 500 140.90
2026-09-21T20:00:00Z 200 99.25
2026-09-21T20:00:00Z 200 125.03
2026-09-21T20:00:00Z 200 111.82
2026-09-21T20:00:00Z 404 138.38
2026-09-21T20:00:00Z 200 167.69
2026-09-21T20:00:00Z 200 77.07
2026-09-21T20:00:00Z 404 164.20
2026-09-21T20:00:00Z 500 71.17
2026-09-21T20:00:00Z 500 25.57
2026-09-21T20:00:00Z 404 161.49
2026-09-21T20:00:00Z 200 103.29
2026-09-21T20:00:00Z 500 20.26
2026-09-21T20:00:00Z 404 38.19
2026-09-21T20:00:00Z 500 59.34
2026-09-21T20:00:00Z 200 183.83
2026-09-21T20:00:00Z 200 22.10
2026-09-21T20:00:00Z 404 11.68
2026-09-21T20:00:00Z 200 148.66
2026-09-21T20:00:00Z 404 99.37
2026-09-21T20:00:00Z 200 196.89
2026-09-21T20:00:00Z 200 99.78
2026-09-21T20:00:00Z 200 158.72
2026-09-21T20:00:00Z 200 151.87
2026-09-21T20:00:00Z 500 49.20
2026-09-21T20:00:00Z 500 60.29
2026-09-21T20:00:00Z 500 161.82
2026-09-21T20:00:00Z 200 186.09
2026-09-21T20:00:00Z 404 172.99
2026-09-21T20:00:00Z 200 107.80
2026-09-21T20:00:00Z 200 74.11
2026-09-21T20:00:00Z 200 122.99
2026-09-21T20:00:00Z 404 133.90
2026-09-21T20:00:00Z 200 130.98
2026-09-21T20:00:00Z 500 177.60
2026-09-21T20:00:00Z 200 139.87
2026-09-21T20:00:00Z 500 195.36
2026-09-21T20:00:00Z 200 64.47
2026-09-21T20:00:00Z 200 105.61
2026-09-21T20:00:00Z 200 28.49
2026-09-21T20:00:00Z 200 135.42
2026-09-21T20:00:00Z 200 145.02
2026-09-21T20:00:00Z 200 22.11
2026-09-21T20:00:00Z 200 29.38
2026-09-21T20:00:00Z 200 155.51
2026-09-21T20:00:00Z 200 32.13
2026-09-21T20:00:00Z 404 100.90
2026-09-21T20:00:00Z 404 15.85
2026-09-21T20:00:00Z 200 188.99
2026-09-21T20:00:00Z 200 48.13
2026-09-21T20:00:00Z 404 136.52
2026-09-21T20:00:00Z 404 87.43
2026-09-21T20:00:00Z 500 107.96
2026-09-21T20:00:00Z 200 175.20
2026-09-21T20:00:00Z 500 67.37
2026-09-21T20:00:00Z 404 63.57
2026-09-21T20:00:00Z 200 20.29
2026-09-21T20:00:00Z 200 110.46
2026-09-21T20:00:00Z 500 178.38
2026-09-21T20:00:00Z 200 184.67
2026-09-21T20:00:00Z 200 111.74
2026-09-21T20:00:00Z 500 178.64
2026-09-21T20:00:00Z 200 24.48
2026-09-21T20:00:00Z 404 81.11
2026-09-21T20:00:00Z 200 43.50
2026-09-21T20:00:00Z 404 179.91
2026-09-21T20:00:00Z 200 105.91
2026-09-21T20:00:00Z 404 114.69
2026-09-21T20:00:00Z 404 114.25
2026-09-21T20:00:00Z 200 55.49
2026-09-21T20:00:00Z 200 117.59
2026-09-21T20:00:00Z 500 132.84
2026-09-21T20:00:00Z 200 48.50
2026-09-21T20:00:00Z 200 19.62
2026-09-21T20:00:00Z 200 80.22
2026-09-21T20:00:00Z 500 88.99
2026-09-21T20:00:00Z 404 143.21
2026-09-21T20:00:00Z 200 146.46
2026-09-21T20:00:00Z 200 197.68
2026-09-21T20:00:00Z 200 92.77
2026-09-21T20:00:00Z 200 51.36
2026-09-21T20:00:00Z 200 137.76
2026-09-21T20:00:00Z 200 140.72
2026-09-21T20:00:00Z 200 144.69
2026-09-21T20:00:00Z 404 13.51
2026-09-21T20:00:00Z 500 164.21
2026-09-21T20:00:00Z 404 53.59
2026-09-21T20:00:00Z 404 182.67
2026-09-21T20:00:00Z 200 62.37
2026-09-21T20:00:00Z 500 130.23
2026-09-21T20:00:00Z 200 59.93
2026-09-21T20:00:00Z 200 162.15
2026-09-21T20:00:00Z 200 112.24
2026-09-21T20:00:00Z 500 169.00
2026-09-21T20:00:00Z 200 44.87
2026-09-21T20:00:00Z 200 175.50
2026-09-21T20:00:00Z 500 18.41
2026-09-21T20:00:00Z 404 17.19
2026-09-21T20:00:00Z 200 78.06
2026-09-21T20:00:00Z 500 190.37
2026-09-21T20:00:00Z 200 172.58
2026-09-21T20:00:00Z 200 141.27
2026-09-21T20:00:00Z 500 62.90
2026-09-21T20:00:00Z 200 190.46
2026-09-21T20:00:00Z 404 178.32
2026-09-21T20:00:00Z 200 23.40
2026-09-21T20:00:00Z 200 135.68
2026-09-21T20:00:00Z 404 26.56
2026-09-21T20:00:00Z 200 191.19
2026-09-21T20:00:00Z 200 61.12
2026-09-21T20:00:00Z 200 154.54
2026-09-21T20:00:00Z 404 195.86
2026-09-21T20:00:00Z 200 144.62
2026-09-21T20:00:00Z 200 122.38
2026-09-21T20:00:00Z 500 105.95
2026-09-21T20:00:00Z 200 39.60
2026-09-21T20:00:00Z 404 154.40
2026-09-21T20:00:00Z 500 86.89
2026-09-21T20:00:00Z 200 147.71
2026-09-21T20:00:00Z 404 187.86
2026-09-21T20:00:00Z 200 198.28
2026-09-21T20:00:00Z 200 188.27
2026-09-21T20:00:00Z 200 69.22
2026-09-21T20:00:00Z 500 87.98
2026-09-21T20:00:00Z 200 164.91
2026-09-21T20:00:00Z 200 188.39
2026-09-21T20:00:00Z 200 42.51
2026-09-21T20:00:00Z 500 192.31
2026-09-21T20:00:00Z 200 154.87
2026-09-21T20:00:00Z 200 190.00
2026-09-21T20:00:00Z 200 32.67
2026-09-21T20:00:00Z 200 164.36
2026-09-21T20:00:00Z 200 106.13
2026-09-21T20:00:00Z 200 23.94
2026-09-21T20:00:00Z 200 122.96
2026-09-21T20:00:00Z 200 19.41
2026-09-21T20:00:00Z 200 64.70
2026-09-21T20:00:00Z 200 79.91
2026-09-21T20:00:00Z 200 32.40
2026-09-21T20:00:00Z 404 64.68
2026-09-21T20:00:00Z 500 108.09
2026-09-21T20:00:00Z 404 139.14
2026-09-21T20:00:00Z 200 186.23
2026-09-21T20:00:00Z 200 125.74
2026-09-21T20:00:00Z 200 126.51
2026-09-21T20:00:00Z 500 25.93
2026-09-21T20:00:00Z 200 153.79
2026-09-21T20:00:00Z 200 170.53
2026-09-21T20:00:00Z 200 159.33
2026-09-21T20:00:00Z 200 27.95
2026-09-21T20:00:00Z 200 92.51
2026-09-21T20:00:00Z 404 130.90
2026-09-21T20:00:00Z 404 38.52
2026-09-21T20:00:00Z 200 27.40
2026-09-21T20:00:00Z 404 67.90
2026-09-21T20:00:00Z 200 157.94
2026-09-21T20:00:00Z 200 16.83
2026-09-21T20:00:00Z 200 164.75
2026-09-21T20:00:00Z 404 149.36
2026-09-21T20:00:00Z 200 35.08
2026-09-21T20:00:00Z 200 23.38
2026-09-21T20:00:00Z 200 45.35
2026-09-21T20:00:00Z 200 26.17
2026-09-21T20:00:00Z 500 131.78
2026-09-21T20:00:00Z 200 139.21
2026-09-21T20:00:00Z 200 112.43
2026-09-21T20:00:00Z 200 93.53
2026-09-21T20:00:00Z 200 120.70
2026-09-21T20:00:00Z 200 89.04
2026-09-21T20:00:00Z 200 102.72
2026-09-21T20:00:00Z 500 133.74
2026-09-21T20:00:00Z 200 127.96
2026-09-21T20:00:00Z 200 31.43
2026-09-21T20:00:00Z 404 170.54
2026-09-21T20:00:00Z 200 124.84
2026-09-21T20:00:00Z 404 173.76
2026-09-21T20:00:00Z 200 48.46
2026-09-21T20:00:00Z 404 114.52
2026-09-21T20:00:00Z 500 68.14
2026-09-21T20:00:00Z 500 151.88
2026-09-21T20:00:00Z 404 144.15
2026-09-21T20:00:00Z 200 69.06
2026-09-21T20:00:00Z 404 132.26
2026-09-21T20:00:00Z 404 17.43
2026-09-21T20:00:00Z 200 103.58
2026-09-21T20:00:00Z 200 184.43
2026-09-21T20:00:00Z 500 118.15
2026-09-21T20:00:00Z 200 147.23
2026-09-21T20:00:00Z 200 167.49
2026-09-21T20:00:00Z 500 20.13
2026-09-21T20:00:00Z 404 153.13
2026-09-21T20:00:00Z 200 98.42
2026-09-21T20:00:00Z 200 185.76
2026-09-21T20:00:00Z 200 91.82
2026-09-21T20:00:00Z 200 51.54
2026-09-21T20:00:00Z 200 39.18
2026-09-21T20:00:00Z 200 188.54
2026-09-21T20:00:00Z 200 28.09
2026-09-21T20:00:00Z 500 19.60
2026-09-21T20:00:00Z 200 57.30
2026-09-21T20:00:00Z 200 162.03
2026-09-21T20:00:00Z 404 188.03
2026-09-21T20:00:00Z 500 117.74
2026-09-21T20:00:00Z 200 160.63
2026-09-21T20:00:00Z 200 86.83
2026-09-21T20:00:00Z 200 186.87
2026-09-21T20:00:00Z 200 99.56
2026-09-21T20:00:00Z 200 87.62
2026-09-21T20:00:00Z 200 26.37
2026-09-21T20:00:00Z 200 186.42
2026-09-21T20:00:00Z 200 37.56
2026-09-21T20:00:00Z 200 102.19
2026-09-21T20:00:00Z 200 105.85
2026-09-21T20:00:00Z 200 133.63
2026-09-21T20:00:00Z 500 72.70
2026-09-21T20:00:00Z 404 123.56
2026-09-21T20:00:00Z 200 116.62
2026-09-21T20:00:00Z 200 78.71
2026-09-21T20:00:00Z 404 83.61
2026-09-21T20:00:00Z 500 129.27
2026-09-21T20:00:00Z 500 99.70
2026-09-21T20:00:00Z 404 101.22
2026-09-21T20:00:00Z 500 80.91
2026-09-21T20:00:00Z 200 44.98
2026-09-21T20:00:00Z 404 12.85
2026-09-21T20:00:00Z 200 67.14
2026-09-21T20:00:00Z 500 35.39
2026-09-21T20:00:00Z 200 15.41
2026-09-21T20:00:00Z 500 105.12
2026-09-21T20:00:00Z 200 68.97
2026-09-21T20:00:00Z 500 20.87
2026-09-21T20:00:00Z 500 140.09
2026-09-21T20:00:00Z 404 120.68
2026-09-21T20:00:00Z 200 107.12
2026-09-21T20:00:00Z 200 94.66
2026-09-21T20:00:00Z 500 118.42
2026-09-21T20:00:00Z 200 100.29
2026-09-21T20:00:00Z 200 107.35
2026-09-21T20:00:00Z 404 36.00
2026-09-21T20:00:00Z 404 55.98
2026-09-21T20:00:00Z 404 127.42
2026-09-21T20:00:00Z 404 90.70
2026-09-21T20:00:00Z 500 155.87
2026-09-21T20:00:00Z 200 52.47
2026-09-21T20:00:00Z 404 51.58
2026-09-21T20:00:00Z 500 14.97
2026-09-21T20:00:00Z 200 20.64
2026-09-21T20:00:00Z 404 88.21
2026-09-21T20:00:00Z 500 51.95
2026-09-21T20:00:00Z 404 130.81
2026-09-21T20:00:00Z 200 76.71
2026-09-21T20:00:00Z 200 102.43
2026-09-21T20:00:00Z 200 112.08
2026-09-21T20:00:00Z 404 82.59
2026-09-21T20:00:00Z 200 39.89
2026-09-21T20:00:00Z 200 79.99
2026-09-21T20:00:00Z 200 188.53
2026-09-21T20:00:00Z 500 141.66
2026-09-21T20:00:00Z 404 77.94
2026-09-21T20:00:00Z 200 120.80
2026-09-21T20:00:00Z 404 11.07
2026-09-21T20:00:00Z 200 156.36
2026-09-21T20:00:00Z 200 53.97
2026-09-21T20:00:00Z 200 65.78
2026-09-21T20:00:00Z 500 105.74
2026-09-21T20:00:00Z 200 127.35
2026-09-21T20:00:00Z 200 14.11
2026-09-21T20:00:00Z 200 197.81
2026-09-21T20:00:00Z 404 172.07
2026-09-21T20:00:00Z 404 116.59
2026-09-21T20:00:00Z 500 100.92
2026-09-21T20:00:00Z 500 88.08
2026-09-21T20:00:00Z 200 70.43
2026-09-21T20:00:00Z 404 96.20
2026-09-21T20:00:00Z 200 56.91
2026-09-21T20:00:00Z 200 17.20
2026-09-21T20:00:00Z 404 189.11
2026-09-21T20:00:00Z 200 14.43
2026-09-21T20:00:00Z 200 27.21
2026-09-21T20:00:00Z 404 147.73
2026-09-21T20:00:00Z 404 153.70
2026-09-21T20:00:00Z 500 143.84
2026-09-21T20:00:00Z 200 193.48
2026-09-21T20:00:00Z 500 76.49
2026-09-21T20:00:00Z 200 46.92
2026-09-21T20:00:00Z 200 59.74
2026-09-21T20:00:00Z 200 72.69
2026-09-21T20:00:00Z 404 173.86
2026-09-21T20:00:00Z 200 80.58
2026-09-21T20:00:00Z 200 104.47
2026-09-21T20:00:00Z 404 85.34
2026-09-21T20:00:00Z 200 181.47
2026-09-21T20:00:00Z 200 117.64
2026-09-21T20:00:00Z 200 96.00
2026-09-21T20:00:00Z 500 133.99
2026-09-21T20:00:00Z 200 82.12
2026-09-21T20:00:00Z 404 60.82
2026-09-21T20:00:00Z 200 100.15
2026-09-21T20:00:00Z 404 69.64
2026-09-21T20:00:00Z 200 114.60
2026-09-21T20:00:00Z 200 19.42
2026-09-21T20:00:00Z 404 103.90
2026-09-21T20:00:00Z 404 170.11
2026-09-21T20:00:00Z 200 163.77
2026-09-21T20:00:00Z 200 131.25
2026-09-21T20:00:00Z 500 143.25
2026-09-21T20:00:00Z 500 103.67
2026-09-21T20:00:00Z 200 35.21
2026-09-21T20:00:00Z 200 65.44
2026-09-21T20:00:00Z 200 29.75
2026-09-21T20:00:00Z 200 26.70
2026-09-21T20:00:00Z 200 49.38
2026-09-21T20:00:00Z 500 124.23
2026-09-21T20:00:00Z 200 37.25
2026-09-21T20:00:00Z 500 26.39
2026-09-21T20:00:00Z 200 86.02
2026-09-21T20:00:00Z 404 40.66
2026-09-21T20:00:00Z 200 59.16
2026-09-21T20:00:00Z 200 110.44
2026-09-21T20:00:00Z 200 189.62
2026-09-21T20:00:00Z 500 137.96
2026-09-21T20:00:00Z 200 152.15
2026-09-21T20:00:00Z 200 12.68
2026-09-21T20:00:00Z 200 44.17
2026-09-21T20:00:00Z 200 68.01
2026-09-21T20:00:00Z 200 133.80
2026-09-21T20:00:00Z 200 50.43
2026-09-21T20:00:00Z 200 140.63
2026-09-21T20:00:00Z 200 105.20
2026-09-21T20:00:00Z 404 12.48
2026-09-21T20:00:00Z 404 184.05
2026-09-21T20:00:00Z 500 86.24
2026-09-21T20:00:00Z 200 134.95
2026-09-21T20:00:00Z 500 143.95
2026-09-21T20:00:00Z 200 31.70
2026-09-21T20:00:00Z 500 167.91
2026-09-21T20:00:00Z 200 100.91
2026-09-21T20:00:00Z 500 35.43
2026-09-21T20:00:00Z 404 198.34
2026-09-21T20:00:00Z 404 51.63
2026-09-21T20:00:00Z 500 83.15
2026-09-21T20:00:00Z 404 115.06
2026-09-21T20:00:00Z 500 142.54
2026-09-21T20:00:00Z 200 189.94
2026-09-21T20:00:00Z 200 59.50
2026-09-21T20:00:00Z 200 33.06
2026-09-21T20:00:00Z 200 48.63
2026-09-21T20:00:00Z 200 56.96
2026-09-21T20:00:00Z 200 40.45
2026-09-21T20:00:00Z 200 199.81
2026-09-21T20:00:00Z 200 56.20
2026-09-21T20:00:00Z 404 32.53
2026-09-21T20:00:00Z 200 159.86
2026-09-21T20:00:00Z 200 125.37
2026-09-21T20:00:00Z 200 105.16
2026-09-21T20:00:00Z 404 18.39
2026-09-21T20:00:00Z 200 55.98
2026-09-21T20:00:00Z 200 70.19
2026-09-21T20:00:00Z 200 132.98
2026-09-21T20:00:00Z 200 56.22
2026-09-21T20:00:00Z 500 85.92
2026-09-21T20:00:00Z 200 31.04
2026-09-21T20:00:00Z 200 187.45
2026-09-21T20:00:00Z 500 60.59
2026-09-21T20:00:00Z 200 145.11
2026-09-21T20:00:00Z 500 24.44
2026-09-21T20:00:00Z 200 106.44
2026-09-21T20:00:00Z 404 93.37
2026-09-21T20:00:00Z 200 146.87
2026-09-21T20:00:00Z 500 83.38
2026-09-21T20:00:00Z 200 113.46
2026-09-21T20:00:00Z 200 44.89
2026-09-21T20:00:00Z 200 13.91
2026-09-21T20:00:00Z 200 50.48
2026-09-21T20:00:00Z 500 165.20
2026-09-21T20:00:00Z 500 106.51
2026-09-21T20:00:00Z 200 14.44
2026-09-21T20:00:00Z 200 49.05
2026-09-21T20:00:00Z 200 20.75
2026-09-21T20:00:00Z 500 69.29
2026-09-21T20:00:00Z 200 64.49
2026-09-21T20:00:00Z 200 87.63
2026-09-21T20:00:00Z 200 74.42
2026-09-21T20:00:00Z 404 113.75
2026-09-21T20:00:00Z 500 21.95
2026-09-21T20:00:00Z 200 22.63
2026-09-21T20:00:00Z 200 33.35
2026-09-21T20:00:00Z 500 32.71
2026-09-21T20:00:00Z 404 155.75
2026-09-21T20:00:00Z 200 68.42
2026-09-21T20:00:00Z 500 87.62
2026-09-21T20:00:00Z 500 154.75
2026-09-21T20:00:00Z 200 180.54
2026-09-21T20:00:00Z 404 75.86
2026-09-21T20:00:00Z 500 35.28
2026-09-21T20:00:00Z 404 184.12
2026-09-21T20:00:00Z 200 143.07
2026-09-21T20:00:00Z 500 59.52
2026-09-21T20:00:00Z 200 99.46
2026-09-21T20:00:00Z 200 186.71
2026-09-21T20:00:00Z 404 148.49
2026-09-21T20:00:00Z 500 82.55
2026-09-21T20:00:00Z 500 36.89
2026-09-21T20:00:00Z 200 23.80
2026-09-21T20:00:00Z 200 132.93
2026-09-21T20:00:00Z 404 140.14
2026-09-21T20:00:00Z 200 73.83
2026-09-21T20:00:00Z 404 100.00
2026-09-21T20:00:00Z 200 135.97
2026-09-21T20:00:00Z 200 139.81
2026-09-21T20:00:00Z 200 69.47
2026-09-21T20:00:00Z 200 194.88
2026-09-21T20:00:00Z 500 67.76
2026-09-21T20:00:00Z 500 36.71
2026-09-21T20:00:00Z 200 115.25
2026-09-21T20:00:00Z 200 103.66
2026-09-21T20:00:00Z 200 52.57
2026-09-21T20:00:00Z 200 41.16
2026-09-21T20:00:00Z 500 79.84
2026-09-21T20:00:00Z 404 106.65
2026-09-21T20:00:00Z 200 121.42
2026-09-21T20:00:00Z 200 196.96
2026-09-21T20:00:00Z 200 62.15
2026-09-21T20:00:00Z 200 131.80
2026-09-21T20:00:00Z 404 65.93
2026-09-21T20:00:00Z 500 198.73
2026-09-21T20:00:00Z 200 184.57
2026-09-21T20:00:00Z 200 92.20
2026-09-21T20:00:00Z 200 89.42
2026-09-21T20:00:00Z 200 188.25
2026-09-21T20:00:00Z 500 166.42
2026-09-21T20:00:00Z 200 137.34
2026-09-21T20:00:00Z 200 10.09
2026-09-21T20:00:00Z 500 64.49
2026-09-21T20:00:00Z 500 148.19
2026-09-21T20:00:00Z 200 167.47
2026-09-21T20:00:00Z 500 65.71
2026-09-21T20:00:00Z 200 161.34
2026-09-21T20:00:00Z 404 56.01
2026-09-21T20:00:00Z 200 150.81
2026-09-21T20:00:00Z 200 194.66
2026-09-21T20:00:00Z 200 168.52
2026-09-21T20:00:00Z 200 61.36
2026-09-21T20:00:00Z 404 88.87
2026-09-21T20:00:00Z 200 146.81
2026-09-21T20:00:00Z 200 189.66
2026-09-21T20:00:00Z 200 63.43
2026-09-21T20:00:00Z 200 95.91
2026-09-21T20:00:00Z 200 73.20
2026-09-21T20:00:00Z 404 170.03
2026-09-21T20:00:00Z 404 157.07
2026-09-21T20:00:00Z 200 188.95
2026-09-21T20:00:00Z 200 114.05
2026-09-21T20:00:00Z 404 62.93
2026-09-21T20:00:00Z 200 132.55
2026-09-21T20:00:00Z 200 197.32
2026-09-21T20:00:00Z 500 28.99
2026-09-21T20:00:00Z 200 34.75
2026-09-21T20:00:00Z 500 18.11
2026-09-21T20:00:00Z 200 138.17
2026-09-21T20:00:00Z 200 108.82
2026-09-21T20:00:00Z 200 68.42
2026-09-21T20:00:00Z 404 17.40
2026-09-21T20:00:00Z 500 137.49
2026-09-21T20:00:00Z 404 77.56
2026-09-21T20:00:00Z 404 45.55
2026-09-21T20:00:00Z 500 109.25
2026-09-21T20:00:00Z 200 115.87
2026-09-21T20:00:00Z 200 184.48
2026-09-21T20:00:00Z 404 132.40
2026-09-21T20:00:00Z 200 52.10
2026-09-21T20:00:00Z 200 193.79
2026-09-21T20:00:00Z 200 134.35
2026-09-21T20:00:00Z 200 107.85
2026-09-21T20:00:00Z 200 72.16
2026-09-21T20:00:00Z 500 75.80
2026-09-21T20:00:00Z 404 66.42
2026-09-21T20:00:00Z 200 110.01
2026-09-21T20:00:00Z 500 95.52
2026-09-21T20:00:00Z 200 120.66
2026-09-21T20:00:00Z 404 16.07
2026-09-21T20:00:00Z 200 140.35
2026-09-21T20:00:00Z 200 47.87
2026-09-21T20:00:00Z 200 36.32
2026-09-21T20:00:00Z 200 190.01
2026-09-21T20:00:00Z 200 169.37
2026-09-21T20:00:00Z 200 173.77
2026-09-21T20:00:00Z 404 162.66
2026-09-21T20:00:00Z 500 61.40
2026-09-21T20:00:00Z 200 32.28
2026-09-21T20:00:00Z 404 32.70
2026-09-21T20:00:00Z 200 74.93
2026-09-21T20:00:00Z 200 163.13
2026-09-21T20:00:00Z 500 16.24
2026-09-21T20:00:00Z 200 163.76
2026-09-21T20:00:00Z 200 19.07
2026-09-21T20:00:00Z 200 92.56
2026-09-21T20:00:00Z 200 55.43
2026-09-21T20:00:00Z 404 185.57
2026-09-21T20:00:00Z 500 95.84
2026-09-21T20:00:00Z 500 126.49
2026-09-21T20:00:00Z 404 16.14
2026-09-21T20:00:00Z 404 84.92
2026-09-21T20:00:00Z 200 171.49
2026-09-21T20:00:00Z 200 18.93
2026-09-21T20:00:00Z 404 125.20
2026-09-21T20:00:00Z 500 191.89
2026-09-21T20:00:00Z 200 156.61
2026-09-21T20:00:00Z 200 147.35
2026-09-21T20:00:00Z 404 68.19
2026-09-21T20:00:00Z 200 176.34
2026-09-21T20:00:00Z 200 80.18
2026-09-21T20:00:00Z 500 41.07
2026-09-21T20:00:00Z 200 61.85
2026-09-21T20:00:00Z 200 166.37
2026-09-21T20:00:00Z 200 41.24
2026-09-21T20:00:00Z 200 77.98
2026-09-21T20:00:00Z 200 68.75
2026-09-21T20:00:00Z 404 142.91
2026-09-21T20:00:00Z 200 150.81
2026-09-21T20:00:00Z 200 133.87
2026-09-21T20:00:00Z 404 133.35
2026-09-21T20:00:00Z 404 156.49
2026-09-21T20:00:00Z 500 166.30
2026-09-21T20:00:00Z 200 122.21
2026-09-21T20:00:00Z 404 74.38
2026-09-21T20:00:00Z 200 53.46
2026-09-21T20:00:00Z 200 124.05
2026-09-21T20:00:00Z 200 17.99
2026-09-21T20:00:00Z 200 29.13
2026-09-21T20:00:00Z 404 127.01
2026-09-21T20:00:00Z 200 132.40
2026-09-21T20:00:00Z 200 93.74
2026-09-21T20:00:00Z 404 109.71
2026-09-21T20:00:00Z 404 177.76
2026-09-21T20:00:00Z 200 141.85
2026-09-21T20:00:00Z 200 119.85
2026-09-21T20:00:00Z 200 82.24
2026-09-21T20:00:00Z 200 171.72
2026-09-21T20:00:00Z 200 107.80
2026-09-21T20:00:00Z 404 18.93
2026-09-21T20:00:00Z 200 149.65
2026-09-21T20:00:00Z 404 141.92
2026-09-21T20:00:00Z 500 191.24
2026-09-21T20:00:00Z 200 183.78
2026-09-21T20:00:00Z 200 135.52
2026-09-21T20:00:00Z 404 44.18
2026-09-21T20:00:00Z 500 114.09
2026-09-21T20:00:00Z 200 96.27
2026-09-21T20:00:00Z 404 178.41
2026-09-21T20:00:00Z 500 82.96
2026-09-21T20:00:00Z 200 112.85
2026-09-21T20:00:00Z 200 183.23
2026-09-21T20:00:00Z 200 102.93
2026-09-21T20:00:00Z 404 134.13
2026-09-21T20:00:00Z 404 181.31
2026-09-21T20:00:00Z 200 123.02
2026-09-21T20:00:00Z 404 125.52
2026-09-21T20:00:00Z 404 19.70
2026-09-21T20:00:00Z 200 110.19
2026-09-21T20:00:00Z 200 136.70
2026-09-21T20:00:00Z 200 89.55
2026-09-21T20:00:00Z 200 154.12
2026-09-21T20:00:00Z 200 22.73
2026-09-21T20:00:00Z 200 80.11
2026-09-21T20:00:00Z 404 163.56
2026-09-21T20:00:00Z 200 63.43
2026-09-21T20:00:00Z 404 151.50
2026-09-21T20:00:00Z 200 89.12
2026-09-21T20:00:00Z 200 118.03
2026-09-21T20:00:00Z 200 176.76
2026-09-21T20:00:00Z 200 18.15
2026-09-21T20:00:00Z 404 35.81
2026-09-21T20:00:00Z 200 155.72
2026-09-21T20:00:00Z 200 25.59
2026-09-21T20:00:00Z 404 97.27
2026-09-21T20:00:00Z 200 96.13
2026-09-21T20:00:00Z 200 124.39
2026-09-21T20:00:00Z 200 104.75
2026-09-21T20:00:00Z 200 113.12
2026-09-21T20:00:00Z 404 118.93
2026-09-21T20:00:00Z 200 20.33
2026-09-21T20:00:00Z 200 155.92
2026-09-21T20:00:00Z 200 109.77
2026-09-21T20:00:00Z 404 112.31
2026-09-21T20:00:00Z 404 181.97
2026-09-21T20:00:00Z 200 30.81
2026-09-21T20:00:00Z 200 157.15
2026-09-21T20:00:00Z 200 197.32
2026-09-21T20:00:00Z 200 188.55
2026-09-21T20:00:00Z 200 41.64
2026-09-21T20:00:00Z 200 57.50
2026-09-21T20:00:00Z 200 116.50
2026-09-21T20:00:00Z 500 53.39
2026-09-21T20:00:00Z 404 124.14
2026-09-21T20:00:00Z 404 192.39
2026-09-21T20:00:00Z 200 20.73
2026-09-21T20:00:00Z 500 22.87
2026-09-21T20:00:00Z 200 147.00
2026-09-21T20:00:00Z 500 55.46
2026-09-21T20:00:00Z 200 158.30
2026-09-21T20:00:00Z 404 10.76
2026-09-21T20:00:00Z 200 46.26
2026-09-21T20:00:00Z 200 130.55
2026-09-21T20:00:00Z 404 59.37
2026-09-21T20:00:00Z 500 53.15
2026-09-21T20:00:00Z 200 144.92
2026-09-21T20:00:00Z 404 57.42
2026-09-21T20:00:00Z 200 152.66
2026-09-21T20:00:00Z 404 143.21
2026-09-21T20:00:00Z 200 49.13
2026-09-21T20:00:00Z 200 81.08
2026-09-21T20:00:00Z 200 89.97
2026-09-21T20:00:00Z 200 61.20
2026-09-21T20:00:00Z 404 148.96
2026-09-21T20:00:00Z 500 88.79
2026-09-21T20:00:00Z 500 54.45
2026-09-21T20:00:00Z 500 41.59
2026-09-21T20:00:00Z 200 70.91
2026-09-21T20:00:00Z 500 181.97
2026-09-21T20:00:00Z 500 135.76
2026-09-21T20:00:00Z 500 145.63
2026-09-21T20:00:00Z 200 60.40
2026-09-21T20:00:00Z 200 102.02
2026-09-21T20:00:00Z 200 169.71
2026-09-21T20:00:00Z 200 143.01
2026-09-21T20:00:00Z 200 62.21
2026-09-21T20:00:00Z 200 142.64
2026-09-21T20:00:00Z 500 42.14
2026-09-21T20:00:00Z 500 114.18
2026-09-21T20:00:00Z 200 39.25
2026-09-21T20:00:00Z 404 146.63
2026-09-21T20:00:00Z 200 23.81
2026-09-21T20:00:00Z 200 52.22
2026-09-21T20:00:00Z 500 95.59
2026-09-21T20:00:00Z 404 62.51
2026-09-21T20:00:00Z 404 167.55
2026-09-21T20:00:00Z 200 48.71
2026-09-21T20:00:00Z 200 66.52
2026-09-21T20:00:00Z 200 130.18
2026-09-21T20:00:00Z 404 110.55
2026-09-21T20:00:00Z 200 100.44
2026-09-21T20:00:00Z 500 191.94
2026-09-21T20:00:00Z 200 39.18
2026-09-21T20:00:00Z 404 193.72
2026-09-21T20:00:00Z 200 68.82
2026-09-21T20:00:00Z 404 72.13
2026-09-21T20:00:00Z 404 73.40
2026-09-21T20:00:00Z 500 179.53
2026-09-21T20:00:00Z 200 121.71
2026-09-21T20:00:00Z 200 20.45
2026-09-21T20:00:00Z 500 137.59
2026-09-21T20:00:00Z 404 79.90
2026-09-21T20:00:00Z 404 104.93
2026-09-21T20:00:00Z 200 117.56
2026-09-21T20:00:00Z 500 180.34
2026-09-21T20:00:00Z 200 174.57
2026-09-21T20:00:00Z 200 57.20
2026-09-21T20:00:00Z 200 110.03
2026-09-21T20:00:00Z 500 84.30
2026-09-21T20:00:00Z 500 41.05
2026-09-21T20:00:00Z 200 40.91
2026-09-21T20:00:00Z 404 140.43
2026-09-21T20:00:00Z 404 179.68
2026-09-21T20:00:00Z 200 64.47
2026-09-21T20:00:00Z 200 124.36
2026-09-21T20:00:00Z 200 89.62
2026-09-21T20:00:00Z 200 113.86
2026-09-21T20:00:00Z 200 140.24
2026-09-21T20:00:00Z 404 36.06
2026-09-21T20:00:00Z 404 128.24
2026-09-21T20:00:00Z 500 53.53
2026-09-21T20:00:00Z 500 150.52
2026-09-21T20:00:00Z 200 129.93
2026-09-21T20:00:00Z 500 109.00
2026-09-21T20:00:00Z 500 43.70
2026-09-21T20:00:00Z 404 29.45
2026-09-21T20:00:00Z 200 104.86
2026-09-21T20:00:00Z 404 27.42
2026-09-21T20:00:00Z 200 92.90
2026-09-21T20:00:00Z 500 93.91
2026-09-21T20:00:00Z 200 81.86
2026-09-21T20:00:00Z 200 113.54
2026-09-21T20:00:00Z 404 139.53
2026-09-21T20:00:00Z 500 154.96
2026-09-21T20:00:00Z 404 146.30
2026-09-21T20:00:00Z 500 74.26
2026-09-21T20:00:00Z 200 62.33
2026-09-21T20:00:00Z 200 51.61
2026-09-21T20:00:00Z 404 33.59
2026-09-21T20:00:00Z 500 79.11
2026-09-21T20:00:00Z 200 103.11
2026-09-21T20:00:00Z 200 105.03
2026-09-21T20:00:00Z 200 184.09
2026-09-21T20:00:00Z 500 98.71
2026-09-21T20:00:00Z 200 158.42
2026-09-21T20:00:00Z 404 93.35
2026-09-21T20:00:00Z 500 130.97
2026-09-21T20:00:00Z 404 79.30
2026-09-21T20:00:00Z 404 108.85
2026-09-21T20:00:00Z 200 84.73
2026-09-21T20:00:00Z 404 87.40
2026-09-21T20:00:00Z 500 82.13
2026-09-21T20:00:00Z 500 89.04
2026-09-21T20:00:00Z 404 35.08
2026-09-21T20:00:00Z 200 64.85
2026-09-21T20:00:00Z 200 146.17
2026-09-21T20:00:00Z 500 36.75
2026-09-21T20:00:00Z 500 188.82
2026-09-21T20:00:00Z 200 151.27
2026-09-21T20:00:00Z 200 93.54
2026-09-21T20:00:00Z 404 132.24
2026-09-21T20:00:00Z 200 191.91
2026-09-21T20:00:00Z 200 147.67
2026-09-21T20:00:00Z 200 22.44
2026-09-21T20:00:00Z 500 26.19
2026-09-21T20:00:00Z 200 154.00
2026-09-21T20:00:00Z 200 36.70
2026-09-21T20:00:00Z 404 175.64
2026-09-21T20:00:00Z 200 31.15
2026-09-21T20:00:00Z 404 64.81
2026-09-21T20:00:00Z 404 17.13
2026-09-21T20:00:00Z 404 55.80
2026-09-21T20:00:00Z 200 186.55
2026-09-21T20:00:00Z 200 54.67
2026-09-21T20:00:00Z 200 136.23
2026-09-21T20:00:00Z 200 108.53
2026-09-21T20:00:00Z 500 57.99
2026-09-21T20:00:00Z 200 82.00
2026-09-21T20:00:00Z 200 65.71
2026-09-21T20:00:00Z 200 72.88
2026-09-21T20:00:00Z 200 91.60
2026-09-21T20:00:00Z 404 113.65
2026-09-21T20:00:00Z 404 118.32
2026-09-21T20:00:00Z 500 140.32
2026-09-21T20:00:00Z 404 106.06
2026-09-21T20:00:00Z 404 47.28
2026-09-21T20:00:00Z 404 191.63
2026-09-21T20:00:00Z 200 64.83
2026-09-21T20:00:00Z 200 109.96
2026-09-21T20:00:00Z 200 48.30
2026-09-21T20:00:00Z 500 113.15
2026-09-21T20:00:00Z 500 113.13
2026-09-21T20:00:00Z 200 123.67
2026-09-21T20:00:00Z 200 74.29
2026-09-21T20:00:00Z 404 120.88
2026-09-21T20:00:00Z 200 15.92
2026-09-21T20:00:00Z 404 52.09
2026-09-21T20:00:00Z 200 62.35
2026-09-21T20:00:00Z 404 173.99
2026-09-21T20:00:00Z 200 159.46
2026-09-21T20:00:00Z 200 76.53
2026-09-21T20:00:00Z 200 115.62
2026-09-21T20:00:00Z 500 98.14
2026-09-21T20:00:00Z 200 30.23
2026-09-21T20:00:00Z 500 61.89
2026-09-21T20:00:00Z 404 78.97
2026-09-21T20:00:00Z 200 41.05
2026-09-21T20:00:00Z 500 107.39
2026-09-21T20:00:00Z 200 71.87
2026-09-21T20:00:00Z 404 61.62
2026-09-21T20:00:00Z 200 30.42
2026-09-21T20:00:00Z 200 177.71
2026-09-21T20:00:00Z 200 154.17
2026-09-21T20:00:00Z 500 125.80
2026-09-21T20:00:00Z 200 24.14
2026-09-21T20:00:00Z 200 192.72
2026-09-21T20:00:00Z 200 169.59
2026-09-21T20:00:00Z 500 25.86
2026-09-21T20:00:00Z 500 33.19
2026-09-21T20:00:00Z 404 83.20
2026-09-21T20:00:00Z 200 170.66
2026-09-21T20:00:00Z 200 41.51
2026-09-21T20:00:00Z 500 62.73
2026-09-21T20:00:00Z 200 64.49
2026-09-21T20:00:00Z 200 18.08
2026-09-21T20:00:00Z 500 110.67
2026-09-21T20:00:00Z 200 78.03
2026-09-21T20:00:00Z 200 123.97
2026-09-21T20:00:00Z 200 179.64
2026-09-21T20:00:00Z 200 196.08
2026-09-21T20:00:00Z 200 149.31
2026-09-21T20:00:00Z 500 117.79
2026-09-21T20:00:00Z 200 125.64
2026-09-21T20:00:00Z 200 162.89
2026-09-21T20:00:00Z 200 42.29
2026-09-21T20:00:00Z 500 17.25
2026-09-21T20:00:00Z 500 147.18
2026-09-21T20:00:00Z 404 17.03
2026-09-21T20:00:00Z 200 13.45
2026-09-21T20:00:00Z 200 91.85
2026-09-21T20:00:00Z 404 116.24
2026-09-21T20:00:00Z 200 150.00
2026-09-21T20:00:00Z 500 197.18
2026-09-21T20:00:00Z 500 84.48
2026-09-21T20:00:00Z 200 22.98
2026-09-21T20:00:00Z 200 48.33
2026-09-21T20:00:00Z 200 93.55
2026-09-21T20:00:00Z 200 167.11
2026-09-21T20:00:00Z 200 107.60
2026-09-21T20:00:00Z 200 105.82
2026-09-21T20:00:00Z 500 14.66
2026-09-21T20:00:00Z 200 97.63
2026-09-21T20:00:00Z 200 42.59
2026-09-21T20:00:00Z 200 168.86
2026-09-21T20:00:00Z 404 194.12
2026-09-21T20:00:00Z 200 84.26
2026-09-21T20:00:00Z 200 30.94
2026-09-21T20:00:00Z 200 84.42
2026-09-21T20:00:00Z 200 126.89
2026-09-21T20:00:00Z 404 111.53
2026-09-21T20:00:00Z 500 120.14
2026-09-21T20:00:00Z 404 147.63
2026-09-21T20:00:00Z 404 66.52
2026-09-21T20:00:00Z 200 37.69
2026-09-21T20:00:00Z 404 30.90
2026-09-21T20:00:00Z 500 118.35
2026-09-21T20:00:00Z 404 42.64
2026-09-21T20:00:00Z 500 46.71
2026-09-21T20:00:00Z 404 177.22
2026-09-21T20:00:00Z 500 45.59
2026-09-21T20:00:00Z 200 170.76
2026-09-21T20:00:00Z 200 59.15
2026-09-21T20:00:00Z 500 194.04
2026-09-21T20:00:00Z 404 18.04
2026-09-21T20:00:00Z 200 187.82
2026-09-21T20:00:00Z 404 166.80
2026-09-21T20:00:00Z 500 81.09
2026-09-21T20:00:00Z 200 25.71
2026-09-21T20:00:00Z 500 179.73
2026-09-21T20:00:00Z 200 155.25
2026-09-21T20:00:00Z 404 141.87
2026-09-21T20:00:00Z 500 51.36
2026-09-21T20:00:00Z 200 186.28
2026-09-21T20:00:00Z 500 158.97
2026-09-21T20:00:00Z 200 172.72
2026-09-21T20:00:00Z 200 16.82
2026-09-21T20:00:00Z 200 109.76
2026-09-21T20:00:00Z 200 178.81
2026-09-21T20:00:00Z 200 193.19
2026-09-21T20:00:00Z 200 95.81
2026-09-21T20:00:00Z 404 110.08
2026-09-21T20:00:00Z 200 84.56
2026-09-21T20:00:00Z 500 156.75
2026-09-21T20:00:00Z 500 65.84
2026-09-21T20:00:00Z 500 37.97
2026-09-21T20:00:00Z 200 190.94
2026-09-21T20:00:00Z 200 188.35
2026-09-21T20:00:00Z 404 70.26
2026-09-21T20:00:00Z 404 88.68
2026-09-21T20:00:00Z 404 192.57
2026-09-21T20:00:00Z 200 33.49
2026-09-21T20:00:00Z 404 12.79
2026-09-21T20:00:00Z 500 153.49
2026-09-21T20:00:00Z 200 125.43
2026-09-21T20:00:00Z 200 160.17
2026-09-21T20:00:00Z 200 183.99
2026-09-21T20:00:00Z 200 45.93
2026-09-21T20:00:00Z 500 42.40
2026-09-21T20:00:00Z 200 149.76
2026-09-21T20:00:00Z 200 133.85
2026-09-21T20:00:00Z 200 12.58
2026-09-21T20:00:00Z 200 148.41
2026-09-21T20:00:00Z 404 128.52
2026-09-21T20:00:00Z 500 90.31
2026-09-21T20:00:00Z 500 154.78
2026-09-21T20:00:00Z 200 104.89
2026-09-21T20:00:00Z 200 99.68
2026-09-21T20:00:00Z 200 11.39
2026-09-21T20:00:00Z 404 169.15
2026-09-21T20:00:00Z 500 56.49
2026-09-21T20:00:00Z 404 86.55
2026-09-21T20:00:00Z 500 60.79
2026-09-21T20:00:00Z 200 79.84
2026-09-21T20:00:00Z 200 119.82
2026-09-21T20:00:00Z 200 93.10
2026-09-21T20:00:00Z 200 71.56
2026-09-21T20:00:00Z 200 126.58
2026-09-21T20:00:00Z 500 69.97
2026-09-21T20:00:00Z 200 47.24
2026-09-21T20:00:00Z 404 158.67
2026-09-21T20:00:00Z 500 199.91
2026-09-21T20:00:00Z 404 133.22
2026-09-21T20:00:00Z 404 127.97
2026-09-21T20:00:00Z 404 74.89
2026-09-21T20:00:00Z 200 163.16
2026-09-21T20:00:00Z 404 34.86
2026-09-21T20:00:00Z 200 60.13
2026-09-21T20:00:00Z 404 82.14
2026-09-21T20:00:00Z 500 78.04
2026-09-21T20:00:00Z 404 38.96
2026-09-21T20:00:00Z 404 183.77
2026-09-21T20:00:00Z 404 16.33
2026-09-21T20:00:00Z 200 139.52
2026-09-21T20:00:00Z 500 24.32
2026-09-21T20:00:00Z 200 151.02
2026-09-21T20:00:00Z 500 122.73
2026-09-21T20:00:00Z 500 91.25
2026-09-21T20:00:00Z 200 81.30
2026-09-21T20:00:00Z 404 34.07
2026-09-21T20:00:00Z 200 174.10
2026-09-21T20:00:00Z 200 155.76
2026-09-21T20:00:00Z 200 193.32
2026-09-21T20:00:00Z 200 78.15
2026-09-21T20:00:00Z 404 137.79
2026-09-21T20:00:00Z 200 190.18
2026-09-21T20:00:00Z 404 121.71
2026-09-21T20:00:00Z 200 158.08
2026-09-21T20:00:00Z 500 45.26
2026-09-21T20:00:00Z 500 85.79
2026-09-21T20:00:00Z 200 37.67
2026-09-21T20:00:00Z 404 150.03
2026-09-21T20:00:00Z 200 182.51
2026-09-21T20:00:00Z 500 61.83
2026-09-21T20:00:00Z 200 73.86
2026-09-21T20:00:00Z 500 74.97
2026-09-21T20:00:00Z 500 181.56
2026-09-21T20:00:00Z 500 12.26
2026-09-21T20:00:00Z 200 80.77
2026-09-21T20:00:00Z 404 173.83
2026-09-21T20:00:00Z 200 34.08
2026-09-21T20:00:00Z 200 158.77
2026-09-21T20:00:00Z 404 178.27
2026-09-21T20:00:00Z 500 146.95
2026-09-21T20:00:00Z 200 46.04
2026-09-21T20:00:00Z 200 192.34
2026-09-21T20:00:00Z 404 138.97
2026-09-21T20:00:00Z 404 153.75
2026-09-21T20:00:00Z 200 185.92
2026-09-21T20:00:00Z 200 69.64
2026-09-21T20:00:00Z 200 145.77
2026-09-21T20:00:00Z 200 51.60
2026-09-21T20:00:00Z 500 104.01
2026-09-21T20:00:00Z 200 24.04
2026-09-21T20:00:00Z 404 184.55
2026-09-21T20:00:00Z 500 64.75
2026-09-21T20:00:00Z 200 152.06
2026-09-21T20:00:00Z 200 112.85
2026-09-21T20:00:00Z 200 181.50
2026-09-21T20:00:00Z 200 128.60
2026-09-21T20:00:00Z 200 78.16
2026-09-21T20:00:00Z 200 40.16
2026-09-21T20:00:00Z 200 20.29
2026-09-21T20:00:00Z 200 45.05
2026-09-21T20:00:00Z 200 159.27
2026-09-21T20:00:00Z 200 138.44
2026-09-21T20:00:00Z 200 51.81
2026-09-21T20:00:00Z 200 159.53
2026-09-21T20:00:00Z 200 10.67
2026-09-21T20:00:00Z 404 174.80
2026-09-21T20:00:00Z 500 168.03
2026-09-21T20:00:00Z 404 45.34
2026-09-21T20:00:00Z 200 156.01
2026-09-21T20:00:00Z 404 17.68
2026-09-21T20:00:00Z 500 82.78
2026-09-21T20:00:00Z 404 83.96
2026-09-21T20:00:00Z 404 48.63
2026-09-21T20:00:00Z 200 66.12
2026-09-21T20:00:00Z 200 68.33
2026-09-21T20:00:00Z 200 96.51
2026-09-21T20:00:00Z 200 37.31
2026-09-21T20:00:00Z 200 42.41
2026-09-21T20:00:00Z 200 40.38
2026-09-21T20:00:00Z 200 195.27
2026-09-21T20:00:00Z 200 191.33
2026-09-21T20:00:00Z 200 58.44
2026-09-21T20:00:00Z 404 42.81
2026-09-21T20:00:00Z 200 179.70
2026-09-21T20:00:00Z 200 81.95
2026-09-21T20:00:00Z 200 101.69
2026-09-21T20:00:00Z 200 14.77
2026-09-21T20:00:00Z 200 10.24
2026-09-21T20:00:00Z 404 167.23
2026-09-21T20:00:00Z 200 103.69
2026-09-21T20:00:00Z 200 75.46
2026-09-21T20:00:00Z 200 95.25
2026-09-21T20:00:00Z 500 194.82
2026-09-21T20:00:00Z 200 125.89
2026-09-21T20:00:00Z 200 196.27
2026-09-21T20:00:00Z 200 124.01
2026-09-21T20:00:00Z 200 16.27
2026-09-21T20:00:00Z 200 83.29
2026-09-21T20:00:00Z 200 181.69
2026-09-21T20:00:00Z 200 133.21
2026-09-21T20:00:00Z 200 152.25
2026-09-21T20:00:00Z 500 140.48
2026-09-21T20:00:00Z 200 180.18
2026-09-21T20:00:00Z 200 144.77
2026-09-21T20:00:00Z 404 166.88
2026-09-21T20:00:00Z 200 109.61
2026-09-21T20:00:00Z 200 116.81
2026-09-21T20:00:00Z 404 148.42
2026-09-21T20:00:00Z 500 142.07
2026-09-21T20:00:00Z 500 103.99
2026-09-21T20:00:00Z 200 28.47
2026-09-21T20:00:00Z 200 179.06
2026-09-21T20:00:00Z 500 98.98
2026-09-21T20:00:00Z 200 114.81
2026-09-21T20:00:00Z 500 31.27
2026-09-21T20:00:00Z 404 180.06
2026-09-21T20:00:00Z 500 103.79
2026-09-21T20:00:00Z 200 90.51
2026-09-21T20:00:00Z 200 13.47
2026-09-21T20:00:00Z 200 87.86
2026-09-21T20:00:00Z 500 34.49
2026-09-21T20:00:00Z 200 31.43
2026-09-21T20:00:00Z 404 172.38
2026-09-21T20:00:00Z 404 182.83
2026-09-21T20:00:00Z 200 136.80
2026-09-21T20:00:00Z 200 21.33
2026-09-21T20:00:00Z 404 161.75
2026-09-21T20:00:00Z 404 127.35
2026-09-21T20:00:00Z 200 85.54
2026-09-21T20:00:00Z 200 125.86
2026-09-21T20:00:00Z 200 175.75
2026-09-21T20:00:00Z 500 21.53
2026-09-21T20:00:00Z 200 37.69
2026-09-21T20:00:00Z 500 154.67
2026-09-21T20:00:00Z 200 73.14
2026-09-21T20:00:00Z 200 180.69
2026-09-21T20:00:00Z 500 38.34
2026-09-21T20:00:00Z 200 93.72
2026-09-21T20:00:00Z 404 130.01
2026-09-21T20:00:00Z 200 192.96
2026-09-21T20:00:00Z 200 175.65
2026-09-21T20:00:00Z 404 151.93
2026-09-21T20:00:00Z 200 48.01
2026-09-21T20:00:00Z 404 44.24
2026-09-21T20:00:00Z 200 51.00
2026-09-21T20:00:00Z 200 36.85
2026-09-21T20:00:00Z 200 136.26
2026-09-21T20:00:00Z 500 96.51
2026-09-21T20:00:00Z 200 51.07
2026-09-21T20:00:00Z 200 145.95
2026-09-21T20:00:00Z 500 18.78
2026-09-21T20:00:00Z 200 80.63
2026-09-21T20:00:00Z 404 178.60
2026-09-21T20:00:00Z 500 181.97
2026-09-21T20:00:00Z 200 152.42
2026-09-21T20:00:00Z 500 135.65
2026-09-21T20:00:00Z 200 175.68
2026-09-21T20:00:00Z 500 59.80
2026-09-21T20:00:00Z 500 121.74
2026-09-21T20:00:00Z 200 83.10
2026-09-21T20:00:00Z 200 160.83
2026-09-21T20:00:00Z 404 165.47
2026-09-21T20:00:00Z 500 98.47
2026-09-21T20:00:00Z 500 156.58
2026-09-21T20:00:00Z 200 34.51
2026-09-21T20:00:00Z 404 84.09
2026-09-21T20:00:00Z 404 24.86
2026-09-21T20:00:00Z 500 18.76
2026-09-21T20:00:00Z 200 169.64
2026-09-21T20:00:00Z 200 99.46
2026-09-21T20:00:00Z 200 55.86
2026-09-21T20:00:00Z 404 193.74
2026-09-21T20:00:00Z 404 144.04
2026-09-21T20:00:00Z 404 150.96
2026-09-21T20:00:00Z 200 119.34
2026-09-21T20:00:00Z 200 35.19
2026-09-21T20:00:00Z 404 49.86
2026-09-21T20:00:00Z 200 13.09
2026-09-21T20:00:00Z 200 110.83
2026-09-21T20:00:00Z 200 181.70
2026-09-21T20:00:00Z 500 168.66
2026-09-21T20:00:00Z 200 82.16
2026-09-21T20:00:00Z 500 59.46
2026-09-21T20:00:00Z 200 88.73
2026-09-21T20:00:00Z 500 149.50
2026-09-21T20:00:00Z 500 22.58
2026-09-21T20:00:00Z 200 193.06
2026-09-21T20:00:00Z 200 24.31
2026-09-21T20:00:00Z 500 103.50
2026-09-21T20:00:00Z 200 61.05
2026-09-21T20:00:00Z 200 124.58
2026-09-21T20:00:00Z 200 31.42
2026-09-21T20:00:00Z 200 165.42
2026-09-21T20:00:00Z 500 51.75
2026-09-21T20:00:00Z 200 174.31
2026-09-21T20:00:00Z 200 148.78
2026-09-21T20:00:00Z 200 170.28
2026-09-21T20:00:00Z 200 199.13
2026-09-21T20:00:00Z 200 142.32
2026-09-21T20:00:00Z 500 49.64
2026-09-21T20:00:00Z 200 56.03
2026-09-21T20:00:00Z 500 179.48
2026-09-21T20:00:00Z 200 23.21
2026-09-21T20:00:00Z 200 134.95
2026-09-21T20:00:00Z 404 89.63
2026-09-21T20:00:00Z 200 65.81
2026-09-21T20:00:00Z 404 84.55
2026-09-21T20:00:00Z 200 187.99
2026-09-21T20:00:00Z 500 28.41
2026-09-21T20:00:00Z 200 179.85
2026-09-21T20:00:00Z 200 147.34
2026-09-21T20:00:00Z 404 174.94
2026-09-21T20:00:00Z 200 144.74
2026-09-21T20:00:00Z 200 106.76
2026-09-21T20:00:00Z 200 106.38
2026-09-21T20:00:00Z 500 101.91
2026-09-21T20:00:00Z 200 149.24
2026-09-21T20:00:00Z 200 192.87
2026-09-21T20:00:00Z 200 21.91
2026-09-21T20:00:00Z 200 50.92
2026-09-21T20:00:00Z 500 180.44
2026-09-21T20:00:00Z 200 127.71
2026-09-21T20:00:00Z 500 101.14
2026-09-21T20:00:00Z 200 177.71
2026-09-21T20:00:00Z 200 19.18
2026-09-21T20:00:00Z 200 34.09
2026-09-21T20:00:00Z 404 43.41
2026-09-21T20:00:00Z 200 19.75
2026-09-21T20:00:00Z 200 11.31
2026-09-21T20:00:00Z 500 158.50
2026-09-21T20:00:00Z 404 132.02
2026-09-21T20:00:00Z 200 65.96
2026-09-21T20:00:00Z 200 174.12
2026-09-21T20:00:00Z 404 168.30
2026-09-21T20:00:00Z 200 50.52
2026-09-21T20:00:00Z 200 21.37
2026-09-21T20:00:00Z 404 174.86
2026-09-21T20:00:00Z 500 49.76
2026-09-21T20:00:00Z 200 102.53
2026-09-21T20:00:00Z 200 29.68
2026-09-21T20:00:00Z 200 113.70
2026-09-21T20:00:00Z 500 88.36
2026-09-21T20:00:00Z 200 100.75
2026-09-21T20:00:00Z 200 76.12
2026-09-21T20:00:00Z 200 192.94
2026-09-21T20:00:00Z 200 103.88
2026-09-21T20:00:00Z 500 191.61
2026-09-21T20:00:00Z 200 45.38
2026-09-21T20:00:00Z 404 80.39
2026-09-21T20:00:00Z 500 109.87
2026-09-21T20:00:00Z 500 97.08
2026-09-21T20:00:00Z 200 166.62
2026-09-21T20:00:00Z 500 135.24
2026-09-21T20:00:00Z 404 137.78
2026-09-21T20:00:00Z 200 75.91
2026-09-21T20:00:00Z 200 84.45
2026-09-21T20:00:00Z 200 16.23
2026-09-21T20:00:00Z 200 148.10
2026-09-21T20:00:00Z 200 100.43
2026-09-21T20:00:00Z 200 103.38
2026-09-21T20:00:00Z 200 141.63
2026-09-21T20:00:00Z 200 131.90
2026-09-21T20:00:00Z 200 49.49
2026-09-21T20:00:00Z 200 103.67
2026-09-21T20:00:00Z 200 79.79
2026-09-21T20:00:00Z 200 73.49
2026-09-21T20:00:00Z 200 36.82
2026-09-21T20:00:00Z 200 107.52
2026-09-21T20:00:00Z 200 25.00
2026-09-21T20:00:00Z 200 133.59
2026-09-21T20:00:00Z 404 190.11
2026-09-21T20:00:00Z 200 161.65
2026-09-21T20:00:00Z 200 39.75
2026-09-21T20:00:00Z 404 97.39
2026-09-21T20:00:00Z 200 105.32
2026-09-21T20:00:00Z 200 173.05
2026-09-21T20:00:00Z 200 96.22
2026-09-21T20:00:00Z 200 77.35
2026-09-21T20:00:00Z 200 188.86
2026-09-21T20:00:00Z 200 99.27
2026-09-21T20:00:00Z 200 25.05
2026-09-21T20:00:00Z 404 77.91
2026-09-21T20:00:00Z 200 123.52
2026-09-21T20:00:00Z 200 165.75
2026-09-21T20:00:00Z 500 168.87
2026-09-21T20:00:00Z 200 98.62
2026-09-21T20:00:00Z 200 64.45
2026-09-21T20:00:00Z 500 108.07
2026-09-21T20:00:00Z 200 52.88
2026-09-21T20:00:00Z 404 99.94
2026-09-21T20:00:00Z 500 54.83
2026-09-21T20:00:00Z 404 81.64
2026-09-21T20:00:00Z 200 197.53
2026-09-21T20:00:00Z 404 13.72
2026-09-21T20:00:00Z 200 70.33
2026-09-21T20:00:00Z 404 60.57
2026-09-21T20:00:00Z 200 128.89
2026-09-21T20:00:00Z 200 75.04
2026-09-21T20:00:00Z 200 125.90
2026-09-21T20:00:00Z 404 144.51
2026-09-21T20:00:00Z 200 120.06
2026-09-21T20:00:00Z 500 29.30
2026-09-21T20:00:00Z 500 19.17
2026-09-21T20:00:00Z 200 134.16
2026-09-21T20:00:00Z 404 164.89
2026-09-21T20:00:00Z 404 84.28
2026-09-21T20:00:00Z 500 61.19
2026-09-21T20:00:00Z 404 85.47
2026-09-21T20:00:00Z 200 123.13
2026-09-21T20:00:00Z 200 153.94
2026-09-21T20:00:00Z 404 153.02
2026-09-21T20:00:00Z 200 103.21
2026-09-21T20:00:00Z 200 49.19
2026-09-21T20:00:00Z 200 169.34
2026-09-21T20:00:00Z 500 29.25
2026-09-21T20:00:00Z 200 83.21
2026-09-21T20:00:00Z 404 194.39
2026-09-21T20:00:00Z 200 161.35
2026-09-21T20:00:00Z 404 107.32
2026-09-21T20:00:00Z 200 178.53
2026-09-21T20:00:00Z 500 153.15
2026-09-21T20:00:00Z 200 57.12
2026-09-21T20:00:00Z 200 149.31
2026-09-21T20:00:00Z 500 43.98
2026-09-21T20:00:00Z 200 189.12
2026-09-21T20:00:00Z 200 50.13
2026-09-21T20:00:00Z 200 100.65
2026-09-21T20:00:00Z 200 24.50
2026-09-21T20:00:00Z 500 39.79
2026-09-21T20:00:00Z 200 149.09
2026-09-21T20:00:00Z 200 122.34
2026-09-21T20:00:00Z 404 83.13
2026-09-21T20:00:00Z 500 124.92
2026-09-21T20:00:00Z 404 99.82
2026-09-21T20:00:00Z 200 172.12
2026-09-21T20:00:00Z 200 174.27
2026-09-21T20:00:00Z 200 191.72
2026-09-21T20:00:00Z 404 121.86
2026-09-21T20:00:00Z 200 25.67
2026-09-21T20:00:00Z 200 162.41
2026-09-21T20:00:00Z 200 115.56
2026-09-21T20:00:00Z 200 152.99
2026-09-21T20:00:00Z 200 122.68
2026-09-21T20:00:00Z 200 189.09
2026-09-21T20:00:00Z 200 134.39
2026-09-21T20:00:00Z 200 70.21
2026-09-21T20:00:00Z 200 102.61
2026-09-21T20:00:00Z 404 129.31
2026-09-21T20:00:00Z 200 157.16
2026-09-21T20:00:00Z 200 146.64
2026-09-21T20:00:00Z 500 139.55
2026-09-21T20:00:00Z 200 66.80
2026-09-21T20:00:00Z 404 44.05
2026-09-21T20:00:00Z 500 190.09
2026-09-21T20:00:00Z 404 86.21
2026-09-21T20:00:00Z 500 174.48
2026-09-21T20:00:00Z 500 131.58
2026-09-21T20:00:00Z 500 82.35
2026-09-21T20:00:00Z 500 166.81
2026-09-21T20:00:00Z 200 64.34
2026-09-21T20:00:00Z 200 127.45
2026-09-21T20:00:00Z 200 62.83
2026-09-21T20:00:00Z 404 44.60
2026-09-21T20:00:00Z 404 179.47
2026-09-21T20:00:00Z 200 83.57
2026-09-21T20:00:00Z 500 72.49
2026-09-21T20:00:00Z 200 78.22
2026-09-21T20:00:00Z 500 120.70
2026-09-21T20:00:00Z 200 80.69
2026-09-21T20:00:00Z 200 21.35
2026-09-21T20:00:00Z 500 108.35
2026-09-21T20:00:00Z 200 179.36
2026-09-21T20:00:00Z 200 80.59
2026-09-21T20:00:00Z 200 25.63
2026-09-21T20:00:00Z 500 122.43
2026-09-21T20:00:00Z 200 130.45
2026-09-21T20:00:00Z 200 180.96
2026-09-21T20:00:00Z 500 30.69
2026-09-21T20:00:00Z 200 86.92
2026-09-21T20:00:00Z 200 86.07
2026-09-21T20:00:00Z 200 31.00
2026-09-21T20:00:00Z 500 106.42
2026-09-21T20:00:00Z 404 25.51
2026-09-21T20:00:00Z 200 136.30
2026-09-21T20:00:00Z 404 17.97
2026-09-21T20:00:00Z 200 189.31
2026-09-21T20:00:00Z 200 105.04
2026-09-21T20:00:00Z 200 82.16
2026-09-21T20:00:00Z 404 162.28
2026-09-21T20:00:00Z 200 118.90
2026-09-21T20:00:00Z 200 79.90
2026-09-21T20:00:00Z 200 46.97
2026-09-21T20:00:00Z 500 71.35
2026-09-21T20:00:00Z 200 98.81
2026-09-21T20:00:00Z 404 107.27
2026-09-21T20:00:00Z 500 52.89
2026-09-21T20:00:00Z 500 160.83
2026-09-21T20:00:00Z 200 23.96
2026-09-21T20:00:00Z 200 153.59
2026-09-21T20:00:00Z 404 129.77
2026-09-21T20:00:00Z 200 115.82
2026-09-21T20:00:00Z 200 52.73
2026-09-21T20:00:00Z 200 32.14
2026-09-21T20:00:00Z 500 40.06
2026-09-21T20:00:00Z 200 111.27
2026-09-21T20:00:00Z 200 60.60
2026-09-21T20:00:00Z 404 52.13
2026-09-21T20:00:00Z 200 119.20
2026-09-21T20:00:00Z 200 99.51
2026-09-21T20:00:00Z 200 84.69
2026-09-21T20:00:00Z 500 120.88
2026-09-21T20:00:00Z 200 81.75
2026-09-21T20:00:00Z 500 190.90
2026-09-21T20:00:00Z 500 117.12
2026-09-21T20:00:00Z 200 66.72
2026-09-21T20:00:00Z 200 36.15
2026-09-21T20:00:00Z 200 41.92
2026-09-21T20:00:00Z 500 19.19
2026-09-21T20:00:00Z 200 70.52
2026-09-21T20:00:00Z 200 150.86
2026-09-21T20:00:00Z 500 148.36
2026-09-21T20:00:00Z 500 187.15
2026-09-21T20:00:00Z 404 94.56
2026-09-21T20:00:00Z 404 193.12
2026-09-21T20:00:00Z 200 164.40
2026-09-21T20:00:00Z 404 74.12
2026-09-21T20:00:00Z 200 26.26
2026-09-21T20:00:00Z 200 175.24
2026-09-21T20:00:00Z 200 168.99
2026-09-21T20:00:00Z 500 60.84
2026-09-21T20:00:00Z 200 166.64
2026-09-21T20:00:00Z 404 184.17
2026-09-21T20:00:00Z 500 10.27
2026-09-21T20:00:00Z 404 134.07
2026-09-21T20:00:00Z 404 25.90
2026-09-21T20:00:00Z 200 45.64
2026-09-21T20:00:00Z 200 102.80
2026-09-21T20:00:00Z 500 139.51
2026-09-21T20:00:00Z 200 111.29
2026-09-21T20:00:00Z 200 17.18
2026-09-21T20:00:00Z 200 184.76
2026-09-21T20:00:00Z 200 33.90
2026-09-21T20:00:00Z 200 59.80
2026-09-21T20:00:00Z 500 174.20
2026-09-21T20:00:00Z 404 78.88
2026-09-21T20:00:00Z 200 46.88
2026-09-21T20:00:00Z 200 192.98
2026-09-21T20:00:00Z 404 52.60
2026-09-21T20:00:00Z 200 193.09
2026-09-21T20:00:00Z 200 65.49
2026-09-21T20:00:00Z 500 54.75
2026-09-21T20:00:00Z 404 152.53
2026-09-21T20:00:00Z 404 154.76
2026-09-21T20:00:00Z 200 122.55
2026-09-21T20:00:00Z 200 100.86
2026-09-21T20:00:00Z 500 88.36
2026-09-21T20:00:00Z 200 157.63
2026-09-21T20:00:00Z 200 129.13
2026-09-21T20:00:00Z 200 77.58
2026-09-21T20:00:00Z 200 104.44
2026-09-21T20:00:00Z 200 175.22
2026-09-21T20:00:00Z 500 26.93
2026-09-21T20:00:00Z 404 153.08
2026-09-21T20:00:00Z 200 123.69
2026-09-21T20:00:00Z 200 140.35
2026-09-21T20:00:00Z 200 146.86
2026-09-21T20:00:00Z 200 89.94
2026-09-21T20:00:00Z 404 124.58
2026-09-21T20:00:00Z 200 34.70
2026-09-21T20:00:00Z 200 89.11
2026-09-21T20:00:00Z 500 192.47
2026-09-21T20:00:00Z 200 102.26
2026-09-21T20:00:00Z 500 127.71
2026-09-21T20:00:00Z 200 156.01
2026-09-21T20:00:00Z 200 128.82
2026-09-21T20:00:00Z 404 43.76
2026-09-21T20:00:00Z 200 153.28
2026-09-21T20:00:00Z 200 85.14
2026-09-21T20:00:00Z 500 154.49
2026-09-21T20:00:00Z 200 35.00
2026-09-21T20:00:00Z 200 144.02
2026-09-21T20:00:00Z 200 126.60
2026-09-21T20:00:00Z 200 22.22
2026-09-21T20:00:00Z 404 148.12
2026-09-21T20:00:00Z 200 107.13
2026-09-21T20:00:00Z 500 128.38
2026-09-21T20:00:00Z 500 28.21
2026-09-21T20:00:00Z 200 108.08
2026-09-21T20:00:00Z 404 171.32
2026-09-21T20:00:00Z 200 141.79
2026-09-21T20:00:00Z 404 145.14
2026-09-21T20:00:00Z 200 139.24
2026-09-21T20:00:00Z 200 20.67
2026-09-21T20:00:00Z 404 21.74
2026-09-21T20:00:00Z 200 123.94
2026-09-21T20:00:00Z 200 78.54
2026-09-21T20:00:00Z 200 105.86
2026-09-21T20:00:00Z 200 103.84
2026-09-21T20:00:00Z 500 148.91
2026-09-21T20:00:00Z 200 97.65
2026-09-21T20:00:00Z 500 198.06
2026-09-21T20:00:00Z 200 42.04
2026-09-21T20:00:00Z 200 31.19
2026-09-21T20:00:00Z 200 164.57
2026-09-21T20:00:00Z 404 181.57
2026-09-21T20:00:00Z 200 34.97
2026-09-21T20:00:00Z 200 101.71
2026-09-21T20:00:00Z 404 133.58
2026-09-21T20:00:00Z 200 100.85
2026-09-21T20:00:00Z 500 70.07
2026-09-21T20:00:00Z 200 36.39
2026-09-21T20:00:00Z 200 95.82
2026-09-21T20:00:00Z 200 164.40
2026-09-21T20:00:00Z 500 119.00
2026-09-21T20:00:00Z 200 185.96
2026-09-21T20:00:00Z 500 110.97
2026-09-21T20:00:00Z 200 55.65
2026-09-21T20:00:00Z 200 198.97
2026-09-21T20:00:00Z 200 75.74
2026-09-21T20:00:00Z 200 166.75
2026-09-21T20:00:00Z 200 155.55
2026-09-21T20:00:00Z 200 152.20
2026-09-21T20:00:00Z 200 186.23
2026-09-21T20:00:00Z 500 99.01
2026-09-21T20:00:00Z 500 110.34
2026-09-21T20:00:00Z 200 179.62
2026-09-21T20:00:00Z 200 32.72
2026-09-21T20:00:00Z 200 191.69
2026-09-21T20:00:00Z 404 192.06
2026-09-21T20:00:00Z 200 86.68
2026-09-21T20:00:00Z 200 148.35
2026-09-21T20:00:00Z 200 48.30
2026-09-21T20:00:00Z 200 141.38
2026-09-21T20:00:00Z 404 28.51
2026-09-21T20:00:00Z 200 13.69
2026-09-21T20:00:00Z 200 134.08
2026-09-21T20:00:00Z 200 99.02
2026-09-21T20:00:00Z 404 17.65
2026-09-21T20:00:00Z 200 51.69
2026-09-21T20:00:00Z 500 171.70
2026-09-21T20:00:00Z 200 187.08
2026-09-21T20:00:00Z 500 112.63
2026-09-21T20:00:00Z 200 48.54
2026-09-21T20:00:00Z 200 133.83
2026-09-21T20:00:00Z 200 189.96
2026-09-21T20:00:00Z 200 144.92
2026-09-21T20:00:00Z 500 136.34
2026-09-21T20:00:00Z 200 117.93
2026-09-21T20:00:00Z 200 162.12
2026-09-21T20:00:00Z 500 12.36
2026-09-21T20:00:00Z 200 75.58
2026-09-21T20:00:00Z 404 64.72
2026-09-21T20:00:00Z 500 146.88
2026-09-21T20:00:00Z 500 133.13
2026-09-21T20:00:00Z 200 125.59
2026-09-21T20:00:00Z 200 185.07
2026-09-21T20:00:00Z 200 136.49
2026-09-21T20:00:00Z 200 169.21
2026-09-21T20:00:00Z 404 64.47
2026-09-21T20:00:00Z 500 58.66
2026-09-21T20:00:00Z 500 137.60
2026-09-21T20:00:00Z 500 22.57
2026-09-21T20:00:00Z 500 83.47
2026-09-21T20:00:00Z 404 12.06
2026-09-21T20:00:00Z 404 106.52
2026-09-21T20:00:00Z 200 24.13
2026-09-21T20:00:00Z 500 24.60
2026-09-21T20:00:00Z 404 52.53
2026-09-21T20:00:00Z 200 72.80
2026-09-21T20:00:00Z 200 70.23
2026-09-21T20:00:00Z 200 60.37
2026-09-21T20:00:00Z 200 128.93
2026-09-21T20:00:00Z 500 197.18
2026-09-21T20:00:00Z 404 14.16
2026-09-21T20:00:00Z 500 20.45
2026-09-21T20:00:00Z 200 107.33
2026-09-21T20:00:00Z 200 107.52
2026-09-21T20:00:00Z 200 38.54
2026-09-21T20:00:00Z 200 56.37
2026-09-21T20:00:00Z 200 77.80
2026-09-21T20:00:00Z 404 108.45
2026-09-21T20:00:00Z 200 96.28
2026-09-21T20:00:00Z 200 44.70
2026-09-21T20:00:00Z 200 111.99
2026-09-21T20:00:00Z 200 199.49
2026-09-21T20:00:00Z 200 63.46
2026-09-21T20:00:00Z 200 86.67
2026-09-21T20:00:00Z 404 168.45
2026-09-21T20:00:00Z 500 43.51
2026-09-21T20:00:00Z 404 130.55
2026-09-21T20:00:00Z 404 40.19
2026-09-21T20:00:00Z 200 158.29
2026-09-21T20:00:00Z 200 179.76
2026-09-21T20:00:00Z 200 33.93
2026-09-21T20:00:00Z 200 107.71
2026-09-21T20:00:00Z 500 73.45
2026-09-21T20:00:00Z 200 186.71
2026-09-21T20:00:00Z 200 26.06
2026-09-21T20:00:00Z 200 184.15
2026-09-21T20:00:00Z 404 153.39
2026-09-21T20:00:00Z 200 163.51
2026-09-21T20:00:00Z 200 21.85
2026-09-21T20:00:00Z 404 90.65
2026-09-21T20:00:00Z 200 10.71
2026-09-21T20:00:00Z 200 125.74
2026-09-21T20:00:00Z 200 99.31
2026-09-21T20:00:00Z 200 184.75
2026-09-21T20:00:00Z 200 105.96
2026-09-21T20:00:00Z 200 143.19
2026-09-21T20:00:00Z 200 22.48
2026-09-21T20:00:00Z 500 53.62
2026-09-21T20:00:00Z 200 113.66
2026-09-21T20:00:00Z 404 117.84
2026-09-21T20:00:00Z 200 18.36
2026-09-21T20:00:00Z 200 42.02
2026-09-21T20:00:00Z 200 21.14
2026-09-21T20:00:00Z 200 144.38
2026-09-21T20:00:00Z 404 126.54
2026-09-21T20:00:00Z 404 56.49
2026-09-21T20:00:00Z 200 181.28
2026-09-21T20:00:00Z 200 103.76
2026-09-21T20:00:00Z 404 136.26
2026-09-21T20:00:00Z 200 50.98
2026-09-21T20:00:00Z 404 71.65
2026-09-21T20:00:00Z 500 47.08
2026-09-21T20:00:00Z 404 99.09
2026-09-21T20:00:00Z 200 194.59
2026-09-21T20:00:00Z 500 133.43
2026-09-21T20:00:00Z 500 152.76
2026-09-21T20:00:00Z 500 26.12
2026-09-21T20:00:00Z 404 40.90
2026-09-21T20:00:00Z 200 165.02
2026-09-21T20:00:00Z 200 142.82
2026-09-21T20:00:00Z 200 100.45
2026-09-21T20:00:00Z 200 55.66
2026-09-21T20:00:00Z 200 45.00
2026-09-21T20:00:00Z 500 122.23
2026-09-21T20:00:00Z 500 75.34
2026-09-21T20:00:00Z 200 184.42
2026-09-21T20:00:00Z 200 159.17
2026-09-21T20:00:00Z 200 16.67
2026-09-21T20:00:00Z 200 112.91
2026-09-21T20:00:00Z 500 110.21
2026-09-21T20:00:00Z 200 69.59
2026-09-21T20:00:00Z 500 49.16
2026-09-21T20:00:00Z 404 102.57
2026-09-21T20:00:00Z 200 55.29
2026-09-21T20:00:00Z 500 104.20
2026-09-21T20:00:00Z 500 131.15
2026-09-21T20:00:00Z 200 30.94
2026-09-21T20:00:00Z 500 16.83
2026-09-21T20:00:00Z 404 86.12
2026-09-21T20:00:00Z 200 175.92
2026-09-21T20:00:00Z 500 166.69
2026-09-21T20:00:00Z 200 109.91
2026-09-21T20:00:00Z 404 76.58
2026-09-21T20:00:00Z 404 67.17
2026-09-21T20:00:00Z 404 162.37
2026-09-21T20:00:00Z 500 67.63
2026-09-21T20:00:00Z 200 129.43
2026-09-21T20:00:00Z 200 156.43
2026-09-21T20:00:00Z 200 190.30
2026-09-21T20:00:00Z 200 45.66
2026-09-21T20:00:00Z 404 41.05
2026-09-21T20:00:00Z 200 192.23
2026-09-21T20:00:00Z 200 43.30
2026-09-21T20:00:00Z 404 69.53
2026-09-21T20:00:00Z 500 155.99
2026-09-21T20:00:00Z 404 81.53
2026-09-21T20:00:00Z 200 96.39
2026-09-21T20:00:00Z 200 99.01
2026-09-21T20:00:00Z 200 105.76
2026-09-21T20:00:00Z 500 100.85
2026-09-21T20:00:00Z 200 15.38
2026-09-21T20:00:00Z 500 191.31
2026-09-21T20:00:00Z 200 69.46
2026-09-21T20:00:00Z 200 91.27
2026-09-21T20:00:00Z 500 140.17
2026-09-21T20:00:00Z 500 91.74
2026-09-21T20:00:00Z 200 177.24
2026-09-21T20:00:00Z 404 13.89
2026-09-21T20:00:00Z 200 118.78
2026-09-21T20:00:00Z 404 125.43
2026-09-21T20:00:00Z 404 159.24
2026-09-21T20:00:00Z 200 58.08
2026-09-21T20:00:00Z 200 17.08
2026-09-21T20:00:00Z 200 89.79
2026-09-21T20:00:00Z 500 134.72
2026-09-21T20:00:00Z 200 195.97
2026-09-21T20:00:00Z 200 144.38
2026-09-21T20:00:00Z 200 30.46
2026-09-21T20:00:00Z 200 157.79
2026-09-21T20:00:00Z 200 171.96
2026-09-21T20:00:00Z 200 12.98
2026-09-21T20:00:00Z 200 191.15
2026-09-21T20:00:00Z 200 129.83
2026-09-21T20:00:00Z 200 42.26
2026-09-21T20:00:00Z 200 102.58
2026-09-21T20:00:00Z 500 147.22
2026-09-21T20:00:00Z 200 120.43
2026-09-21T20:00:00Z 500 118.49
2026-09-21T20:00:00Z 404 143.19
2026-09-21T20:00:00Z 200 77.96
2026-09-21T20:00:00Z 404 134.26
2026-09-21T20:00:00Z 200 182.88
2026-09-21T20:00:00Z 200 58.49
2026-09-21T20:00:00Z 500 119.82
2026-09-21T20:00:00Z 200 43.83
2026-09-21T20:00:00Z 500 36.32
2026-09-21T20:00:00Z 404 32.24
2026-09-21T20:00:00Z 404 83.96
2026-09-21T20:00:00Z 200 117.55
2026-09-21T20:00:00Z 200 154.22
2026-09-21T20:00:00Z 404 152.01
2026-09-21T20:00:00Z 200 147.85
2026-09-21T20:00:00Z 500 55.73
2026-09-21T20:00:00Z 200 186.06
2026-09-21T20:00:00Z 200 174.20
2026-09-21T20:00:00Z 500 101.92
2026-09-21T20:00:00Z 200 105.55
2026-09-21T20:00:00Z 200 142.73
2026-09-21T20:00:00Z 200 52.55
2026-09-21T20:00:00Z 404 112.87
2026-09-21T20:00:00Z 500 157.43
2026-09-21T20:00:00Z 500 177.47
2026-09-21T20:00:00Z 500 33.63
2026-09-21T20:00:00Z 200 155.39
2026-09-21T20:00:00Z 500 91.28
2026-09-21T20:00:00Z 404 99.88
2026-09-21T20:00:00Z 200 92.48
2026-09-21T20:00:00Z 200 23.25
2026-09-21T20:00:00Z 500 52.65
2026-09-21T20:00:00Z 200 172.25
2026-09-21T20:00:00Z 200 21.22
2026-09-21T20:00:00Z 200 88.40
2026-09-21T20:00:00Z 500 75.96
2026-09-21T20:00:00Z 404 131.54
2026-09-21T20:00:00Z 500 132.57
2026-09-21T20:00:00Z 404 75.47
2026-09-21T20:00:00Z 200 124.66
2026-09-21T20:00:00Z 200 115.97
2026-09-21T20:00:00Z 200 183.80
2026-09-21T20:00:00Z 404 22.08
2026-09-21T20:00:00Z 200 182.02
2026-09-21T20:00:00Z 404 184.66
2026-09-21T20:00:00Z 500 53.61
2026-09-21T20:00:00Z 200 47.59
2026-09-21T20:00:00Z 200 74.21
2026-09-21T20:00:00Z 200 57.34
2026-09-21T20:00:00Z 200 184.35
2026-09-21T20:00:00Z 404 84.80
2026-09-21T20:00:00Z 500 97.59
2026-09-21T20:00:00Z 200 117.53
2026-09-21T20:00:00Z 500 155.47
2026-09-21T20:00:00Z 500 145.53
2026-09-21T20:00:00Z 404 123.35
2026-09-21T20:00:00Z 404 195.82
2026-09-21T20:00:00Z 500 178.37
2026-09-21T20:00:00Z 200 39.30
2026-09-21T20:00:00Z 500 127.28
2026-09-21T20:00:00Z 500 95.64
2026-09-21T20:00:00Z 200 155.32
2026-09-21T20:00:00Z 404 31.27
2026-09-21T20:00:00Z 200 49.50
2026-09-21T20:00:00Z 200 73.25
2026-09-21T20:00:00Z 200 10.21
2026-09-21T20:00:00Z 404 85.94
2026-09-21T20:00:00Z 500 19.03
2026-09-21T20:00:00Z 200 152.80
2026-09-21T20:00:00Z 500 158.52
2026-09-21T20:00:00Z 200 182.30
2026-09-21T20:00:00Z 200 92.91
2026-09-21T20:00:00Z 200 55.74
2026-09-21T20:00:00Z 500 184.83
2026-09-21T20:00:00Z 200 60.51
2026-09-21T20:00:00Z 500 142.73
2026-09-21T20:00:00Z 200 63.33
2026-09-21T20:00:00Z 200 188.93
2026-09-21T20:00:00Z 200 65.21
2026-09-21T20:00:00Z 500 195.98
2026-09-21T20:00:00Z 200 16.25
2026-09-21T20:00:00Z 200 114.72
2026-09-21T20:00:00Z 200 29.67
2026-09-21T20:00:00Z 200 96.01
2026-09-21T20:00:00Z 200 143.19
2026-09-21T20:00:00Z 200 81.92
2026-09-21T20:00:00Z 404 72.67
2026-09-21T20:00:00Z 500 18.29
2026-09-21T20:00:00Z 404 75.21
2026-09-21T20:00:00Z 404 43.99
2026-09-21T20:00:00Z 200 66.91
2026-09-21T20:00:00Z 200 132.86
2026-09-21T20:00:00Z 200 65.86
2026-09-21T20:00:00Z 200 12.17
2026-09-21T20:00:00Z 200 149.77
2026-09-21T20:00:00Z 200 93.81
2026-09-21T20:00:00Z 200 73.03
2026-09-21T20:00:00Z 200 178.78
2026-09-21T20:00:00Z 200 83.95
2026-09-21T20:00:00Z 404 107.03
2026-09-21T20:00:00Z 200 32.43
2026-09-21T20:00:00Z 200 45.44
2026-09-21T20:00:00Z 200 109.56
2026-09-21T20:00:00Z 500 148.48
2026-09-21T20:00:00Z 200 91.46
2026-09-21T20:00:00Z 200 171.10
2026-09-21T20:00:00Z 200 104.77
2026-09-21T20:00:00Z 500 44.10
2026-09-21T20:00:00Z 200 118.06
2026-09-21T20:00:00Z 200 182.66
2026-09-21T20:00:00Z 200 118.30
2026-09-21T20:00:00Z 404 71.90
2026-09-21T20:00:00Z 200 17.30
2026-09-21T20:00:00Z 404 122.02
2026-09-21T20:00:00Z 200 131.38
2026-09-21T20:00:00Z 200 190.13
2026-09-21T20:00:00Z 200 51.13
2026-09-21T20:00:00Z 200 75.86
2026-09-21T20:00:00Z 200 143.32
2026-09-21T20:00:00Z 200 21.67
2026-09-21T20:00:00Z 404 162.85
2026-09-21T20:00:00Z 200 81.31
2026-09-21T20:00:00Z 200 17.53
2026-09-21T20:00:00Z 200 131.01
2026-09-21T20:00:00Z 200 177.70
2026-09-21T20:00:00Z 500 82.04
2026-09-21T20:00:00Z 500 154.04
2026-09-21T20:00:00Z 404 50.92
2026-09-21T20:00:00Z 500 144.75
2026-09-21T20:00:00Z 500 151.68
2026-09-21T20:00:00Z 500 190.15
2026-09-21T20:00:00Z 200 53.67
2026-09-21T20:00:00Z 500 78.72
2026-09-21T20:00:00Z 200 29.98
2026-09-21T20:00:00Z 404 63.99
2026-09-21T20:00:00Z 404 125.96
2026-09-21T20:00:00Z 404 169.33
2026-09-21T20:00:00Z 500 179.64
2026-09-21T20:00:00Z 200 119.99
2026-09-21T20:00:00Z 200 122.05
2026-09-21T20:00:00Z 500 177.66
2026-09-21T20:00:00Z 200 148.37
2026-09-21T20:00:00Z 200 128.06
2026-09-21T20:00:00Z 500 121.81
2026-09-21T20:00:00Z 200 106.89
2026-09-21T20:00:00Z 200 113.26
2026-09-21T20:00:00Z 500 50.48
2026-09-21T20:00:00Z 200 77.94
2026-09-21T20:00:00Z 200 152.97
2026-09-21T20:00:00Z 200 21.92
2026-09-21T20:00:00Z 200 186.63
2026-09-21T20:00:00Z 404 116.41
2026-09-21T20:00:00Z 200 97.42
2026-09-21T20:00:00Z 200 91.69
2026-09-21T20:00:00Z 200 115.26
2026-09-21T20:00:00Z 404 27.53
2026-09-21T20:00:00Z 500 101.79
2026-09-21T20:00:00Z 200 168.29
2026-09-21T20:00:00Z 200 88.64
2026-09-21T20:00:00Z 200 162.97
2026-09-21T20:00:00Z 500 121.33
2026-09-21T20:00:00Z 200 16.11
2026-09-21T20:00:00Z 200 60.63
2026-09-21T20:00:00Z 500 114.79
2026-09-21T20:00:00Z 404 124.71
2026-09-21T20:00:00Z 200 177.80
2026-09-21T20:00:00Z 200 112.01
2026-09-21T20:00:00Z 404 93.88
2026-09-21T20:00:00Z 500 110.60
2026-09-21T20:00:00Z 500 55.56
2026-09-21T20:00:00Z 500 125.95
2026-09-21T20:00:00Z 500 73.94
2026-09-21T20:00:00Z 200 64.42
2026-09-21T20:00:00Z 200 117.79
2026-09-21T20:00:00Z 200 96.90
2026-09-21T20:00:00Z 200 171.56
2026-09-21T20:00:00Z 200 154.65
2026-09-21T20:00:00Z 404 152.93
2026-09-21T20:00:00Z 200 127.23
2026-09-21T20:00:00Z 500 24.38
2026-09-21T20:00:00Z 200 100.29
2026-09-21T20:00:00Z 200 85.76
2026-09-21T20:00:00Z 404 102.95
2026-09-21T20:00:00Z 404 166.07
2026-09-21T20:00:00Z 200 186.51
2026-09-21T20:00:00Z 500 134.58
2026-09-21T20:00:00Z 200 110.30
2026-09-21T20:00:00Z 500 101.90
2026-09-21T20:00:00Z 404 181.41
2026-09-21T20:00:00Z 200 36.44
2026-09-21T20:00:00Z 200 132.67
2026-09-21T20:00:00Z 200 190.91
2026-09-21T20:00:00Z 200 133.66
2026-09-21T20:00:00Z 404 122.12
2026-09-21T20:00:00Z 200 115.78
2026-09-21T20:00:00Z 500 54.60
2026-09-21T20:00:00Z 500 125.92
2026-09-21T20:00:00Z 500 63.79
2026-09-21T20:00:00Z 200 17.15
2026-09-21T20:00:00Z 404 168.78
2026-09-21T20:00:00Z 200 124.46
2026-09-21T20:00:00Z 200 100.22
2026-09-21T20:00:00Z 404 83.62
2026-09-21T20:00:00Z 200 16.95
2026-09-21T20:00:00Z 200 108.91
2026-09-21T20:00:00Z 200 43.91
2026-09-21T20:00:00Z 500 46.15
2026-09-21T20:00:00Z 200 12.02
2026-09-21T20:00:00Z 200 115.00
2026-09-21T20:00:00Z 404 140.05
2026-09-21T20:00:00Z 404 139.55
2026-09-21T20:00:00Z 404 190.75
2026-09-21T20:00:00Z 404 196.27
2026-09-21T20:00:00Z 200 53.91
2026-09-21T20:00:00Z 200 65.97
2026-09-21T20:00:00Z 500 127.04
2026-09-21T20:00:00Z 200 33.00
2026-09-21T20:00:00Z 200 17.25
2026-09-21T20:00:00Z 200 155.44
2026-09-21T20:00:00Z 200 20.15
2026-09-21T20:00:00Z 200 25.57
2026-09-21T20:00:00Z 404 57.29
2026-09-21T20:00:00Z 500 188.37
2026-09-21T20:00:00Z 200 70.48
2026-09-21T20:00:00Z 200 88.65
2026-09-21T20:00:00Z 404 105.98
2026-09-21T20:00:00Z 200 53.67
2026-09-21T20:00:00Z 200 165.79
2026-09-21T20:00:00Z 200 149.81
2026-09-21T20:00:00Z 200 173.13
2026-09-21T20:00:00Z 404 136.42
2026-09-21T20:00:00Z 200 133.50
2026-09-21T20:00:00Z 500 137.07
2026-09-21T20:00:00Z 404 198.56
2026-09-21T20:00:00Z 404 76.33
2026-09-21T20:00:00Z 200 57.62
2026-09-21T20:00:00Z 200 54.60
2026-09-21T20:00:00Z 200 146.64
2026-09-21T20:00:00Z 200 112.62
2026-09-21T20:00:00Z 500 95.20
2026-09-21T20:00:00Z 404 85.91
2026-09-21T20:00:00Z 200 147.95
2026-09-21T20:00:00Z 404 50.87
2026-09-21T20:00:00Z 200 150.47
2026-09-21T20:00:00Z 200 50.61
2026-09-21T20:00:00Z 200 170.05
2026-09-21T20:00:00Z 200 131.15
2026-09-21T20:00:00Z 500 10.70
2026-09-21T20:00:00Z 200 40.01
2026-09-21T20:00:00Z 200 91.64
2026-09-21T20:00:00Z 500 180.98
2026-09-21T20:00:00Z 200 115.39
2026-09-21T20:00:00Z 404 32.74
2026-09-21T20:00:00Z 404 52.62
2026-09-21T20:00:00Z 200 136.90
2026-09-21T20:00:00Z 404 66.29
2026-09-21T20:00:00Z 500 85.10
2026-09-21T20:00:00Z 200 139.12
2026-09-21T20:00:00Z 200 115.29
2026-09-21T20:00:00Z 200 100.91
2026-09-21T20:00:00Z 200 15.19
2026-09-21T20:00:00Z 404 188.94
2026-09-21T20:00:00Z 200 21.31
2026-09-21T20:00:00Z 200 118.90
2026-09-21T20:00:00Z 200 23.37
2026-09-21T20:00:00Z 200 64.49
2026-09-21T20:00:00Z 200 183.28
2026-09-21T20:00:00Z 500 11.72
2026-09-21T20:00:00Z 500 150.30
2026-09-21T20:00:00Z 404 79.88
2026-09-21T20:00:00Z 200 40.63
2026-09-21T20:00:00Z 500 48.83
2026-09-21T20:00:00Z 404 54.18
2026-09-21T20:00:00Z 404 79.46
2026-09-21T20:00:00Z 404 42.40
2026-09-21T20:00:00Z 500 72.32
2026-09-21T20:00:00Z 200 114.16
2026-09-21T20:00:00Z 200 42.04
2026-09-21T20:00:00Z 200 194.81
2026-09-21T20:00:00Z 404 170.27
2026-09-21T20:00:00Z 200 19.65
2026-09-21T20:00:00Z 500 66.96
2026-09-21T20:00:00Z 200 171.27
2026-09-21T20:00:00Z 200 34.68
2026-09-21T20:00:00Z 404 91.43
2026-09-21T20:00:00Z 500 164.34
2026-09-21T20:00:00Z 500 94.66
2026-09-21T20:00:00Z 200 10.72
2026-09-21T20:00:00Z 404 173.14
2026-09-21T20:00:00Z 404 127.77
2026-09-21T20:00:00Z 500 76.89
2026-09-21T20:00:00Z 200 21.99
2026-09-21T20:00:00Z 500 186.65
2026-09-21T20:00:00Z 500 163.20
2026-09-21T20:00:00Z 200 26.15
2026-09-21T20:00:00Z 200 45.89
2026-09-21T20:00:00Z 200 72.57
2026-09-21T20:00:00Z 200 75.89
2026-09-21T20:00:00Z 200 135.59
2026-09-21T20:00:00Z 500 198.71
2026-09-21T20:00:00Z 500 24.63
2026-09-21T20:00:00Z 200 108.64
2026-09-21T20:00:00Z 500 44.78
2026-09-21T20:00:00Z 200 171.87
2026-09-21T20:00:00Z 200 40.61
2026-09-21T20:00:00Z 200 98.91
2026-09-21T20:00:00Z 200 26.38
2026-09-21T20:00:00Z 500 161.25
2026-09-21T20:00:00Z 200 166.07
2026-09-21T20:00:00Z 500 137.55
2026-09-21T20:00:00Z 500 105.42
2026-09-21T20:00:00Z 500 73.75
2026-09-21T20:00:00Z 200 95.60
2026-09-21T20:00:00Z 500 141.17
2026-09-21T20:00:00Z 200 173.37
2026-09-21T20:00:00Z 200 178.79
2026-09-21T20:00:00Z 500 18.33
2026-09-21T20:00:00Z 500 30.77
2026-09-21T20:00:00Z 200 77.51
2026-09-21T20:00:00Z 404 197.80
2026-09-21T20:00:00Z 500 93.94
2026-09-21T20:00:00Z 500 140.13
2026-09-21T20:00:00Z 200 30.37
2026-09-21T20:00:00Z 404 177.90
2026-09-21T20:00:00Z 200 87.90
2026-09-21T20:00:00Z 200 62.68
2026-09-21T20:00:00Z 200 53.18
2026-09-21T20:00:00Z 200 60.15
2026-09-21T20:00:00Z 200 80.13
2026-09-21T20:00:00Z 500 87.23
2026-09-21T20:00:00Z 200 155.64
2026-09-21T20:00:00Z 404 116.70
2026-09-21T20:00:00Z 200 109.11
2026-09-21T20:00:00Z 200 84.06
2026-09-21T20:00:00Z 200 79.82
2026-09-21T20:00:00Z 200 173.89
2026-09-21T20:00:00Z 200 151.07
2026-09-21T20:00:00Z 200 81.97
2026-09-21T20:00:00Z 200 86.85
2026-09-21T20:00:00Z 404 80.36
2026-09-21T20:00:00Z 500 135.17
2026-09-21T20:00:00Z 404 24.62
2026-09-21T20:00:00Z 404 71.22
2026-09-21T20:00:00Z 404 98.19
2026-09-21T20:00:00Z 200 13.50
2026-09-21T20:00:00Z 404 52.73
2026-09-21T20:00:00Z 500 78.31
2026-09-21T20:00:00Z 200 31.79
2026-09-21T20:00:00Z 200 180.82
2026-09-21T20:00:00Z 500 138.15
2026-09-21T20:00:00Z 200 26.24
2026-09-21T20:00:00Z 200 101.07
2026-09-21T20:00:00Z 200 61.84
2026-09-21T20:00:00Z 500 191.59
2026-09-21T20:00:00Z 500 82.01
2026-09-21T20:00:00Z 200 11.20
2026-09-21T20:00:00Z 200 93.47
2026-09-21T20:00:00Z 200 28.74
2026-09-21T20:00:00Z 200 164.76
2026-09-21T20:00:00Z 500 136.46
2026-09-21T20:00:00Z 200 100.81
2026-09-21T20:00:00Z 404 126.18
2026-09-21T20:00:00Z 200 199.40
2026-09-21T20:00:00Z 200 69.52
2026-09-21T20:00:00Z 200 43.80
2026-09-21T20:00:00Z 200 121.07
2026-09-21T20:00:00Z 200 123.02
2026-09-21T20:00:00Z 200 139.85
2026-09-21T20:00:00Z 200 86.53
2026-09-21T20:00:00Z 200 38.04
2026-09-21T20:00:00Z 200 55.26
2026-09-21T20:00:00Z 200 20.66
2026-09-21T20:00:00Z 500 100.21
2026-09-21T20:00:00Z 200 93.56
2026-09-21T20:00:00Z 404 138.15
2026-09-21T20:00:00Z 200 35.24
2026-09-21T20:00:00Z 200 98.96
2026-09-21T20:00:00Z 500 31.06
2026-09-21T20:00:00Z 500 86.45
2026-09-21T20:00:00Z 200 23.06
2026-09-21T20:00:00Z 200 74.35
2026-09-21T20:00:00Z 404 163.56
2026-09-21T20:00:00Z 404 107.32
2026-09-21T20:00:00Z 500 31.02
2026-09-21T20:00:00Z 404 195.63
2026-09-21T20:00:00Z 200 197.08
2026-09-21T20:00:00Z 200 145.39
2026-09-21T20:00:00Z 200 163.22
2026-09-21T20:00:00Z 200 95.03
2026-09-21T20:00:00Z 500 128.75
2026-09-21T20:00:00Z 404 24.46
2026-09-21T20:00:00Z 200 45.18
2026-09-21T20:00:00Z 200 87.00
2026-09-21T20:00:00Z 404 73.90
2026-09-21T20:00:00Z 200 26.51
2026-09-21T20:00:00Z 200 66.15
2026-09-21T20:00:00Z 500 80.94
2026-09-21T20:00:00Z 404 54.57
2026-09-21T20:00:00Z 500 162.47
2026-09-21T20:00:00Z 404 101.72
2026-09-21T20:00:00Z 500 104.32
2026-09-21T20:00:00Z 404 85.86
2026-09-21T20:00:00Z 200 194.16
2026-09-21T20:00:00Z 404 162.85
2026-09-21T20:00:00Z 200 122.05
2026-09-21T20:00:00Z 404 17.57
2026-09-21T20:00:00Z 404 83.77
2026-09-21T20:00:00Z 200 59.43
2026-09-21T20:00:00Z 200 79.23
2026-09-21T20:00:00Z 200 110.86
2026-09-21T20:00:00Z 404 148.40
2026-09-21T20:00:00Z 200 33.07
2026-09-21T20:00:00Z 200 158.43
2026-09-21T20:00:00Z 404 40.01
2026-09-21T20:00:00Z 500 108.25
2026-09-21T20:00:00Z 500 13.21
2026-09-21T20:00:00Z 200 163.56
2026-09-21T20:00:00Z 200 59.12
2026-09-21T20:00:00Z 500 151.12
2026-09-21T20:00:00Z 500 103.79
2026-09-21T20:00:00Z 404 138.76
2026-09-21T20:00:00Z 200 43.23
2026-09-21T20:00:00Z 200 34.07
2026-09-21T20:00:00Z 500 54.81
2026-09-21T20:00:00Z 200 33.80
2026-09-21T20:00:00Z 200 58.96
2026-09-21T20:00:00Z 404 49.97
2026-09-21T20:00:00Z 200 21.45
2026-09-21T20:00:00Z 200 38.97
2026-09-21T20:00:00Z 500 100.95
2026-09-21T20:00:00Z 200 162.20
2026-09-21T20:00:00Z 200 163.15
2026-09-21T20:00:00Z 404 22.77
2026-09-21T20:00:00Z 404 73.27
2026-09-21T20:00:00Z 200 126.71
2026-09-21T20:00:00Z 404 116.01
2026-09-21T20:00:00Z 404 19.38
2026-09-21T20:00:00Z 200 85.54
2026-09-21T20:00:00Z 200 18.42
2026-09-21T20:00:00Z 404 37.90
2026-09-21T20:00:00Z 200 185.93
2026-09-21T20:00:00Z 200 46.68
2026-09-21T20:00:00Z 200 172.20
2026-09-21T20:00:00Z 200 81.71
2026-09-21T20:00:00Z 500 58.28
2026-09-21T20:00:00Z 200 196.26
2026-09-21T20:00:00Z 200 170.25
2026-09-21T20:00:00Z 200 90.71
2026-09-21T20:00:00Z 200 58.40
2026-09-21T20:00:00Z 200 37.47
2026-09-21T20:00:00Z 200 91.44
2026-09-21T20:00:00Z 404 173.66
2026-09-21T20:00:00Z 404 69.85
2026-09-21T20:00:00Z 200 78.60
2026-09-21T20:00:00Z 200 123.56
2026-09-21T20:00:00Z 500 127.73
2026-09-21T20:00:00Z 404 96.78
2026-09-21T20:00:00Z 404 91.30
2026-09-21T20:00:00Z 404 176.58
2026-09-21T20:00:00Z 200 57.51
2026-09-21T20:00:00Z 200 72.08
2026-09-21T20:00:00Z 500 132.08
2026-09-21T20:00:00Z 500 186.80
2026-09-21T20:00:00Z 200 55.09
2026-09-21T20:00:00Z 200 95.34
2026-09-21T20:00:00Z 200 122.62
2026-09-21T20:00:00Z 200 155.20
2026-09-21T20:00:00Z 404 181.63
2026-09-21T20:00:00Z 500 65.43
2026-09-21T20:00:00Z 500 36.83
2026-09-21T20:00:00Z 200 81.46
2026-09-21T20:00:00Z 200 22.97
2026-09-21T20:00:00Z 404 155.93
2026-09-21T20:00:00Z 500 53.15
2026-09-21T20:00:00Z 500 31.37
2026-09-21T20:00:00Z 200 150.32
2026-09-21T20:00:00Z 404 75.26
2026-09-21T20:00:00Z 200 91.36
2026-09-21T20:00:00Z 200 152.26
2026-09-21T20:00:00Z 200 191.44
2026-09-21T20:00:00Z 500 38.70
2026-09-21T20:00:00Z 500 24.87
2026-09-21T20:00:00Z 200 141.11
2026-09-21T20:00:00Z 404 165.82
2026-09-21T20:00:00Z 200 54.85
2026-09-21T20:00:00Z 200 23.47
2026-09-21T20:00:00Z 200 154.39
2026-09-21T20:00:00Z 500 39.73
2026-09-21T20:00:00Z 200 101.76
2026-09-21T20:00:00Z 200 178.02
2026-09-21T20:00:00Z 200 49.96
2026-09-21T20:00:00Z 500 186.57
2026-09-21T20:00:00Z 500 97.71
2026-09-21T20:00:00Z 200 120.88
2026-09-21T20:00:00Z 200 187.72
2026-09-21T20:00:00Z 200 143.37
2026-09-21T20:00:00Z 200 152.79
2026-09-21T20:00:00Z 404 135.20
2026-09-21T20:00:00Z 200 128.45
2026-09-21T20:00:00Z 200 19.57
2026-09-21T20:00:00Z 404 39.49
2026-09-21T20:00:00Z 500 44.20
2026-09-21T20:00:00Z 200 119.88
2026-09-21T20:00:00Z 200 144.68
2026-09-21T20:00:00Z 200 197.97
2026-09-21T20:00:00Z 200 55.47
2026-09-21T20:00:00Z 200 95.26
2026-09-21T20:00:00Z 200 151.24
2026-09-21T20:00:00Z 200 53.42
2026-09-21T20:00:00Z 500 118.59
2026-09-21T20:00:00Z 200 176.08
2026-09-21T20:00:00Z 200 45.47
2026-09-21T20:00:00Z 404 97.30
2026-09-21T20:00:00Z 500 130.77
2026-09-21T20:00:00Z 200 80.84
2026-09-21T20:00:00Z 200 177.00
2026-09-21T20:00:00Z 200 11.88
2026-09-21T20:00:00Z 200 59.32
2026-09-21T20:00:00Z 200 170.79
2026-09-21T20:00:00Z 200 162.24
2026-09-21T20:00:00Z 200 39.95
2026-09-21T20:00:00Z 200 111.82
2026-09-21T20:00:00Z 200 85.90
2026-09-21T20:00:00Z 404 151.60
2026-09-21T20:00:00Z 404 24.25
2026-09-21T20:00:00Z 200 35.91
2026-09-21T20:00:00Z 200 97.02
2026-09-21T20:00:00Z 200 111.95
2026-09-21T20:00:00Z 200 177.44
2026-09-21T20:00:00Z 404 122.44
2026-09-21T20:00:00Z 200 25.31
2026-09-21T20:00:00Z 500 94.69
2026-09-21T20:00:00Z 200 84.06
2026-09-21T20:00:00Z 200 84.64
2026-09-21T20:00:00Z 200 166.11
2026-09-21T20:00:00Z 200 11.81
2026-09-21T20:00:00Z 200 152.57
2026-09-21T20:00:00Z 200 95.77
2026-09-21T20:00:00Z 200 141.42
2026-09-21T20:00:00Z 500 124.96
2026-09-21T20:00:00Z 200 117.77
2026-09-21T20:00:00Z 200 28.43
2026-09-21T20:00:00Z 404 137.95
2026-09-21T20:00:00Z 200 68.84
2026-09-21T20:00:00Z 404 152.30
2026-09-21T20:00:00Z 200 168.77
2026-09-21T20:00:00Z 404 55.50
2026-09-21T20:00:00Z 500 117.54
2026-09-21T20:00:00Z 404 149.28
2026-09-21T20:00:00Z 500 140.26
2026-09-21T20:00:00Z 200 20.79
2026-09-21T20:00:00Z 500 124.90
2026-09-21T20:00:00Z 404 28.19
2026-09-21T20:00:00Z 200 153.93
2026-09-21T20:00:00Z 200 38.55
2026-09-21T20:00:00Z 500 94.99
2026-09-21T20:00:00Z 200 173.22
2026-09-21T20:00:00Z 500 64.26
2026-09-21T20:00:00Z 500 122.99
2026-09-21T20:00:00Z 500 95.70
2026-09-21T20:00:00Z 200 59.88
2026-09-21T20:00:00Z 404 100.09
2026-09-21T20:00:00Z 500 38.59
2026-09-21T20:00:00Z 404 199.69
2026-09-21T20:00:00Z 500 135.46
2026-09-21T20:00:00Z 200 94.24
2026-09-21T20:00:00Z 404 27.15
2026-09-21T20:00:00Z 500 128.79
2026-09-21T20:00:00Z 500 180.71
2026-09-21T20:00:00Z 404 182.38
2026-09-21T20:00:00Z 200 126.74
2026-09-21T20:00:00Z 404 195.55
2026-09-21T20:00:00Z 200 115.63
2026-09-21T20:00:00Z 404 63.90
2026-09-21T20:00:00Z 500 30.90
2026-09-21T20:00:00Z 500 10.84
2026-09-21T20:00:00Z 200 64.10
2026-09-21T20:00:00Z 200 64.74
2026-09-21T20:00:00Z 500 188.87
2026-09-21T20:00:00Z 500 54.99
2026-09-21T20:00:00Z 500 55.37
2026-09-21T20:00:00Z 404 195.44
2026-09-21T20:00:00Z 200 129.07
2026-09-21T20:00:00Z 200 125.64
2026-09-21T20:00:00Z 404 158.85
2026-09-21T20:00:00Z 200 41.30
2026-09-21T20:00:00Z 404 186.33
2026-09-21T20:00:00Z 200 194.55
2026-09-21T20:00:00Z 500 79.45
2026-09-21T20:00:00Z 500 43.28
2026-09-21T20:00:00Z 200 54.70
2026-09-21T20:00:00Z 200 193.57
2026-09-21T20:00:00Z 404 69.89
2026-09-21T20:00:00Z 500 161.70
2026-09-21T20:00:00Z 200 61.27
2026-09-21T20:00:00Z 200 62.37
2026-09-21T20:00:00Z 500 171.69
2026-09-21T20:00:00Z 500 44.77
2026-09-21T20:00:00Z 200 83.19
2026-09-21T20:00:00Z 200 30.48
2026-09-21T20:00:00Z 404 25.72
2026-09-21T20:00:00Z 200 32.41
2026-09-21T20:00:00Z 500 82.03
2026-09-21T20:00:00Z 200 168.43
2026-09-21T20:00:00Z 200 14.87
2026-09-21T20:00:00Z 200 75.08
2026-09-21T20:00:00Z 200 130.57
2026-09-21T20:00:00Z 500 53.75
2026-09-21T20:00:00Z 200 179.17
2026-09-21T20:00:00Z 200 42.40
2026-09-21T20:00:00Z 200 60.03
2026-09-21T20:00:00Z 200 199.32
2026-09-21T20:00:00Z 404 175.77
2026-09-21T20:00:00Z 500 79.71
2026-09-21T20:00:00Z 200 18.78
2026-09-21T20:00:00Z 200 164.54
2026-09-21T20:00:00Z 404 22.28
2026-09-21T20:00:00Z 200 65.49
2026-09-21T20:00:00Z 500 67.16
2026-09-21T20:00:00Z 500 157.89
2026-09-21T20:00:00Z 200 73.25
2026-09-21T20:00:00Z 200 135.37
2026-09-21T20:00:00Z 500 154.87
2026-09-21T20:00:00Z 404 121.65
2026-09-21T20:00:00Z 404 159.37
2026-09-21T20:00:00Z 500 33.05
2026-09-21T20:00:00Z 200 105.58
2026-09-21T20:00:00Z 200 79.71
2026-09-21T20:00:00Z 200 62.63
2026-09-21T20:00:00Z 200 178.54
2026-09-21T20:00:00Z 200 63.83
2026-09-21T20:00:00Z 200 198.06
2026-09-21T20:00:00Z 200 170.33
2026-09-21T20:00:00Z 200 138.38
2026-09-21T20:00:00Z 200 194.86
2026-09-21T20:00:00Z 404 41.37
2026-09-21T20:00:00Z 200 67.05
2026-09-21T20:00:00Z 500 114.78
2026-09-21T20:00:00Z 200 115.64
2026-09-21T20:00:00Z 404 83.55
2026-09-21T20:00:00Z 200 39.85
2026-09-21T20:00:00Z 200 152.87
2026-09-21T20:00:00Z 200 150.46
2026-09-21T20:00:00Z 404 87.07
2026-09-21T20:00:00Z 200 57.50
2026-09-21T20:00:00Z 200 40.99
2026-09-21T20:00:00Z 200 131.98
2026-09-21T20:00:00Z 500 20.03
2026-09-21T20:00:00Z 404 82.67
2026-09-21T20:00:00Z 500 187.07
2026-09-21T20:00:00Z 404 122.00
2026-09-21T20:00:00Z 500 169.49
2026-09-21T20:00:00Z 500 88.80
2026-09-21T20:00:00Z 404 70.32
2026-09-21T20:00:00Z 500 170.30
2026-09-21T20:00:00Z 404 136.79
2026-09-21T20:00:00Z 200 153.46
2026-09-21T20:00:00Z 404 148.44
2026-09-21T20:00:00Z 200 106.60
2026-09-21T20:00:00Z 200 116.88
2026-09-21T20:00:00Z 500 28.55
2026-09-21T20:00:00Z 200 28.06
2026-09-21T20:00:00Z 200 167.00
2026-09-21T20:00:00Z 200 18.20
2026-09-21T20:00:00Z 200 109.83
2026-09-21T20:00:00Z 200 199.16
2026-09-21T20:00:00Z 200 100.37
2026-09-21T20:00:00Z 404 170.90
2026-09-21T20:00:00Z 404 51.84
2026-09-21T20:00:00Z 500 176.17
2026-09-21T20:00:00Z 200 186.80
2026-09-21T20:00:00Z 500 162.66
2026-09-21T20:00:00Z 200 196.21
2026-09-21T20:00:00Z 200 117.94
2026-09-21T20:00:00Z 200 186.22
2026-09-21T20:00:00Z 500 196.62
2026-09-21T20:00:00Z 500 77.58
2026-09-21T20:00:00Z 200 169.00
2026-09-21T20:00:00Z 500 27.78
2026-09-21T20:00:00Z 500 172.38
2026-09-21T20:00:00Z 200 180.27
2026-09-21T20:00:00Z 200 149.88
2026-09-21T20:00:00Z 500 172.74
2026-09-21T20:00:00Z 500 18.55
2026-09-21T20:00:00Z 404 74.71
2026-09-21T20:00:00Z 404 83.15
2026-09-21T20:00:00Z 200 22.94
2026-09-21T20:00:00Z 200 122.89
2026-09-21T20:00:00Z 200 168.24
2026-09-21T20:00:00Z 404 125.12
2026-09-21T20:00:00Z 200 74.06
2026-09-21T20:00:00Z 500 58.12
2026-09-21T20:00:00Z 200 40.83
2026-09-21T20:00:00Z 404 47.44
2026-09-21T20:00:00Z 200 36.73
2026-09-21T20:00:00Z 200 83.69
2026-09-21T20:00:00Z 200 57.86
2026-09-21T20:00:00Z 404 84.06
2026-09-21T20:00:00Z 200 28.07
2026-09-21T20:00:00Z 500 120.94
2026-09-21T20:00:00Z 404 84.88
2026-09-21T20:00:00Z 200 68.02
2026-09-21T20:00:00Z 200 175.99
2026-09-21T20:00:00Z 200 91.92
2026-09-21T20:00:00Z 200 129.64
2026-09-21T20:00:00Z 200 138.31
2026-09-21T20:00:00Z 200 190.02
2026-09-21T20:00:00Z 404 14.53
2026-09-21T20:00:00Z 200 175.48
2026-09-21T20:00:00Z 200 42.39
2026-09-21T20:00:00Z 500 89.00
2026-09-21T20:00:00Z 200 131.11
2026-09-21T20:00:00Z 500 82.69
2026-09-21T20:00:00Z 200 180.07
2026-09-21T20:00:00Z 500 133.02
2026-09-21T20:00:00Z 200 111.54
2026-09-21T20:00:00Z 200 128.02
2026-09-21T20:00:00Z 404 23.12
2026-09-21T20:00:00Z 200 92.63
2026-09-21T20:00:00Z 500 167.39
2026-09-21T20:00:00Z 200 139.77
2026-09-21T20:00:00Z 200 192.71
2026-09-21T20:00:00Z 200 161.14
2026-09-21T20:00:00Z 200 118.05
2026-09-21T20:00:00Z 200 56.89
2026-09-21T20:00:00Z 200 103.33
2026-09-21T20:00:00Z 200 96.83
2026-09-21T20:00:00Z 200 107.29
2026-09-21T20:00:00Z 500 40.77
2026-09-21T20:00:00Z 404 171.29
2026-09-21T20:00:00Z 500 32.03
2026-09-21T20:00:00Z 200 72.46
2026-09-21T20:00:00Z 200 136.39
2026-09-21T20:00:00Z 404 109.42
2026-09-21T20:00:00Z 200 82.82
2026-09-21T20:00:00Z 200 114.54
2026-09-21T20:00:00Z 200 65.12
2026-09-21T20:00:00Z 500 116.85
2026-09-21T20:00:00Z 200 150.13
2026-09-21T20:00:00Z 500 143.19
2026-09-21T20:00:00Z 200 116.49
2026-09-21T20:00:00Z 200 58.80
2026-09-21T20:00:00Z 500 52.04
2026-09-21T20:00:00Z 200 143.34
2026-09-21T20:00:00Z 404 112.98
2026-09-21T20:00:00Z 200 35.23
2026-09-21T20:00:00Z 200 161.35
2026-09-21T20:00:00Z 500 187.78
2026-09-21T20:00:00Z 500 65.84
2026-09-21T20:00:00Z 200 158.66
2026-09-21T20:00:00Z 200 40.50
2026-09-21T20:00:00Z 404 142.86
2026-09-21T20:00:00Z 200 18.57
2026-09-21T20:00:00Z 404 120.15
2026-09-21T20:00:00Z 200 163.98
2026-09-21T20:00:00Z 500 165.71
2026-09-21T20:00:00Z 200 161.87
2026-09-21T20:00:00Z 404 179.06
2026-09-21T20:00:00Z 404 172.65
2026-09-21T20:00:00Z 200 192.02
2026-09-21T20:00:00Z 200 168.57
2026-09-21T20:00:00Z 404 43.33
2026-09-21T20:00:00Z 404 146.07
2026-09-21T20:00:00Z 200 58.88
2026-09-21T20:00:00Z 200 17.81
2026-09-21T20:00:00Z 200 33.56
2026-09-21T20:00:00Z 200 154.13
2026-09-21T20:00:00Z 200 84.95
2026-09-21T20:00:00Z 200 24.55
2026-09-21T20:00:00Z 200 104.09
2026-09-21T20:00:00Z 404 21.66
2026-09-21T20:00:00Z 200 144.15
2026-09-21T20:00:00Z 200 110.43
2026-09-21T20:00:00Z 200 89.23
2026-09-21T20:00:00Z 200 28.81
2026-09-21T20:00:00Z 200 90.67
2026-09-21T20:00:00Z 200 151.34
2026-09-21T20:00:00Z 500 25.55
2026-09-21T20:00:00Z 200 70.29
2026-09-21T20:00:00Z 200 76.72
2026-09-21T20:00:00Z 200 168.78
2026-09-21T20:00:00Z 200 153.26
2026-09-21T20:00:00Z 500 14.93
2026-09-21T20:00:00Z 500 165.37
2026-09-21T20:00:00Z 500 36.81
2026-09-21T20:00:00Z 500 155.53
2026-09-21T20:00:00Z 404 175.97
2026-09-21T20:00:00Z 500 59.24
2026-09-21T20:00:00Z 200 37.17
2026-09-21T20:00:00Z 200 183.86
2026-09-21T20:00:00Z 200 164.80
2026-09-21T20:00:00Z 200 190.67
2026-09-21T20:00:00Z 200 74.82
2026-09-21T20:00:00Z 500 171.69
2026-09-21T20:00:00Z 200 47.15
2026-09-21T20:00:00Z 500 148.38
2026-09-21T20:00:00Z 200 63.97
2026-09-21T20:00:00Z 200 122.70
2026-09-21T20:00:00Z 200 31.85
2026-09-21T20:00:00Z 200 145.76
2026-09-21T20:00:00Z 200 165.58
2026-09-21T20:00:00Z 200 149.25
2026-09-21T20:00:00Z 404 112.19
2026-09-21T20:00:00Z 200 175.54
2026-09-21T20:00:00Z 200 173.48
2026-09-21T20:00:00Z 404 102.09
2026-09-21T20:00:00Z 200 66.59
2026-09-21T20:00:00Z 404 126.13
2026-09-21T20:00:00Z 500 97.41
2026-09-21T20:00:00Z 200 95.08
2026-09-21T20:00:00Z 500 153.60
2026-09-21T20:00:00Z 200 91.31
2026-09-21T20:00:00Z 200 44.55
2026-09-21T20:00:00Z 200 92.65
2026-09-21T20:00:00Z 200 112.46
2026-09-21T20:00:00Z 404 117.78
2026-09-21T20:00:00Z 404 100.13
2026-09-21T20:00:00Z 404 82.40
2026-09-21T20:00:00Z 200 54.99
2026-09-21T20:00:00Z 200 127.77
2026-09-21T20:00:00Z 200 117.78
2026-09-21T20:00:00Z 200 158.28
2026-09-21T20:00:00Z 200 78.35
2026-09-21T20:00:00Z 404 49.34
2026-09-21T20:00:00Z 200 196.93
2026-09-21T20:00:00Z 200 115.05
2026-09-21T20:00:00Z 200 47.46
2026-09-21T20:00:00Z 200 157.12
2026-09-21T20:00:00Z 200 150.11
2026-09-21T20:00:00Z 200 151.66
2026-09-21T20:00:00Z 500 107.18
2026-09-21T20:00:00Z 200 113.87
2026-09-21T20:00:00Z 200 130.01
2026-09-21T20:00:00Z 200 94.08
2026-09-21T20:00:00Z 404 188.94
2026-09-21T20:00:00Z 404 25.46
2026-09-21T20:00:00Z 200 165.62
2026-09-21T20:00:00Z 404 192.95
2026-09-21T20:00:00Z 404 76.55
2026-09-21T20:00:00Z 500 126.03
2026-09-21T20:00:00Z 200 135.50
2026-09-21T20:00:00Z 200 115.37
2026-09-21T20:00:00Z 200 44.10
2026-09-21T20:00:00Z 200 85.69
2026-09-21T20:00:00Z 200 81.68
2026-09-21T20:00:00Z 200 47.58
2026-09-21T20:00:00Z 200 121.18
2026-09-21T20:00:00Z 500 187.93
2026-09-21T20:00:00Z 200 20.35
2026-09-21T20:00:00Z 500 16.20
2026-09-21T20:00:00Z 200 197.63
2026-09-21T20:00:00Z 200 118.32
2026-09-21T20:00:00Z 500 124.36
2026-09-21T20:00:00Z 200 89.05
2026-09-21T20:00:00Z 200 122.28
2026-09-21T20:00:00Z 500 96.51
2026-09-21T20:00:00Z 404 22.25
2026-09-21T20:00:00Z 404 96.48
2026-09-21T20:00:00Z 200 163.48
2026-09-21T20:00:00Z 404 164.20
2026-09-21T20:00:00Z 200 22.35
2026-09-21T20:00:00Z 200 69.85
2026-09-21T20:00:00Z 200 85.59
2026-09-21T20:00:00Z 200 175.50
2026-09-21T20:00:00Z 200 10.55
2026-09-21T20:00:00Z 200 16.67
2026-09-21T20:00:00Z 404 34.04
2026-09-21T20:00:00Z 200 73.47
2026-09-21T20:00:00Z 500 89.94
2026-09-21T20:00:00Z 500 27.14
2026-09-21T20:00:00Z 404 159.00
2026-09-21T20:00:00Z 200 184.58
2026-09-21T20:00:00Z 404 160.08
2026-09-21T20:00:00Z 404 117.56
2026-09-21T20:00:00Z 200 194.77
2026-09-21T20:00:00Z 200 182.17
2026-09-21T20:00:00Z 200 48.10
2026-09-21T20:00:00Z 200 35.55
2026-09-21T20:00:00Z 500 126.09
2026-09-21T20:00:00Z 200 145.25
2026-09-21T20:00:00Z 200 52.10
2026-09-21T20:00:00Z 500 91.90
2026-09-21T20:00:00Z 500 117.19
2026-09-21T20:00:00Z 500 41.67
2026-09-21T20:00:00Z 404 141.76
2026-09-21T20:00:00Z 404 149.39
2026-09-21T20:00:00Z 200 161.00
2026-09-21T20:00:00Z 200 161.47
2026-09-21T20:00:00Z 200 169.31
2026-09-21T20:00:00Z 200 27.71
2026-09-21T20:00:00Z 200 25.28
2026-09-21T20:00:00Z 200 26.41
2026-09-21T20:00:00Z 500 100.39
2026-09-21T20:00:00Z 500 191.31
2026-09-21T20:00:00Z 500 127.69
2026-09-21T20:00:00Z 200 99.53
2026-09-21T20:00:00Z 200 16.87
2026-09-21T20:00:00Z 200 89.01
2026-09-21T20:00:00Z 200 151.18
2026-09-21T20:00:00Z 200 63.31
2026-09-21T20:00:00Z 200 199.95
2026-09-21T20:00:00Z 200 32.90
2026-09-21T20:00:00Z 200 46.37
2026-09-21T20:00:00Z 200 132.18
2026-09-21T20:00:00Z 200 43.23
2026-09-21T20:00:00Z 200 81.63
2026-09-21T20:00:00Z 404 10.39
2026-09-21T20:00:00Z 200 196.66
2026-09-21T20:00:00Z 500 168.43
2026-09-21T20:00:00Z 404 62.14
2026-09-21T20:00:00Z 200 188.32
2026-09-21T20:00:00Z 404 43.98
2026-09-21T20:00:00Z 200 84.63
2026-09-21T20:00:00Z 500 63.50
2026-09-21T20:00:00Z 500 150.68
2026-09-21T20:00:00Z 200 115.37
2026-09-21T20:00:00Z 200 132.09
2026-09-21T20:00:00Z 404 75.77
2026-09-21T20:00:00Z 500 94.95
2026-09-21T20:00:00Z 500 30.60
2026-09-21T20:00:00Z 200 53.94
2026-09-21T20:00:00Z 200 78.15
2026-09-21T20:00:00Z 404 139.91
2026-09-21T20:00:00Z 200 113.70
2026-09-21T20:00:00Z 200 10.13
2026-09-21T20:00:00Z 404 96.70
2026-09-21T20:00:00Z 500 103.88
2026-09-21T20:00:00Z 200 28.06
2026-09-21T20:00:00Z 500 121.80
2026-09-21T20:00:00Z 500 131.81
2026-09-21T20:00:00Z 404 87.95
2026-09-21T20:00:00Z 200 158.84
2026-09-21T20:00:00Z 200 92.14
2026-09-21T20:00:00Z 200 32.43
2026-09-21T20:00:00Z 200 31.00
2026-09-21T20:00:00Z 500 120.85
2026-09-21T20:00:00Z 200 66.39
2026-09-21T20:00:00Z 200 62.23
2026-09-21T20:00:00Z 200 62.69
2026-09-21T20:00:00Z 200 55.47
2026-09-21T20:00:00Z 200 29.34
2026-09-21T20:00:00Z 404 91.58
2026-09-21T20:00:00Z 200 196.53
2026-09-21T20:00:00Z 200 142.19
2026-09-21T20:00:00Z 200 15.05
2026-09-21T20:00:00Z 500 186.68
2026-09-21T20:00:00Z 404 55.22
2026-09-21T20:00:00Z 500 148.79
2026-09-21T20:00:00Z 200 61.30
2026-09-21T20:00:00Z 500 196.11
2026-09-21T20:00:00Z 200 133.12
2026-09-21T20:00:00Z 200 151.33
2026-09-21T20:00:00Z 404 171.07
2026-09-21T20:00:00Z 500 128.65
2026-09-21T20:00:00Z 500 34.58
2026-09-21T20:00:00Z 500 85.78
2026-09-21T20:00:00Z 200 105.84
2026-09-21T20:00:00Z 500 108.97
2026-09-21T20:00:00Z 200 84.27
2026-09-21T20:00:00Z 200 142.40
2026-09-21T20:00:00Z 200 21.65
2026-09-21T20:00:00Z 200 113.25
2026-09-21T20:00:00Z 200 51.35
2026-09-21T20:00:00Z 500 196.61
2026-09-21T20:00:00Z 200 102.67
2026-09-21T20:00:00Z 500 144.78
2026-09-21T20:00:00Z 500 146.04
2026-09-21T20:00:00Z 200 75.48
2026-09-21T20:00:00Z 200 89.45
2026-09-21T20:00:00Z 200 187.46
2026-09-21T20:00:00Z 200 59.00
2026-09-21T20:00:00Z 200 122.32
2026-09-21T20:00:00Z 500 107.50
2026-09-21T20:00:00Z 404 17.40
2026-09-21T20:00:00Z 404 24.05
2026-09-21T20:00:00Z 200 62.70
2026-09-21T20:00:00Z 200 54.39
2026-09-21T20:00:00Z 200 130.16
2026-09-21T20:00:00Z 200 137.34
2026-09-21T20:00:00Z 500 186.43
2026-09-21T20:00:00Z 200 92.09
2026-09-21T20:00:00Z 200 180.53
2026-09-21T20:00:00Z 404 160.60
2026-09-21T20:00:00Z 200 134.98
2026-09-21T20:00:00Z 500 165.17
2026-09-21T20:00:00Z 200 44.10
2026-09-21T20:00:00Z 200 27.25
2026-09-21T20:00:00Z 200 171.00
2026-09-21T20:00:00Z 500 125.82
2026-09-21T20:00:00Z 500 125.01
2026-09-21T20:00:00Z 200 152.88
2026-09-21T20:00:00Z 200 111.66
2026-09-21T20:00:00Z 200 127.01
2026-09-21T20:00:00Z 200 191.04
2026-09-21T20:00:00Z 200 135.17
2026-09-21T20:00:00Z 200 149.88
2026-09-21T20:00:00Z 404 37.08
2026-09-21T20:00:00Z 200 62.94
2026-09-21T20:00:00Z 404 19.37
2026-09-21T20:00:00Z 200 10.69
2026-09-21T20:00:00Z 404 36.79
2026-09-21T20:00:00Z 404 158.93
2026-09-21T20:00:00Z 200 136.76
2026-09-21T20:00:00Z 200 115.41
2026-09-21T20:00:00Z 200 45.89
2026-09-21T20:00:00Z 500 193.77
2026-09-21T20:00:00Z 404 20.17
2026-09-21T20:00:00Z 404 26.06
2026-09-21T20:00:00Z 500 28.63
2026-09-21T20:00:00Z 404 19.60
2026-09-21T20:00:00Z 200 129.03
2026-09-21T20:00:00Z 200 68.69
2026-09-21T20:00:00Z 200 18.92
2026-09-21T20:00:00Z 200 111.23
2026-09-21T20:00:00Z 200 20.33
2026-09-21T20:00:00Z 200 90.75
2026-09-21T20:00:00Z 200 192.34
2026-09-21T20:00:00Z 500 68.93
2026-09-21T20:00:00Z 200 146.29
2026-09-21T20:00:00Z 404 73.39
2026-09-21T20:00:00Z 404 99.25
2026-09-21T20:00:00Z 200 94.58
2026-09-21T20:00:00Z 200 165.73
2026-09-21T20:00:00Z 200 97.85
2026-09-21T20:00:00Z 500 193.48
2026-09-21T20:00:00Z 200 167.47
2026-09-21T20:00:00Z 200 73.04
2026-09-21T20:00:00Z 500 73.96
2026-09-21T20:00:00Z 404 153.02
2026-09-21T20:00:00Z 200 40.85
2026-09-21T20:00:00Z 200 78.75
2026-09-21T20:00:00Z 200 191.41
2026-09-21T20:00:00Z 200 38.69
2026-09-21T20:00:00Z 404 25.14
2026-09-21T20:00:00Z 500 134.26
2026-09-21T20:00:00Z 500 150.25
2026-09-21T20:00:00Z 500 112.96
2026-09-21T20:00:00Z 404 30.75
2026-09-21T20:00:00Z 200 125.16
2026-09-21T20:00:00Z 200 157.49
2026-09-21T20:00:00Z 500 66.19
2026-09-21T20:00:00Z 404 75.25
2026-09-21T20:00:00Z 404 152.22
2026-09-21T20:00:00Z 200 24.26
2026-09-21T20:00:00Z 200 173.15
2026-09-21T20:00:00Z 404 179.87
2026-09-21T20:00:00Z 200 62.32
2026-09-21T20:00:00Z 500 170.42
2026-09-21T20:00:00Z 200 65.08
2026-09-21T20:00:00Z 200 15.21
2026-09-21T20:00:00Z 500 91.19
2026-09-21T20:00:00Z 404 40.16
2026-09-21T20:00:00Z 200 121.24
2026-09-21T20:00:00Z 200 181.24
2026-09-21T20:00:00Z 200 180.39
2026-09-21T20:00:00Z 500 22.67
2026-09-21T20:00:00Z 200 45.39
2026-09-21T20:00:00Z 500 161.80
2026-09-21T20:00:00Z 200 172.27
2026-09-21T20:00:00Z 500 98.66
2026-09-21T20:00:00Z 200 177.67
2026-09-21T20:00:00Z 200 10.86
2026-09-21T20:00:00Z 200 75.81
2026-09-21T20:00:00Z 200 89.62
2026-09-21T20:00:00Z 200 42.90
2026-09-21T20:00:00Z 200 199.57
2026-09-21T20:00:00Z 200 91.39
2026-09-21T20:00:00Z 500 93.90
2026-09-21T20:00:00Z 404 152.14
2026-09-21T20:00:00Z 200 139.51
2026-09-21T20:00:00Z 200 146.44
2026-09-21T20:00:00Z 200 87.36
2026-09-21T20:00:00Z 200 158.99
2026-09-21T20:00:00Z 200 85.65
2026-09-21T20:00:00Z 200 21.55
2026-09-21T20:00:00Z 200 64.44
2026-09-21T20:00:00Z 200 82.86
2026-09-21T20:00:00Z 200 84.05
2026-09-21T20:00:00Z 200 81.74
2026-09-21T20:00:00Z 200 52.71
2026-09-21T20:00:00Z 500 192.70
2026-09-21T20:00:00Z 200 135.35
2026-09-21T20:00:00Z 500 80.77
2026-09-21T20:00:00Z 500 75.28
2026-09-21T20:00:00Z 404 155.26
2026-09-21T20:00:00Z 500 142.03
2026-09-21T20:00:00Z 200 66.81
2026-09-21T20:00:00Z 500 37.41
2026-09-21T20:00:00Z 404 46.90
2026-09-21T20:00:00Z 200 149.41
2026-09-21T20:00:00Z 500 126.78
2026-09-21T20:00:00Z 200 176.59
2026-09-21T20:00:00Z 200 27.13
2026-09-21T20:00:00Z 200 152.48
2026-09-21T20:00:00Z 200 199.54
2026-09-21T20:00:00Z 404 92.65
2026-09-21T20:00:00Z 200 102.72
2026-09-21T20:00:00Z 200 44.82
2026-09-21T20:00:00Z 200 154.47
2026-09-21T20:00:00Z 200 124.07
2026-09-21T20:00:00Z 200 175.66
2026-09-21T20:00:00Z 500 14.98
2026-09-21T20:00:00Z 404 79.10
2026-09-21T20:00:00Z 500 23.27
2026-09-21T20:00:00Z 404 112.06
2026-09-21T20:00:00Z 200 81.79
2026-09-21T20:00:00Z 404 73.36
2026-09-21T20:00:00Z 200 23.12
2026-09-21T20:00:00Z 200 111.07
2026-09-21T20:00:00Z 200 60.50
2026-09-21T20:00:00Z 404 66.34
2026-09-21T20:00:00Z 404 20.31
2026-09-21T20:00:00Z 200 195.66
2026-09-21T20:00:00Z 200 88.71
2026-09-21T20:00:00Z 200 183.86
2026-09-21T20:00:00Z 200 171.49
2026-09-21T20:00:00Z 200 36.34
2026-09-21T20:00:00Z 200 74.79
2026-09-21T20:00:00Z 500 156.04
2026-09-21T20:00:00Z 200 157.81
2026-09-21T20:00:00Z 404 188.17
2026-09-21T20:00:00Z 200 92.38
2026-09-21T20:00:00Z 404 46.05
2026-09-21T20:00:00Z 200 46.30
2026-09-21T20:00:00Z 200 128.77
2026-09-21T20:00:00Z 200 115.94
2026-09-21T20:00:00Z 200 60.05
2026-09-21T20:00:00Z 500 111.65
2026-09-21T20:00:00Z 404 161.35
2026-09-21T20:00:00Z 200 112.46
2026-09-21T20:00:00Z 200 30.25
2026-09-21T20:00:00Z 200 143.74
2026-09-21T20:00:00Z 200 11.75
2026-09-21T20:00:00Z 200 129.55
2026-09-21T20:00:00Z 200 60.65
2026-09-21T20:00:00Z 404 187.93
2026-09-21T20:00:00Z 404 121.53
2026-09-21T20:00:00Z 500 146.43
2026-09-21T20:00:00Z 404 40.18
2026-09-21T20:00:00Z 500 142.92
2026-09-21T20:00:00Z 200 133.04
2026-09-21T20:00:00Z 404 59.77
2026-09-21T20:00:00Z 200 181.56
2026-09-21T20:00:00Z 200 115.03
2026-09-21T20:00:00Z 200 135.55
2026-09-21T20:00:00Z 500 156.71
2026-09-21T20:00:00Z 200 113.52
2026-09-21T20:00:00Z 404 11.86
2026-09-21T20:00:00Z 200 122.20
2026-09-21T20:00:00Z 200 66.47
2026-09-21T20:00:00Z 200 81.51
2026-09-21T20:00:00Z 200 130.28
2026-09-21T20:00:00Z 200 124.57
2026-09-21T20:00:00Z 200 105.98
2026-09-21T20:00:00Z 200 160.09
2026-09-21T20:00:00Z 200 155.69
2026-09-21T20:00:00Z 200 128.95
2026-09-21T20:00:00Z 200 138.17
2026-09-21T20:00:00Z 404 170.57
2026-09-21T20:00:00Z 404 97.92
2026-09-21T20:00:00Z 200 174.01
2026-09-21T20:00:00Z 200 172.34
2026-09-21T20:00:00Z 404 198.43
2026-09-21T20:00:00Z 500 139.74
2026-09-21T20:00:00Z 200 133.89
2026-09-21T20:00:00Z 200 87.09
2026-09-21T20:00:00Z 200 104.92
2026-09-21T20:00:00Z 200 97.61
2026-09-21T20:00:00Z 500 175.50
2026-09-21T20:00:00Z 500 21.30
2026-09-21T20:00:00Z 200 67.26
2026-09-21T20:00:00Z 200 73.96
2026-09-21T20:00:00Z 200 38.94
2026-09-21T20:00:00Z 500 110.50
2026-09-21T20:00:00Z 200 173.90
2026-09-21T20:00:00Z 200 60.19
2026-09-21T20:00:00Z 200 31.72
2026-09-21T20:00:00Z 200 36.15
2026-09-21T20:00:00Z 500 44.46
2026-09-21T20:00:00Z 500 179.10
2026-09-21T20:00:00Z 200 41.85
2026-09-21T20:00:00Z 200 160.47
2026-09-21T20:00:00Z 404 83.50
2026-09-21T20:00:00Z 200 56.49
2026-09-21T20:00:00Z 200 84.03
2026-09-21T20:00:00Z 200 36.08
2026-09-21T20:00:00Z 200 156.33
2026-09-21T20:00:00Z 404 53.52
2026-09-21T20:00:00Z 200 111.66
2026-09-21T20:00:00Z 500 123.65
2026-09-21T20:00:00Z 500 142.34
2026-09-21T20:00:00Z 404 41.53
2026-09-21T20:00:00Z 200 179.12
2026-09-21T20:00:00Z 404 139.72
2026-09-21T20:00:00Z 200 77.80
2026-09-21T20:00:00Z 200 70.86
2026-09-21T20:00:00Z 200 198.84
2026-09-21T20:00:00Z 200 99.07
2026-09-21T20:00:00Z 200 102.65
2026-09-21T20:00:00Z 200 168.50
2026-09-21T20:00:00Z 200 171.34
2026-09-21T20:00:00Z 404 114.02
2026-09-21T20:00:00Z 404 82.12
2026-09-21T20:00:00Z 404 82.99
2026-09-21T20:00:00Z 500 75.85
2026-09-21T20:00:00Z 500 84.80
2026-09-21T20:00:00Z 200 74.12
2026-09-21T20:00:00Z 404 134.04
2026-09-21T20:00:00Z 500 162.65
2026-09-21T20:00:00Z 200 83.92
2026-09-21T20:00:00Z 500 165.37
2026-09-21T20:00:00Z 200 141.23
2026-09-21T20:00:00Z 500 117.29
2026-09-21T20:00:00Z 500 167.25
2026-09-21T20:00:00Z 200 144.21
2026-09-21T20:00:00Z 200 187.05
2026-09-21T20:00:00Z 200 143.34
2026-09-21T20:00:00Z 200 29.34
2026-09-21T20:00:00Z 500 60.78
2026-09-21T20:00:00Z 500 121.60
2026-09-21T20:00:00Z 500 114.31
2026-09-21T20:00:00Z 500 27.56
2026-09-21T20:00:00Z 200 13.99
2026-09-21T20:00:00Z 200 17.54
2026-09-21T20:00:00Z 404 107.25
2026-09-21T20:00:00Z 500 69.37
2026-09-21T20:00:00Z 200 187.54
2026-09-21T20:00:00Z 404 87.81
2026-09-21T20:00:00Z 200 168.54
2026-09-21T20:00:00Z 200 26.67
2026-09-21T20:00:00Z 200 33.02
2026-09-21T20:00:00Z 200 43.65
2026-09-21T20:00:00Z 404 70.96
2026-09-21T20:00:00Z 200 132.87
2026-09-21T20:00:00Z 200 55.57
2026-09-21T20:00:00Z 200 195.93
2026-09-21T20:00:00Z 200 175.47
2026-09-21T20:00:00Z 500 78.51
2026-09-21T20:00:00Z 200 152.74
2026-09-21T20:00:00Z 200 43.77
2026-09-21T20:00:00Z 200 160.48
2026-09-21T20:00:00Z 200 161.22
2026-09-21T20:00:00Z 200 140.09
2026-09-21T20:00:00Z 200 71.97
2026-09-21T20:00:00Z 200 137.23
2026-09-21T20:00:00Z 200 143.76
2026-09-21T20:00:00Z 500 157.43
2026-09-21T20:00:00Z 500 26.12
2026-09-21T20:00:00Z 200 132.67
2026-09-21T20:00:00Z 200 118.42
2026-09-21T20:00:00Z 200 78.85
2026-09-21T20:00:00Z 404 51.66
2026-09-21T20:00:00Z 404 43.10
2026-09-21T20:00:00Z 200 31.85
2026-09-21T20:00:00Z 404 39.04
2026-09-21T20:00:00Z 500 150.02
2026-09-21T20:00:00Z 500 13.12
2026-09-21T20:00:00Z 500 130.75
2026-09-21T20:00:00Z 200 62.91
2026-09-21T20:00:00Z 200 178.95
2026-09-21T20:00:00Z 200 130.23
2026-09-21T20:00:00Z 200 51.94
2026-09-21T20:00:00Z 200 181.51
2026-09-21T20:00:00Z 404 157.90
2026-09-21T20:00:00Z 200 129.94
2026-09-21T20:00:00Z 200 189.27
2026-09-21T20:00:00Z 200 146.08
2026-09-21T20:00:00Z 500 112.77
2026-09-21T20:00:00Z 200 194.76
2026-09-21T20:00:00Z 500 146.28
2026-09-21T20:00:00Z 200 138.03
2026-09-21T20:00:00Z 404 25.18
2026-09-21T20:00:00Z 404 59.13
2026-09-21T20:00:00Z 500 113.76
2026-09-21T20:00:00Z 500 69.99
2026-09-21T20:00:00Z 500 57.98
2026-09-21T20:00:00Z 200 78.99
2026-09-21T20:00:00Z 200 188.41
2026-09-21T20:00:00Z 200 109.33
2026-09-21T20:00:00Z 404 32.11
2026-09-21T20:00:00Z 500 20.65
2026-09-21T20:00:00Z 500 159.41
2026-09-21T20:00:00Z 200 109.88
2026-09-21T20:00:00Z 500 89.67
2026-09-21T20:00:00Z 404 186.71
2026-09-21T20:00:00Z 200 47.43
2026-09-21T20:00:00Z 200 123.82
2026-09-21T20:00:00Z 200 147.59
2026-09-21T20:00:00Z 404 59.30
2026-09-21T20:00:00Z 200 106.34
2026-09-21T20:00:00Z 200 138.85
2026-09-21T20:00:00Z 200 53.81
2026-09-21T20:00:00Z 200 40.53
2026-09-21T20:00:00Z 500 139.31
2026-09-21T20:00:00Z 200 13.40
2026-09-21T20:00:00Z 200 170.68
2026-09-21T20:00:00Z 200 131.61
2026-09-21T20:00:00Z 200 67.23
2026-09-21T20:00:00Z 200 170.69
2026-09-21T20:00:00Z 200 158.89
2026-09-21T20:00:00Z 500 62.87
2026-09-21T20:00:00Z 200 157.65
2026-09-21T20:00:00Z 200 124.53
2026-09-21T20:00:00Z 200 78.86
2026-09-21T20:00:00Z 200 44.56
2026-09-21T20:00:00Z 200 13.75
2026-09-21T20:00:00Z 200 190.58
2026-09-21T20:00:00Z 200 116.40
2026-09-21T20:00:00Z 404 133.88
2026-09-21T20:00:00Z 404 42.35
2026-09-21T20:00:00Z 500 128.40
2026-09-21T20:00:00Z 500 75.55
2026-09-21T20:00:00Z 200 111.86
2026-09-21T20:00:00Z 500 199.44
2026-09-21T20:00:00Z 200 171.08
2026-09-21T20:00:00Z 200 28.08
2026-09-21T20:00:00Z 500 36.20
2026-09-21T20:00:00Z 404 78.76
2026-09-21T20:00:00Z 500 33.62
2026-09-21T20:00:00Z 200 10.01
2026-09-21T20:00:00Z 500 33.57
2026-09-21T20:00:00Z 200 141.49
2026-09-21T20:00:00Z 200 117.02
2026-09-21T20:00:00Z 500 121.28
2026-09-21T20:00:00Z 500 47.84
2026-09-21T20:00:00Z 200 55.23
2026-09-21T20:00:00Z 200 157.71
2026-09-21T20:00:00Z 500 113.64
2026-09-21T20:00:00Z 200 123.34
2026-09-21T20:00:00Z 200 150.19
2026-09-21T20:00:00Z 500 18.00
2026-09-21T20:00:00Z 500 123.19
2026-09-21T20:00:00Z 404 18.60
2026-09-21T20:00:00Z 200 84.89
2026-09-21T20:00:00Z 500 79.70
2026-09-21T20:00:00Z 500 41.13
2026-09-21T20:00:00Z 404 185.98
2026-09-21T20:00:00Z 500 152.05
2026-09-21T20:00:00Z 200 184.28
2026-09-21T20:00:00Z 500 155.67
2026-09-21T20:00:00Z 200 26.49
2026-09-21T20:00:00Z 200 82.42
2026-09-21T20:00:00Z 200 149.29
2026-09-21T20:00:00Z 500 147.26
2026-09-21T20:00:00Z 200 179.42
2026-09-21T20:00:00Z 500 14.28
2026-09-21T20:00:00Z 200 40.01
2026-09-21T20:00:00Z 200 69.67
2026-09-21T20:00:00Z 500 107.11
2026-09-21T20:00:00Z 200 86.31
2026-09-21T20:00:00Z 200 13.32
2026-09-21T20:00:00Z 200 158.60
2026-09-21T20:00:00Z 500 47.38
2026-09-21T20:00:00Z 404 194.23
2026-09-21T20:00:00Z 200 10.52
2026-09-21T20:00:00Z 200 22.29
2026-09-21T20:00:00Z 200 21.24
2026-09-21T20:00:00Z 200 159.78
2026-09-21T20:00:00Z 404 166.29
2026-09-21T20:00:00Z 200 64.59
2026-09-21T20:00:00Z 500 161.87
2026-09-21T20:00:00Z 500 34.29
2026-09-21T20:00:00Z 200 138.08
2026-09-21T20:00:00Z 200 86.00
2026-09-21T20:00:00Z 500 98.97
2026-09-21T20:00:00Z 200 142.30
2026-09-21T20:00:00Z 200 183.74
2026-09-21T20:00:00Z 200 75.79
2026-09-21T20:00:00Z 200 97.51
2026-09-21T20:00:00Z 404 140.05
2026-09-21T20:00:00Z 200 163.51
2026-09-21T20:00:00Z 404 118.60
2026-09-21T20:00:00Z 500 18.26
2026-09-21T20:00:00Z 500 63.55
2026-09-21T20:00:00Z 200 158.11
2026-09-21T20:00:00Z 200 93.92
2026-09-21T20:00:00Z 404 105.46
2026-09-21T20:00:00Z 200 64.85
2026-09-21T20:00:00Z 404 139.47
2026-09-21T20:00:00Z 500 65.17
2026-09-21T20:00:00Z 200 92.65
2026-09-21T20:00:00Z 404 21.50
2026-09-21T20:00:00Z 404 154.67
2026-09-21T20:00:00Z 200 65.15
2026-09-21T20:00:00Z 200 85.39
2026-09-21T20:00:00Z 200 66.31
2026-09-21T20:00:00Z 200 182.70
2026-09-21T20:00:00Z 200 44.61
2026-09-21T20:00:00Z 200 69.86
2026-09-21T20:00:00Z 200 115.44
2026-09-21T20:00:00Z 200 196.17
2026-09-21T20:00:00Z 200 110.03
2026-09-21T20:00:00Z 404 72.31
2026-09-21T20:00:00Z 500 97.20
2026-09-21T20:00:00Z 200 33.66
2026-09-21T20:00:00Z 200 19.93
2026-09-21T20:00:00Z 500 58.31
2026-09-21T20:00:00Z 500 123.74
2026-09-21T20:00:00Z 404 13.63
2026-09-21T20:00:00Z 200 32.20
2026-09-21T20:00:00Z 200 13.77
2026-09-21T20:00:00Z 500 165.26
2026-09-21T20:00:00Z 200 12.48
2026-09-21T20:00:00Z 404 134.81
2026-09-21T20:00:00Z 500 170.79
2026-09-21T20:00:00Z 200 183.76
2026-09-21T20:00:00Z 500 110.37
2026-09-21T20:00:00Z 200 44.24
2026-09-21T20:00:00Z 200 83.17
2026-09-21T20:00:00Z 200 138.16
2026-09-21T20:00:00Z 200 22.80
2026-09-21T20:00:00Z 200 125.96
2026-09-21T20:00:00Z 200 101.45
2026-09-21T20:00:00Z 500 66.47
2026-09-21T20:00:00Z 500 158.85
2026-09-21T20:00:00Z 200 103.89
2026-09-21T20:00:00Z 200 159.31
2026-09-21T20:00:00Z 200 125.48
2026-09-21T20:00:00Z 404 104.19
2026-09-21T20:00:00Z 200 47.61
2026-09-21T20:00:00Z 200 126.02
2026-09-21T20:00:00Z 200 164.24
2026-09-21T20:00:00Z 200 171.33
2026-09-21T20:00:00Z 200 126.58
2026-09-21T20:00:00Z 500 117.48
2026-09-21T20:00:00Z 404 95.40
2026-09-21T20:00:00Z 200 138.34
2026-09-21T20:00:00Z 404 52.89
2026-09-21T20:00:00Z 200 25.53
2026-09-21T20:00:00Z 500 53.60
2026-09-21T20:00:00Z 404 135.09
2026-09-21T20:00:00Z 404 93.63
2026-09-21T20:00:00Z 404 170.89
2026-09-21T20:00:00Z 200 162.55
2026-09-21T20:00:00Z 200 191.36
2026-09-21T20:00:00Z 200 187.89
2026-09-21T20:00:00Z 200 190.19
2026-09-21T20:00:00Z 200 180.19
2026-09-21T20:00:00Z 200 164.22
2026-09-21T20:00:00Z 200 105.36
2026-09-21T20:00:00Z 200 182.63
2026-09-21T20:00:00Z 200 147.10
2026-09-21T20:00:00Z 200 157.52
2026-09-21T20:00:00Z 200 55.80
2026-09-21T20:00:00Z 200 78.27
2026-09-21T20:00:00Z 500 79.36
2026-09-21T20:00:00Z 200 93.61
2026-09-21T20:00:00Z 404 131.19
2026-09-21T20:00:00Z 200 17.54
2026-09-21T20:00:00Z 200 117.64
2026-09-21T20:00:00Z 200 94.64
2026-09-21T20:00:00Z 500 119.16
2026-09-21T20:00:00Z 200 142.96
2026-09-21T20:00:00Z 200 145.50
2026-09-21T20:00:00Z 200 30.18
2026-09-21T20:00:00Z 200 85.04
2026-09-21T20:00:00Z 200 62.23
2026-09-21T20:00:00Z 200 70.03
2026-09-21T20:00:00Z 200 123.44
2026-09-21T20:00:00Z 200 65.43
2026-09-21T20:00:00Z 404 157.02
2026-09-21T20:00:00Z 200 193.04
2026-09-21T20:00:00Z 200 139.65
2026-09-21T20:00:00Z 200 87.27
2026-09-21T20:00:00Z 200 161.22
2026-09-21T20:00:00Z 500 70.43
2026-09-21T20:00:00Z 200 101.57
2026-09-21T20:00:00Z 500 154.04
2026-09-21T20:00:00Z 200 168.95
2026-09-21T20:00:00Z 200 109.65
2026-09-21T20:00:00Z 200 61.19
2026-09-21T20:00:00Z 200 169.84
2026-09-21T20:00:00Z 200 27.01
2026-09-21T20:00:00Z 404 73.23
2026-09-21T20:00:00Z 200 47.47
2026-09-21T20:00:00Z 200 119.91
2026-09-21T20:00:00Z 200 47.96
2026-09-21T20:00:00Z 500 100.14
2026-09-21T20:00:00Z 200 162.58
2026-09-21T20:00:00Z 404 129.45
2026-09-21T20:00:00Z 404 70.25
2026-09-21T20:00:00Z 200 192.32
2026-09-21T20:00:00Z 500 34.99
2026-09-21T20:00:00Z 200 83.95
2026-09-21T20:00:00Z 500 34.50
2026-09-21T20:00:00Z 404 175.21
2026-09-21T20:00:00Z 200 14.06
2026-09-21T20:00:00Z 500 112.48
2026-09-21T20:00:00Z 200 199.98
2026-09-21T20:00:00Z 200 151.35
2026-09-21T20:00:00Z 500 59.35
2026-09-21T20:00:00Z 200 50.84
2026-09-21T20:00:00Z 500 130.40
2026-09-21T20:00:00Z 200 66.08
2026-09-21T20:00:00Z 200 113.44
2026-09-21T20:00:00Z 200 75.96
2026-09-21T20:00:00Z 404 74.98
2026-09-21T20:00:00Z 404 141.21
2026-09-21T20:00:00Z 200 118.46
2026-09-21T20:00:00Z 500 28.87
2026-09-21T20:00:00Z 200 120.28
2026-09-21T20:00:00Z 200 52.09
2026-09-21T20:00:00Z 404 96.15
2026-09-21T20:00:00Z 200 102.77
2026-09-21T20:00:00Z 404 137.97
2026-09-21T20:00:00Z 200 28.77
2026-09-21T20:00:00Z 200 182.20
2026-09-21T20:00:00Z 500 90.94
2026-09-21T20:00:00Z 200 185.83
2026-09-21T20:00:00Z 404 131.63
2026-09-21T20:00:00Z 200 175.65
2026-09-21T20:00:00Z 200 147.09
2026-09-21T20:00:00Z 200 111.64
2026-09-21T20:00:00Z 200 167.81
2026-09-21T20:00:00Z 200 20.19
2026-09-21T20:00:00Z 500 29.11
2026-09-21T20:00:00Z 404 103.47
2026-09-21T20:00:00Z 200 143.24
2026-09-21T20:00:00Z 200 28.98
2026-09-21T20:00:00Z 200 59.12
2026-09-21T20:00:00Z 200 155.37
2026-09-21T20:00:00Z 200 158.28
2026-09-21T20:00:00Z 200 91.48
2026-09-21T20:00:00Z 200 52.16
2026-09-21T20:00:00Z 200 166.17
2026-09-21T20:00:00Z 404 167.71
2026-09-21T20:00:00Z 404 198.05
2026-09-21T20:00:00Z 200 139.66
2026-09-21T20:00:00Z 200 164.26
2026-09-21T20:00:00Z 200 146.40
2026-09-21T20:00:00Z 500 61.46
2026-09-21T20:00:00Z 200 159.16
2026-09-21T20:00:00Z 200 111.13
2026-09-21T20:00:00Z 200 29.86
2026-09-21T20:00:00Z 404 51.74
2026-09-21T20:00:00Z 404 179.08
2026-09-21T20:00:00Z 200 45.44
2026-09-21T20:00:00Z 500 25.07
2026-09-21T20:00:00Z 200 19.25
2026-09-21T20:00:00Z 200 22.11
2026-09-21T20:00:00Z 200 67.38
2026-09-21T20:00:00Z 200 199.06
2026-09-21T20:00:00Z 200 170.95
2026-09-21T20:00:00Z 200 140.94
2026-09-21T20:00:00Z 200 141.88
2026-09-21T20:00:00Z 500 71.29
2026-09-21T20:00:00Z 404 64.91
2026-09-21T20:00:00Z 200 150.46
2026-09-21T20:00:00Z 200 163.70
2026-09-21T20:00:00Z 500 38.79
2026-09-21T20:00:00Z 500 25.97
2026-09-21T20:00:00Z 404 151.10
2026-09-21T20:00:00Z 200 44.28
2026-09-21T20:00:00Z 404 121.90
2026-09-21T20:00:00Z 200 90.25
2026-09-21T20:00:00Z 404 79.36
2026-09-21T20:00:00Z 404 55.63
2026-09-21T20:00:00Z 200 72.78
2026-09-21T20:00:00Z 500 117.11
2026-09-21T20:00:00Z 200 169.99
2026-09-21T20:00:00Z 404 29.18
2026-09-21T20:00:00Z 200 115.49
2026-09-21T20:00:00Z 404 42.68
2026-09-21T20:00:00Z 200 174.60
2026-09-21T20:00:00Z 500 84.98
2026-09-21T20:00:00Z 200 67.63
2026-09-21T20:00:00Z 404 82.42
2026-09-21T20:00:00Z 200 166.65
2026-09-21T20:00:00Z 200 16.09
2026-09-21T20:00:00Z 404 54.40
2026-09-21T20:00:00Z 500 112.38
2026-09-21T20:00:00Z 200 111.24
2026-09-21T20:00:00Z 200 174.99
2026-09-21T20:00:00Z 200 130.24
2026-09-21T20:00:00Z 200 199.47
2026-09-21T20:00:00Z 200 117.88
2026-09-21T20:00:00Z 500 10.03
2026-09-21T20:00:00Z 200 125.96
2026-09-21T20:00:00Z 404 133.35
2026-09-21T20:00:00Z 500 68.69
2026-09-21T20:00:00Z 404 30.28
2026-09-21T20:00:00Z 200 108.75
2026-09-21T20:00:00Z 200 157.47
2026-09-21T20:00:00Z 200 22.54
2026-09-21T20:00:00Z 404 174.80
2026-09-21T20:00:00Z 404 155.03
2026-09-21T20:00:00Z 200 61.97
2026-09-21T20:00:00Z 200 10.72
2026-09-21T20:00:00Z 200 124.11
2026-09-21T20:00:00Z 200 184.12
2026-09-21T20:00:00Z 200 110.22
2026-09-21T20:00:00Z 500 62.30
2026-09-21T20:00:00Z 200 113.10
2026-09-21T20:00:00Z 200 176.16
2026-09-21T20:00:00Z 200 163.21
2026-09-21T20:00:00Z 500 136.58
2026-09-21T20:00:00Z 200 171.92
2026-09-21T20:00:00Z 500 71.03
2026-09-21T20:00:00Z 200 87.05
2026-09-21T20:00:00Z 500 172.72
2026-09-21T20:00:00Z 200 174.63
2026-09-21T20:00:00Z 500 157.80
2026-09-21T20:00:00Z 200 136.33
2026-09-21T20:00:00Z 200 107.18
2026-09-21T20:00:00Z 404 142.08
2026-09-21T20:00:00Z 200 163.06
2026-09-21T20:00:00Z 404 136.21
2026-09-21T20:00:00Z 200 35.53
2026-09-21T20:00:00Z 500 47.10
2026-09-21T20:00:00Z 200 184.35
2026-09-21T20:00:00Z 500 73.64
2026-09-21T20:00:00Z 200 199.47
2026-09-21T20:00:00Z 200 193.53
2026-09-21T20:00:00Z 200 67.03
2026-09-21T20:00:00Z 404 115.09
2026-09-21T20:00:00Z 200 163.94
2026-09-21T20:00:00Z 200 17.76
2026-09-21T20:00:00Z 200 63.36
2026-09-21T20:00:00Z 200 56.10
2026-09-21T20:00:00Z 200 137.05
2026-09-21T20:00:00Z 200 72.03
2026-09-21T20:00:00Z 500 177.31
2026-09-21T20:00:00Z 500 142.60
2026-09-21T20:00:00Z 200 153.88
2026-09-21T20:00:00Z 200 58.33
2026-09-21T20:00:00Z 200 121.58
2026-09-21T20:00:00Z 500 163.50
2026-09-21T20:00:00Z 404 198.77
2026-09-21T20:00:00Z 200 20.57
2026-09-21T20:00:00Z 200 94.30
2026-09-21T20:00:00Z 200 185.34
2026-09-21T20:00:00Z 500 24.30
2026-09-21T20:00:00Z 404 21.28
2026-09-21T20:00:00Z 500 107.76
2026-09-21T20:00:00Z 500 88.08
2026-09-21T20:00:00Z 500 19.90
2026-09-21T20:00:00Z 200 163.30
2026-09-21T20:00:00Z 200 150.44
2026-09-21T20:00:00Z 500 38.46
2026-09-21T20:00:00Z 500 12.88
2026-09-21T20:00:00Z 500 153.44
2026-09-21T20:00:00Z 200 42.41
2026-09-21T20:00:00Z 500 188.45
2026-09-21T20:00:00Z 200 39.65
2026-09-21T20:00:00Z 404 143.45
2026-09-21T20:00:00Z 200 106.15
2026-09-21T20:00:00Z 200 164.67
2026-09-21T20:00:00Z 500 180.69
2026-09-21T20:00:00Z 200 31.12
2026-09-21T20:00:00Z 404 143.85
2026-09-21T20:00:00Z 404 26.67
2026-09-21T20:00:00Z 200 195.56
2026-09-21T20:00:00Z 404 109.23
2026-09-21T20:00:00Z 404 47.27
2026-09-21T20:00:00Z 200 155.65
2026-09-21T20:00:00Z 200 66.50
2026-09-21T20:00:00Z 200 69.98
2026-09-21T20:00:00Z 200 163.21
2026-09-21T20:00:00Z 500 164.80
2026-09-21T20:00:00Z 200 154.48
2026-09-21T20:00:00Z 200 76.17
2026-09-21T20:00:00Z 200 62.95
2026-09-21T20:00:00Z 500 136.15
2026-09-21T20:00:00Z 200 32.69
2026-09-21T20:00:00Z 500 133.68
2026-09-21T20:00:00Z 200 79.95
2026-09-21T20:00:00Z 500 160.61
2026-09-21T20:00:00Z 404 125.35
2026-09-21T20:00:00Z 200 122.77
2026-09-21T20:00:00Z 200 124.23
2026-09-21T20:00:00Z 404 170.85
2026-09-21T20:00:00Z 404 22.26
2026-09-21T20:00:00Z 200 193.54
2026-09-21T20:00:00Z 500 43.11
2026-09-21T20:00:00Z 200 87.50
2026-09-21T20:00:00Z 200 126.10
2026-09-21T20:00:00Z 200 17.50
2026-09-21T20:00:00Z 200 156.68
2026-09-21T20:00:00Z 500 193.19
2026-09-21T20:00:00Z 200 193.41
2026-09-21T20:00:00Z 500 59.93
2026-09-21T20:00:00Z 500 169.56
2026-09-21T20:00:00Z 200 100.58
2026-09-21T20:00:00Z 200 143.54
2026-09-21T20:00:00Z 404 138.10
2026-09-21T20:00:00Z 200 15.25
2026-09-21T20:00:00Z 200 53.74
2026-09-21T20:00:00Z 200 40.26
2026-09-21T20:00:00Z 200 88.96
2026-09-21T20:00:00Z 200 121.88
2026-09-21T20:00:00Z 200 143.05
2026-09-21T20:00:00Z 200 34.38
2026-09-21T20:00:00Z 200 180.68
2026-09-21T20:00:00Z 200 54.81
2026-09-21T20:00:00Z 404 37.29
2026-09-21T20:00:00Z 500 50.23
2026-09-21T20:00:00Z 200 170.38
2026-09-21T20:00:00Z 200 23.10
2026-09-21T20:00:00Z 404 176.02
2026-09-21T20:00:00Z 404 101.01
2026-09-21T20:00:00Z 200 12.47
2026-09-21T20:00:00Z 200 122.63
2026-09-21T20:00:00Z 200 138.17
2026-09-21T20:00:00Z 404 56.80
2026-09-21T20:00:00Z 500 144.09
2026-09-21T20:00:00Z 200 186.56
2026-09-21T20:00:00Z 200 143.19
2026-09-21T20:00:00Z 404 108.71
2026-09-21T20:00:00Z 404 178.16
2026-09-21T20:00:00Z 200 117.05
2026-09-21T20:00:00Z 500 189.48
2026-09-21T20:00:00Z 200 135.95
2026-09-21T20:00:00Z 200 87.49
2026-09-21T20:00:00Z 200 145.59
2026-09-21T20:00:00Z 404 22.58
2026-09-21T20:00:00Z 500 151.03
2026-09-21T20:00:00Z 200 66.88
2026-09-21T20:00:00Z 500 103.61
2026-09-21T20:00:00Z 404 195.07
2026-09-21T20:00:00Z 200 60.60
2026-09-21T20:00:00Z 200 73.21
2026-09-21T20:00:00Z 200 38.65
2026-09-21T20:00:00Z 404 143.09
2026-09-21T20:00:00Z 404 66.70
2026-09-21T20:00:00Z 404 62.65
2026-09-21T20:00:00Z 200 58.28
2026-09-21T20:00:00Z 500 197.35
2026-09-21T20:00:00Z 404 146.58
2026-09-21T20:00:00Z 200 98.48
2026-09-21T20:00:00Z 404 26.73
2026-09-21T20:00:00Z 404 58.40
2026-09-21T20:00:00Z 404 35.31
2026-09-21T20:00:00Z 200 30.43
2026-09-21T20:00:00Z 404 43.31
2026-09-21T20:00:00Z 200 14.72
2026-09-21T20:00:00Z 404 62.37
2026-09-21T20:00:00Z 500 161.93
2026-09-21T20:00:00Z 200 189.92
2026-09-21T20:00:00Z 404 93.70
2026-09-21T20:00:00Z 404 151.15
2026-09-21T20:00:00Z 200 127.45
2026-09-21T20:00:00Z 200 61.30
2026-09-21T20:00:00Z 404 97.13
2026-09-21T20:00:00Z 500 68.86
2026-09-21T20:00:00Z 404 135.85
2026-09-21T20:00:00Z 500 186.09
2026-09-21T20:00:00Z 200 133.26
2026-09-21T20:00:00Z 404 20.45
2026-09-21T20:00:00Z 404 183.28
2026-09-21T20:00:00Z 200 20.01
2026-09-21T20:00:00Z 500 193.10
2026-09-21T20:00:00Z 200 140.95
2026-09-21T20:00:00Z 404 191.16
2026-09-21T20:00:00Z 200 34.32
2026-09-21T20:00:00Z 404 133.03
2026-09-21T20:00:00Z 404 30.15
2026-09-21T20:00:00Z 200 10.07
2026-09-21T20:00:00Z 200 108.71
2026-09-21T20:00:00Z 200 149.84
2026-09-21T20:00:00Z 404 93.29
2026-09-21T20:00:00Z 200 156.97
2026-09-21T20:00:00Z 200 179.06
2026-09-21T20:00:00Z 500 67.45
2026-09-21T20:00:00Z 404 151.81
2026-09-21T20:00:00Z 500 96.30
2026-09-21T20:00:00Z 200 82.16
2026-09-21T20:00:00Z 500 22.30
2026-09-21T20:00:00Z 200 199.75
2026-09-21T20:00:00Z 200 12.82
2026-09-21T20:00:00Z 200 10.32
2026-09-21T20:00:00Z 200 64.55
2026-09-21T20:00:00Z 200 119.59
2026-09-21T20:00:00Z 200 81.17
2026-09-21T20:00:00Z 500 191.99
2026-09-21T20:00:00Z 200 62.44
2026-09-21T20:00:00Z 500 131.66
2026-09-21T20:00:00Z 200 105.68
2026-09-21T20:00:00Z 500 28.49
2026-09-21T20:00:00Z 200 160.97
2026-09-21T20:00:00Z 200 39.02
2026-09-21T20:00:00Z 500 110.83
2026-09-21T20:00:00Z 404 139.43
2026-09-21T20:00:00Z 500 51.13
2026-09-21T20:00:00Z 200 69.31
2026-09-21T20:00:00Z 500 14.11
2026-09-21T20:00:00Z 200 142.28
2026-09-21T20:00:00Z 404 192.43
2026-09-21T20:00:00Z 404 64.21
2026-09-21T20:00:00Z 200 31.05
2026-09-21T20:00:00Z 200 182.99
2026-09-21T20:00:00Z 200 143.73
2026-09-21T20:00:00Z 500 75.38
2026-09-21T20:00:00Z 404 102.75
2026-09-21T20:00:00Z 200 92.61
2026-09-21T20:00:00Z 200 190.57
2026-09-21T20:00:00Z 200 180.83
2026-09-21T20:00:00Z 200 160.49
2026-09-21T20:00:00Z 200 137.53
2026-09-21T20:00:00Z 500 75.05
2026-09-21T20:00:00Z 200 82.58
2026-09-21T20:00:00Z 404 142.84
2026-09-21T20:00:00Z 404 121.09
2026-09-21T20:00:00Z 404 146.95
2026-09-21T20:00:00Z 404 168.28
2026-09-21T20:00:00Z 500 164.75
2026-09-21T20:00:00Z 404 78.80
2026-09-21T20:00:00Z 200 95.73
2026-09-21T20:00:00Z 404 119.72
2026-09-21T20:00:00Z 500 152.22
2026-09-21T20:00:00Z 200 40.20
2026-09-21T20:00:00Z 200 135.80
2026-09-21T20:00:00Z 404 112.57
2026-09-21T20:00:00Z 200 159.38
2026-09-21T20:00:00Z 500 88.44
2026-09-21T20:00:00Z 404 15.99
2026-09-21T20:00:00Z 200 13.07
2026-09-21T20:00:00Z 200 19.40
2026-09-21T20:00:00Z 200 20.73
2026-09-21T20:00:00Z 500 50.91
2026-09-21T20:00:00Z 200 125.94
2026-09-21T20:00:00Z 200 92.86
2026-09-21T20:00:00Z 200 41.05
2026-09-21T20:00:00Z 200 141.24
2026-09-21T20:00:00Z 200 188.93
2026-09-21T20:00:00Z 500 70.66
2026-09-21T20:00:00Z 404 189.66
2026-09-21T20:00:00Z 500 129.16
2026-09-21T20:00:00Z 200 71.57
2026-09-21T20:00:00Z 200 76.15
2026-09-21T20:00:00Z 200 61.62
2026-09-21T20:00:00Z 200 127.73
2026-09-21T20:00:00Z 404 139.60
2026-09-21T20:00:00Z 500 76.43
2026-09-21T20:00:00Z 404 22.02
2026-09-21T20:00:00Z 200 198.15
2026-09-21T20:00:00Z 200 15.64
2026-09-21T20:00:00Z 200 141.22
2026-09-21T20:00:00Z 404 44.76
2026-09-21T20:00:00Z 200 117.51
2026-09-21T20:00:00Z 200 194.72
2026-09-21T20:00:00Z 200 154.42
2026-09-21T20:00:00Z 200 24.11
2026-09-21T20:00:00Z 404 166.31
2026-09-21T20:00:00Z 404 29.66
2026-09-21T20:00:00Z 200 33.58
2026-09-21T20:00:00Z 200 40.17
2026-09-21T20:00:00Z 500 163.99
2026-09-21T20:00:00Z 200 125.41
2026-09-21T20:00:00Z 200 94.70
2026-09-21T20:00:00Z 500 14.83
2026-09-21T20:00:00Z 404 77.14
2026-09-21T20:00:00Z 200 99.88
2026-09-21T20:00:00Z 200 190.87
2026-09-21T20:00:00Z 200 54.78
2026-09-21T20:00:00Z 500 164.67
2026-09-21T20:00:00Z 500 172.97
2026-09-21T20:00:00Z 200 39.39
2026-09-21T20:00:00Z 200 123.19
2026-09-21T20:00:00Z 200 87.93
2026-09-21T20:00:00Z 200 14.41
2026-09-21T20:00:00Z 200 110.32
2026-09-21T20:00:00Z 200 169.07
2026-09-21T20:00:00Z 500 25.16
2026-09-21T20:00:00Z 500 27.99
2026-09-21T20:00:00Z 500 99.83
2026-09-21T20:00:00Z 404 29.12
2026-09-21T20:00:00Z 500 134.02
2026-09-21T20:00:00Z 200 59.54
2026-09-21T20:00:00Z 404 129.83
2026-09-21T20:00:00Z 200 160.07
2026-09-21T20:00:00Z 200 197.25
2026-09-21T20:00:00Z 200 35.75
2026-09-21T20:00:00Z 200 23.70
2026-09-21T20:00:00Z 200 20.54
2026-09-21T20:00:00Z 200 35.19
2026-09-21T20:00:00Z 200 112.84
2026-09-21T20:00:00Z 200 99.41
2026-09-21T20:00:00Z 200 65.20
2026-09-21T20:00:00Z 200 45.51
2026-09-21T20:00:00Z 200 16.55
2026-09-21T20:00:00Z 404 79.83
2026-09-21T20:00:00Z 404 199.26
2026-09-21T20:00:00Z 200 128.13
2026-09-21T20:00:00Z 200 195.52
2026-09-21T20:00:00Z 200 70.40
2026-09-21T20:00:00Z 200 24.75
2026-09-21T20:00:00Z 500 175.31
2026-09-21T20:00:00Z 404 189.15
2026-09-21T20:00:00Z 404 197.06
2026-09-21T20:00:00Z 200 73.31
2026-09-21T20:00:00Z 200 88.42
2026-09-21T20:00:00Z 404 173.98
2026-09-21T20:00:00Z 200 150.10
2026-09-21T20:00:00Z 200 128.04
2026-09-21T20:00:00Z 404 111.10
2026-09-21T20:00:00Z 200 163.71
2026-09-21T20:00:00Z 200 155.96
2026-09-21T20:00:00Z 200 158.19
2026-09-21T20:00:00Z 500 58.85
2026-09-21T20:00:00Z 200 50.09
2026-09-21T20:00:00Z 404 33.96
2026-09-21T20:00:00Z 500 152.56
2026-09-21T20:00:00Z 404 163.33
2026-09-21T20:00:00Z 404 73.20
2026-09-21T20:00:00Z 200 80.63
2026-09-21T20:00:00Z 200 175.45
2026-09-21T20:00:00Z 200 162.96
2026-09-21T20:00:00Z 200 37.46
2026-09-21T20:00:00Z 200 15.54
2026-09-21T20:00:00Z 200 19.37
2026-09-21T20:00:00Z 404 30.55
2026-09-21T20:00:00Z 200 86.01
2026-09-21T20:00:00Z 200 96.26
2026-09-21T20:00:00Z 500 22.68
2026-09-21T20:00:00Z 200 103.46
2026-09-21T20:00:00Z 404 79.19
2026-09-21T20:00:00Z 404 115.35
2026-09-21T20:00:00Z 200 135.66
2026-09-21T20:00:00Z 200 119.10
2026-09-21T20:00:00Z 200 191.27
2026-09-21T20:00:00Z 200 82.16
2026-09-21T20:00:00Z 200 25.63
2026-09-21T20:00:00Z 200 169.84
2026-09-21T20:00:00Z 200 45.84
2026-09-21T20:00:00Z 200 165.74
2026-09-21T20:00:00Z 200 70.48
2026-09-21T20:00:00Z 500 97.03
2026-09-21T20:00:00Z 200 37.40
2026-09-21T20:00:00Z 404 150.34
2026-09-21T20:00:00Z 500 17.23
2026-09-21T20:00:00Z 404 142.98
2026-09-21T20:00:00Z 200 63.11
2026-09-21T20:00:00Z 200 103.30
2026-09-21T20:00:00Z 200 171.44
2026-09-21T20:00:00Z 500 156.58
2026-09-21T20:00:00Z 200 31.64
2026-09-21T20:00:00Z 500 39.62
2026-09-21T20:00:00Z 404 195.96
2026-09-21T20:00:00Z 500 49.61
2026-09-21T20:00:00Z 500 52.17
2026-09-21T20:00:00Z 500 126.90
2026-09-21T20:00:00Z 200 50.43
2026-09-21T20:00:00Z 500 195.18
2026-09-21T20:00:00Z 200 11.80
2026-09-21T20:00:00Z 200 184.90
2026-09-21T20:00:00Z 500 39.60
2026-09-21T20:00:00Z 404 137.27
2026-09-21T20:00:00Z 200 84.16
2026-09-21T20:00:00Z 404 196.27
2026-09-21T20:00:00Z 200 77.48
2026-09-21T20:00:00Z 200 182.61
2026-09-21T20:00:00Z 200 92.38
2026-09-21T20:00:00Z 200 100.66
2026-09-21T20:00:00Z 200 10.02
2026-09-21T20:00:00Z 200 150.84
2026-09-21T20:00:00Z 200 60.36
2026-09-21T20:00:00Z 404 87.60
2026-09-21T20:00:00Z 404 186.51
2026-09-21T20:00:00Z 200 133.00
2026-09-21T20:00:00Z 200 24.65
2026-09-21T20:00:00Z 404 19.44
2026-09-21T20:00:00Z 200 120.66
2026-09-21T20:00:00Z 200 178.94
2026-09-21T20:00:00Z 404 10.99
2026-09-21T20:00:00Z 404 102.20
2026-09-21T20:00:00Z 200 196.04
2026-09-21T20:00:00Z 500 171.14
2026-09-21T20:00:00Z 500 124.28
2026-09-21T20:00:00Z 404 55.49
2026-09-21T20:00:00Z 500 40.85
2026-09-21T20:00:00Z 404 130.86
2026-09-21T20:00:00Z 200 171.90
2026-09-21T20:00:00Z 200 63.35
2026-09-21T20:00:00Z 404 57.24
2026-09-21T20:00:00Z 200 66.73
2026-09-21T20:00:00Z 200 83.00
2026-09-21T20:00:00Z 200 136.44
2026-09-21T20:00:00Z 200 92.24
2026-09-21T20:00:00Z 200 121.11
2026-09-21T20:00:00Z 404 50.54
2026-09-21T20:00:00Z 200 141.38
2026-09-21T20:00:00Z 200 171.87
2026-09-21T20:00:00Z 200 181.96
2026-09-21T20:00:00Z 500 53.60
2026-09-21T20:00:00Z 200 152.75
2026-09-21T20:00:00Z 500 70.44
2026-09-21T20:00:00Z 200 112.13
2026-09-21T20:00:00Z 500 164.08
2026-09-21T20:00:00Z 404 23.25
2026-09-21T20:00:00Z 500 145.33
2026-09-21T20:00:00Z 200 110.09
2026-09-21T20:00:00Z 200 145.88
2026-09-21T20:00:00Z 500 41.56
2026-09-21T20:00:00Z 200 65.21
2026-09-21T20:00:00Z 200 80.02
2026-09-21T20:00:00Z 200 67.29
2026-09-21T20:00:00Z 200 198.24
2026-09-21T20:00:00Z 200 94.24
2026-09-21T20:00:00Z 404 134.12
2026-09-21T20:00:00Z 200 62.44
2026-09-21T20:00:00Z 200 36.18
2026-09-21T20:00:00Z 404 82.56
2026-09-21T20:00:00Z 500 125.20
2026-09-21T20:00:00Z 200 46.76
2026-09-21T20:00:00Z 200 70.56
2026-09-21T20:00:00Z 404 112.21
2026-09-21T20:00:00Z 500 108.86
2026-09-21T20:00:00Z 200 146.71
2026-09-21T20:00:00Z 404 16.03
2026-09-21T20:00:00Z 200 108.29
2026-09-21T20:00:00Z 200 154.18
2026-09-21T20:00:00Z 200 120.83
2026-09-21T20:00:00Z 200 37.84
2026-09-21T20:00:00Z 500 189.00
2026-09-21T20:00:00Z 200 116.20
2026-09-21T20:00:00Z 404 163.57
2026-09-21T20:00:00Z 200 191.29
2026-09-21T20:00:00Z 404 199.86
2026-09-21T20:00:00Z 200 68.54
2026-09-21T20:00:00Z 500 189.41
2026-09-21T20:00:00Z 200 90.43
2026-09-21T20:00:00Z 500 157.36
2026-09-21T20:00:00Z 404 140.32
2026-09-21T20:00:00Z 200 146.00
2026-09-21T20:00:00Z 200 134.15
2026-09-21T20:00:00Z 404 41.41
2026-09-21T20:00:00Z 500 156.65
2026-09-21T20:00:00Z 200 50.98
2026-09-21T20:00:00Z 200 159.12
2026-09-21T20:00:00Z 200 90.93
2026-09-21T20:00:00Z 404 162.92
2026-09-21T20:00:00Z 200 165.14
2026-09-21T20:00:00Z 500 72.09
2026-09-21T20:00:00Z 500 75.84
2026-09-21T20:00:00Z 200 63.67
2026-09-21T20:00:00Z 500 46.35
2026-09-21T20:00:00Z 200 97.96
2026-09-21T20:00:00Z 200 36.15
2026-09-21T20:00:00Z 500 89.49
2026-09-21T20:00:00Z 200 173.34
2026-09-21T20:00:00Z 500 94.95
2026-09-21T20:00:00Z 200 181.31
2026-09-21T20:00:00Z 200 80.13
2026-09-21T20:00:00Z 200 158.71
2026-09-21T20:00:00Z 200 47.68
2026-09-21T20:00:00Z 404 119.15
2026-09-21T20:00:00Z 200 183.54
2026-09-21T20:00:00Z 500 99.39
2026-09-21T20:00:00Z 404 105.49
2026-09-21T20:00:00Z 500 199.06
2026-09-21T20:00:00Z 404 133.84
2026-09-21T20:00:00Z 404 124.95
2026-09-21T20:00:00Z 404 21.27
2026-09-21T20:00:00Z 404 110.17
2026-09-21T20:00:00Z 500 111.23
2026-09-21T20:00:00Z 404 30.50
2026-09-21T20:00:00Z 200 96.71
2026-09-21T20:00:00Z 404 107.91
2026-09-21T20:00:00Z 500 70.40
2026-09-21T20:00:00Z 200 102.94
2026-09-21T20:00:00Z 200 52.30
2026-09-21T20:00:00Z 404 68.49
2026-09-21T20:00:00Z 200 99.39
2026-09-21T20:00:00Z 200 14.84
2026-09-21T20:00:00Z 500 86.56
2026-09-21T20:00:00Z 200 180.96
2026-09-21T20:00:00Z 200 154.90
2026-09-21T20:00:00Z 404 106.26
2026-09-21T20:00:00Z 500 187.35
2026-09-21T20:00:00Z 200 154.92
2026-09-21T20:00:00Z 200 74.65
2026-09-21T20:00:00Z 200 82.55
2026-09-21T20:00:00Z 500 119.70
2026-09-21T20:00:00Z 404 147.87
2026-09-21T20:00:00Z 200 124.74
2026-09-21T20:00:00Z 200 16.94
2026-09-21T20:00:00Z 500 187.72
2026-09-21T20:00:00Z 500 180.17
2026-09-21T20:00:00Z 404 57.47
2026-09-21T20:00:00Z 500 44.07
2026-09-21T20:00:00Z 200 85.81
2026-09-21T20:00:00Z 200 50.43
2026-09-21T20:00:00Z 200 189.02
2026-09-21T20:00:00Z 200 137.14
2026-09-21T20:00:00Z 500 158.04
2026-09-21T20:00:00Z 500 123.79
2026-09-21T20:00:00Z 200 191.68
2026-09-21T20:00:00Z 404 109.24
2026-09-21T20:00:00Z 200 27.41
2026-09-21T20:00:00Z 200 33.53
2026-09-21T20:00:00Z 200 161.96
2026-09-21T20:00:00Z 404 83.21
2026-09-21T20:00:00Z 200 70.75
2026-09-21T20:00:00Z 200 178.25
2026-09-21T20:00:00Z 500 154.59
2026-09-21T20:00:00Z 404 92.60
2026-09-21T20:00:00Z 200 131.57
2026-09-21T20:00:00Z 404 177.24
2026-09-21T20:00:00Z 200 132.62
2026-09-21T20:00:00Z 500 119.10
2026-09-21T20:00:00Z 200 161.60
2026-09-21T20:00:00Z 200 171.53
2026-09-21T20:00:00Z 200 146.84
2026-09-21T20:00:00Z 200 13.36
2026-09-21T20:00:00Z 200 141.35
2026-09-21T20:00:00Z 404 194.32
2026-09-21T20:00:00Z 200 194.61
2026-09-21T20:00:00Z 200 151.58
2026-09-21T20:00:00Z 200 115.00
2026-09-21T20:00:00Z 200 141.59
2026-09-21T20:00:00Z 200 156.78
2026-09-21T20:00:00Z 200 118.59
2026-09-21T20:00:00Z 404 193.12
2026-09-21T20:00:00Z 404 130.35
2026-09-21T20:00:00Z 500 140.77
2026-09-21T20:00:00Z 200 137.66
2026-09-21T20:00:00Z 404 54.33
2026-09-21T20:00:00Z 200 40.07
2026-09-21T20:00:00Z 200 61.87
2026-09-21T20:00:00Z 200 77.32
2026-09-21T20:00:00Z 200 41.11
2026-09-21T20:00:00Z 200 134.48
2026-09-21T20:00:00Z 200 130.02
2026-09-21T20:00:00Z 200 61.11
2026-09-21T20:00:00Z 500 191.38
2026-09-21T20:00:00Z 500 142.87
2026-09-21T20:00:00Z 200 102.20
2026-09-21T20:00:00Z 200 134.74
2026-09-21T20:00:00Z 404 38.31
2026-09-21T20:00:00Z 200 61.23
2026-09-21T20:00:00Z 200 156.15
2026-09-21T20:00:00Z 404 48.11
2026-09-21T20:00:00Z 200 108.68
2026-09-21T20:00:00Z 200 88.51
2026-09-21T20:00:00Z 200 30.94
2026-09-21T20:00:00Z 200 12.53
2026-09-21T20:00:00Z 200 30.31
2026-09-21T20:00:00Z 200 113.70
2026-09-21T20:00:00Z 500 73.95
2026-09-21T20:00:00Z 200 34.89
2026-09-21T20:00:00Z 200 81.25
2026-09-21T20:00:00Z 200 153.16
2026-09-21T20:00:00Z 200 22.82
2026-09-21T20:00:00Z 404 94.86
2026-09-21T20:00:00Z 200 160.76
2026-09-21T20:00:00Z 200 188.99
2026-09-21T20:00:00Z 200 177.78
2026-09-21T20:00:00Z 404 168.43
2026-09-21T20:00:00Z 200 107.21
2026-09-21T20:00:00Z 200 175.18
2026-09-21T20:00:00Z 404 187.02
2026-09-21T20:00:00Z 200 83.64
2026-09-21T20:00:00Z 200 94.62
2026-09-21T20:00:00Z 200 199.53
2026-09-21T20:00:00Z 404 82.94
2026-09-21T20:00:00Z 200 70.99
2026-09-21T20:00:00Z 404 191.46
2026-09-21T20:00:00Z 404 151.49
2026-09-21T20:00:00Z 200 98.23
2026-09-21T20:00:00Z 200 35.40
2026-09-21T20:00:00Z 404 170.03
2026-09-21T20:00:00Z 200 191.11
2026-09-21T20:00:00Z 500 49.84
2026-09-21T20:00:00Z 200 66.48
2026-09-21T20:00:00Z 200 128.17
2026-09-21T20:00:00Z 200 189.13
2026-09-21T20:00:00Z 500 55.28
2026-09-21T20:00:00Z 200 110.02
2026-09-21T20:00:00Z 200 79.58
2026-09-21T20:00:00Z 200 99.36
2026-09-21T20:00:00Z 404 65.25
2026-09-21T20:00:00Z 200 63.41
2026-09-21T20:00:00Z 200 153.27
2026-09-21T20:00:00Z 404 64.43
2026-09-21T20:00:00Z 500 153.68
2026-09-21T20:00:00Z 404 29.22
2026-09-21T20:00:00Z 200 51.28
2026-09-21T20:00:00Z 500 21.76
2026-09-21T20:00:00Z 500 168.05
2026-09-21T20:00:00Z 200 56.50
2026-09-21T20:00:00Z 404 28.64
2026-09-21T20:00:00Z 404 167.18
2026-09-21T20:00:00Z 404 179.19
2026-09-21T20:00:00Z 200 83.30
2026-09-21T20:00:00Z 200 56.24
2026-09-21T20:00:00Z 200 153.50
2026-09-21T20:00:00Z 404 118.79
2026-09-21T20:00:00Z 200 56.20
2026-09-21T20:00:00Z 200 65.75
2026-09-21T20:00:00Z 200 180.28
2026-09-21T20:00:00Z 200 67.84
2026-09-21T20:00:00Z 200 19.87
2026-09-21T20:00:00Z 200 21.52
2026-09-21T20:00:00Z 200 171.28
2026-09-21T20:00:00Z 200 133.79
2026-09-21T20:00:00Z 500 135.57
2026-09-21T20:00:00Z 500 142.04
2026-09-21T20:00:00Z 200 177.06
2026-09-21T20:00:00Z 404 109.58
2026-09-21T20:00:00Z 200 128.27
2026-09-21T20:00:00Z 200 117.42
2026-09-21T20:00:00Z 200 189.64
2026-09-21T20:00:00Z 200 133.09
2026-09-21T20:00:00Z 404 168.77
2026-09-21T20:00:00Z 404 13.45
2026-09-21T20:00:00Z 500 155.86
2026-09-21T20:00:00Z 500 170.95
2026-09-21T20:00:00Z 200 131.29
2026-09-21T20:00:00Z 200 37.58
2026-09-21T20:00:00Z 200 171.66
2026-09-21T20:00:00Z 500 144.54
2026-09-21T20:00:00Z 200 50.84
2026-09-21T20:00:00Z 200 16.58
2026-09-21T20:00:00Z 500 97.71
2026-09-21T20:00:00Z 200 163.29
2026-09-21T20:00:00Z 200 123.63
2026-09-21T20:00:00Z 200 110.49
2026-09-21T20:00:00Z 200 107.80
2026-09-21T20:00:00Z 200 160.50
2026-09-21T20:00:00Z 404 158.14
2026-09-21T20:00:00Z 200 110.83
2026-09-21T20:00:00Z 200 109.29
2026-09-21T20:00:00Z 404 195.11
2026-09-21T20:00:00Z 200 124.55
2026-09-21T20:00:00Z 404 131.28
2026-09-21T20:00:00Z 200 190.36
2026-09-21T20:00:00Z 200 178.89
2026-09-21T20:00:00Z 404 67.01
2026-09-21T20:00:00Z 500 133.57
2026-09-21T20:00:00Z 200 93.87
2026-09-21T20:00:00Z 500 26.37
2026-09-21T20:00:00Z 200 142.04
2026-09-21T20:00:00Z 200 71.26
2026-09-21T20:00:00Z 200 26.54
2026-09-21T20:00:00Z 500 92.47
2026-09-21T20:00:00Z 200 84.53
2026-09-21T20:00:00Z 200 198.55
2026-09-21T20:00:00Z 500 34.42
2026-09-21T20:00:00Z 200 124.46
2026-09-21T20:00:00Z 200 105.36
2026-09-21T20:00:00Z 200 28.74
2026-09-21T20:00:00Z 200 55.89
2026-09-21T20:00:00Z 404 49.99
2026-09-21T20:00:00Z 200 106.42
2026-09-21T20:00:00Z 200 127.36
2026-09-21T20:00:00Z 500 138.29
2026-09-21T20:00:00Z 200 28.31
2026-09-21T20:00:00Z 500 140.42
2026-09-21T20:00:00Z 500 39.52
2026-09-21T20:00:00Z 200 55.17
2026-09-21T20:00:00Z 500 147.52
2026-09-21T20:00:00Z 200 38.76
2026-09-21T20:00:00Z 200 195.47
2026-09-21T20:00:00Z 200 156.82
2026-09-21T20:00:00Z 200 31.03
2026-09-21T20:00:00Z 200 29.22
2026-09-21T20:00:00Z 200 36.09
2026-09-21T20:00:00Z 404 109.31
2026-09-21T20:00:00Z 500 185.39
2026-09-21T20:00:00Z 200 30.03
2026-09-21T20:00:00Z 200 66.18
2026-09-21T20:00:00Z 200 159.84
2026-09-21T20:00:00Z 200 83.57
2026-09-21T20:00:00Z 404 113.15
2026-09-21T20:00:00Z 200 61.49
2026-09-21T20:00:00Z 200 87.42
2026-09-21T20:00:00Z 200 157.76
2026-09-21T20:00:00Z 404 88.95
2026-09-21T20:00:00Z 200 141.44
2026-09-21T20:00:00Z 500 155.53
2026-09-21T20:00:00Z 200 196.27
2026-09-21T20:00:00Z 500 13.53
2026-09-21T20:00:00Z 200 45.22
2026-09-21T20:00:00Z 404 121.01
2026-09-21T20:00:00Z 200 141.63
2026-09-21T20:00:00Z 200 139.18
2026-09-21T20:00:00Z 404 126.33
2026-09-21T20:00:00Z 500 131.65
2026-09-21T20:00:00Z 200 114.71
2026-09-21T20:00:00Z 200 69.32
2026-09-21T20:00:00Z 200 118.35
2026-09-21T20:00:00Z 200 87.85
2026-09-21T20:00:00Z 200 107.14
2026-09-21T20:00:00Z 500 167.85
2026-09-21T20:00:00Z 200 51.39
2026-09-21T20:00:00Z 500 47.21
2026-09-21T20:00:00Z 500 28.56
2026-09-21T20:00:00Z 200 64.97
2026-09-21T20:00:00Z 200 186.40
2026-09-21T20:00:00Z 200 105.81
2026-09-21T20:00:00Z 500 59.93
2026-09-21T20:00:00Z 200 44.27
2026-09-21T20:00:00Z 200 160.28
2026-09-21T20:00:00Z 404 155.32
2026-09-21T20:00:00Z 200 175.67
2026-09-21T20:00:00Z 404 187.41
2026-09-21T20:00:00Z 404 175.73
2026-09-21T20:00:00Z 404 28.69
2026-09-21T20:00:00Z 200 131.72
2026-09-21T20:00:00Z 200 77.00
2026-09-21T20:00:00Z 404 77.30
2026-09-21T20:00:00Z 404 176.73
2026-09-21T20:00:00Z 500 187.03
2026-09-21T20:00:00Z 404 179.92
2026-09-21T20:00:00Z 200 78.91
2026-09-21T20:00:00Z 500 51.19
2026-09-21T20:00:00Z 200 97.02
2026-09-21T20:00:00Z 200 172.53
2026-09-21T20:00:00Z 404 131.91
2026-09-21T20:00:00Z 200 44.04
2026-09-21T20:00:00Z 200 148.74
2026-09-21T20:00:00Z 200 134.71
2026-09-21T20:00:00Z 200 106.21
2026-09-21T20:00:00Z 404 20.88
2026-09-21T20:00:00Z 500 70.46
2026-09-21T20:00:00Z 200 72.75
2026-09-21T20:00:00Z 200 87.22
2026-09-21T20:00:00Z 200 56.80
2026-09-21T20:00:00Z 200 13.01
2026-09-21T20:00:00Z 404 57.90
2026-09-21T20:00:00Z 200 19.04
2026-09-21T20:00:00Z 200 29.14
2026-09-21T20:00:00Z 200 50.03
2026-09-21T20:00:00Z 200 165.09
2026-09-21T20:00:00Z 500 85.18
2026-09-21T20:00:00Z 200 108.14
2026-09-21T20:00:00Z 200 92.47
2026-09-21T20:00:00Z 200 44.39
2026-09-21T20:00:00Z 500 47.10
2026-09-21T20:00:00Z 200 59.97
2026-09-21T20:00:00Z 200 123.53
2026-09-21T20:00:00Z 404 194.57
2026-09-21T20:00:00Z 200 138.27
2026-09-21T20:00:00Z 200 197.11
2026-09-21T20:00:00Z 200 38.89
2026-09-21T20:00:00Z 404 55.97
2026-09-21T20:00:00Z 200 77.05
2026-09-21T20:00:00Z 200 52.98
2026-09-21T20:00:00Z 200 44.15
2026-09-21T20:00:00Z 404 112.82
2026-09-21T20:00:00Z 500 58.73
2026-09-21T20:00:00Z 200 27.60
2026-09-21T20:00:00Z 500 155.06
2026-09-21T20:00:00Z 200 77.19
2026-09-21T20:00:00Z 404 182.48
2026-09-21T20:00:00Z 200 74.54
2026-09-21T20:00:00Z 404 60.88
2026-09-21T20:00:00Z 200 98.18
2026-09-21T20:00:00Z 200 117.62
2026-09-21T20:00:00Z 500 70.44
2026-09-21T20:00:00Z 200 99.34
2026-09-21T20:00:00Z 200 43.85
2026-09-21T20:00:00Z 500 170.17
2026-09-21T20:00:00Z 500 56.69
2026-09-21T20:00:00Z 500 119.83
2026-09-21T20:00:00Z 404 98.66
2026-09-21T20:00:00Z 200 48.89
2026-09-21T20:00:00Z 200 103.72
2026-09-21T20:00:00Z 404 186.57
2026-09-21T20:00:00Z 500 104.07
2026-09-21T20:00:00Z 200 149.39
2026-09-21T20:00:00Z 404 90.09
2026-09-21T20:00:00Z 404 174.06
2026-09-21T20:00:00Z 404 25.24
2026-09-21T20:00:00Z 200 135.26
2026-09-21T20:00:00Z 200 174.76
2026-09-21T20:00:00Z 200 80.10
2026-09-21T20:00:00Z 404 173.11
2026-09-21T20:00:00Z 200 62.19
2026-09-21T20:00:00Z 200 50.85
2026-09-21T20:00:00Z 404 85.78
2026-09-21T20:00:00Z 500 149.27
2026-09-21T20:00:00Z 500 161.94
2026-09-21T20:00:00Z 200 78.28
2026-09-21T20:00:00Z 200 100.80
2026-09-21T20:00:00Z 200 23.99
2026-09-21T20:00:00Z 404 169.59
2026-09-21T20:00:00Z 200 46.44
2026-09-21T20:00:00Z 200 33.34
2026-09-21T20:00:00Z 404 168.78
2026-09-21T20:00:00Z 200 58.67
2026-09-21T20:00:00Z 200 51.12
2026-09-21T20:00:00Z 200 68.50
2026-09-21T20:00:00Z 200 56.41
2026-09-21T20:00:00Z 500 60.97
2026-09-21T20:00:00Z 200 89.15
2026-09-21T20:00:00Z 500 125.48
2026-09-21T20:00:00Z 200 160.04
2026-09-21T20:00:00Z 404 114.26
2026-09-21T20:00:00Z 404 78.58
2026-09-21T20:00:00Z 200 191.89
2026-09-21T20:00:00Z 404 85.13
2026-09-21T20:00:00Z 200 162.75
2026-09-21T20:00:00Z 200 117.40
2026-09-21T20:00:00Z 404 61.22
2026-09-21T20:00:00Z 200 37.18
2026-09-21T20:00:00Z 200 73.49
2026-09-21T20:00:00Z 200 85.50
2026-09-21T20:00:00Z 200 40.62
2026-09-21T20:00:00Z 500 151.23
2026-09-21T20:00:00Z 200 135.73
2026-09-21T20:00:00Z 500 121.43
2026-09-21T20:00:00Z 200 39.27
2026-09-21T20:00:00Z 200 136.22
2026-09-21T20:00:00Z 200 119.80
2026-09-21T20:00:00Z 200 19.35
2026-09-21T20:00:00Z 404 14.88
2026-09-21T20:00:00Z 404 110.11
2026-09-21T20:00:00Z 404 173.31
2026-09-21T20:00:00Z 500 149.67
2026-09-21T20:00:00Z 200 89.79
2026-09-21T20:00:00Z 500 26.04
2026-09-21T20:00:00Z 404 118.94
2026-09-21T20:00:00Z 404 172.99
2026-09-21T20:00:00Z 404 168.34
2026-09-21T20:00:00Z 200 95.34
2026-09-21T20:00:00Z 200 42.52
2026-09-21T20:00:00Z 500 121.02
2026-09-21T20:00:00Z 200 148.58
2026-09-21T20:00:00Z 500 193.04
2026-09-21T20:00:00Z 200 20.99
2026-09-21T20:00:00Z 200 105.67
2026-09-21T20:00:00Z 500 180.98
2026-09-21T20:00:00Z 500 47.59
2026-09-21T20:00:00Z 404 167.29
2026-09-21T20:00:00Z 500 51.57
2026-09-21T20:00:00Z 500 109.33
2026-09-21T20:00:00Z 200 59.99
2026-09-21T20:00:00Z 404 76.51
2026-09-21T20:00:00Z 500 24.73
2026-09-21T20:00:00Z 200 174.21
2026-09-21T20:00:00Z 200 22.45
2026-09-21T20:00:00Z 404 17.83
2026-09-21T20:00:00Z 500 171.08
2026-09-21T20:00:00Z 200 168.25
2026-09-21T20:00:00Z 200 195.47
2026-09-21T20:00:00Z 404 132.55
2026-09-21T20:00:00Z 200 19.90
2026-09-21T20:00:00Z 500 183.36
2026-09-21T20:00:00Z 404 30.24
2026-09-21T20:00:00Z 500 113.65
2026-09-21T20:00:00Z 200 55.97
2026-09-21T20:00:00Z 404 79.28
2026-09-21T20:00:00Z 200 117.28
2026-09-21T20:00:00Z 500 197.99
2026-09-21T20:00:00Z 200 161.22
2026-09-21T20:00:00Z 500 141.87
2026-09-21T20:00:00Z 200 100.34
2026-09-21T20:00:00Z 200 56.91
2026-09-21T20:00:00Z 200 109.79
2026-09-21T20:00:00Z 200 17.27
2026-09-21T20:00:00Z 200 108.50
2026-09-21T20:00:00Z 200 15.90
2026-09-21T20:00:00Z 404 51.80
2026-09-21T20:00:00Z 200 155.89
2026-09-21T20:00:00Z 404 16.77
2026-09-21T20:00:00Z 200 39.33
2026-09-21T20:00:00Z 200 50.77
2026-09-21T20:00:00Z 200 174.51
2026-09-21T20:00:00Z 404 125.89
2026-09-21T20:00:00Z 404 31.13
2026-09-21T20:00:00Z 200 129.59
2026-09-21T20:00:00Z 404 19.66
2026-09-21T20:00:00Z 404 181.08
2026-09-21T20:00:00Z 200 33.93
2026-09-21T20:00:00Z 200 115.09
2026-09-21T20:00:00Z 200 56.28
2026-09-21T20:00:00Z 200 74.87
2026-09-21T20:00:00Z 500 92.75
2026-09-21T20:00:00Z 500 51.12
2026-09-21T20:00:00Z 200 126.26
2026-09-21T20:00:00Z 200 188.48
2026-09-21T20:00:00Z 404 99.53
2026-09-21T20:00:00Z 200 75.40
2026-09-21T20:00:00Z 200 142.87
2026-09-21T20:00:00Z 200 164.40
2026-09-21T20:00:00Z 200 190.23
2026-09-21T20:00:00Z 500 173.65
2026-09-21T20:00:00Z 200 139.21
2026-09-21T20:00:00Z 200 161.59
2026-09-21T20:00:00Z 200 20.75
2026-09-21T20:00:00Z 404 93.13
2026-09-21T20:00:00Z 404 44.04
2026-09-21T20:00:00Z 404 52.34
2026-09-21T20:00:00Z 200 102.94
2026-09-21T20:00:00Z 500 189.59
2026-09-21T20:00:00Z 404 186.28
2026-09-21T20:00:00Z 404 153.67
2026-09-21T20:00:00Z 404 159.31
2026-09-21T20:00:00Z 200 158.90
2026-09-21T20:00:00Z 200 53.28
2026-09-21T20:00:00Z 200 169.12
2026-09-21T20:00:00Z 200 172.60
2026-09-21T20:00:00Z 200 131.20
2026-09-21T20:00:00Z 200 114.57
2026-09-21T20:00:00Z 200 26.92
2026-09-21T20:00:00Z 200 157.19
2026-09-21T20:00:00Z 200 65.61
2026-09-21T20:00:00Z 404 56.86
2026-09-21T20:00:00Z 200 167.41
2026-09-21T20:00:00Z 200 76.93
2026-09-21T20:00:00Z 200 23.81
2026-09-21T20:00:00Z 200 39.31
2026-09-21T20:00:00Z 200 77.95
2026-09-21T20:00:00Z 200 71.33
2026-09-21T20:00:00Z 404 52.50
2026-09-21T20:00:00Z 200 25.79
2026-09-21T20:00:00Z 500 45.31
2026-09-21T20:00:00Z 500 173.95
2026-09-21T20:00:00Z 200 142.15
2026-09-21T20:00:00Z 500 103.78
2026-09-21T20:00:00Z 404 122.09
2026-09-21T20:00:00Z 500 153.59
2026-09-21T20:00:00Z 200 81.42
2026-09-21T20:00:00Z 404 190.75
2026-09-21T20:00:00Z 500 176.82
2026-09-21T20:00:00Z 500 49.89
2026-09-21T20:00:00Z 200 179.61
2026-09-21T20:00:00Z 200 43.50
2026-09-21T20:00:00Z 200 168.59
2026-09-21T20:00:00Z 200 44.86
2026-09-21T20:00:00Z 500 192.25
2026-09-21T20:00:00Z 200 104.04
2026-09-21T20:00:00Z 200 128.47
2026-09-21T20:00:00Z 404 182.46
2026-09-21T20:00:00Z 200 147.42
2026-09-21T20:00:00Z 200 119.18
2026-09-21T20:00:00Z 200 69.12
2026-09-21T20:00:00Z 500 162.24
2026-09-21T20:00:00Z 404 90.28
2026-09-21T20:00:00Z 200 175.77
2026-09-21T20:00:00Z 404 137.50
2026-09-21T20:00:00Z 200 163.39
2026-09-21T20:00:00Z 404 42.01
2026-09-21T20:00:00Z 200 135.35
2026-09-21T20:00:00Z 200 90.28
2026-09-21T20:00:00Z 200 110.31
2026-09-21T20:00:00Z 200 63.68
2026-09-21T20:00:00Z 500 88.91
2026-09-21T20:00:00Z 404 96.01
2026-09-21T20:00:00Z 200 46.79
2026-09-21T20:00:00Z 200 52.37
2026-09-21T20:00:00Z 200 72.80
2026-09-21T20:00:00Z 200 129.22
2026-09-21T20:00:00Z 404 112.11
2026-09-21T20:00:00Z 200 199.52
2026-09-21T20:00:00Z 404 153.43
2026-09-21T20:00:00Z 200 81.42
2026-09-21T20:00:00Z 200 187.96
2026-09-21T20:00:00Z 200 95.93
2026-09-21T20:00:00Z 200 110.09
2026-09-21T20:00:00Z 200 154.95
2026-09-21T20:00:00Z 500 93.17
2026-09-21T20:00:00Z 200 21.41
2026-09-21T20:00:00Z 404 141.12
2026-09-21T20:00:00Z 200 76.08
2026-09-21T20:00:00Z 500 84.88
2026-09-21T20:00:00Z 404 31.62
2026-09-21T20:00:00Z 404 119.57
2026-09-21T20:00:00Z 404 163.03
2026-09-21T20:00:00Z 200 68.47
2026-09-21T20:00:00Z 404 78.69
2026-09-21T20:00:00Z 500 173.90
2026-09-21T20:00:00Z 200 110.79
2026-09-21T20:00:00Z 200 129.47
2026-09-21T20:00:00Z 200 23.80
2026-09-21T20:00:00Z 200 31.71
2026-09-21T20:00:00Z 200 141.88
2026-09-21T20:00:00Z 200 64.57
2026-09-21T20:00:00Z 200 39.06
2026-09-21T20:00:00Z 200 152.46
2026-09-21T20:00:00Z 404 162.10
2026-09-21T20:00:00Z 404 83.37
2026-09-21T20:00:00Z 500 73.12
2026-09-21T20:00:00Z 500 89.35
2026-09-21T20:00:00Z 200 37.54
2026-09-21T20:00:00Z 200 70.72
2026-09-21T20:00:00Z 200 115.02
2026-09-21T20:00:00Z 200 184.26
2026-09-21T20:00:00Z 200 140.79
2026-09-21T20:00:00Z 200 110.20
2026-09-21T20:00:00Z 200 90.56
2026-09-21T20:00:00Z 200 37.90
2026-09-21T20:00:00Z 200 21.40
2026-09-21T20:00:00Z 500 163.86
2026-09-21T20:00:00Z 200 198.37
2026-09-21T20:00:00Z 404 65.66
2026-09-21T20:00:00Z 500 170.05
2026-09-21T20:00:00Z 404 68.01
2026-09-21T20:00:00Z 404 24.22
2026-09-21T20:00:00Z 500 147.92
2026-09-21T20:00:00Z 200 183.82
2026-09-21T20:00:00Z 200 31.46
2026-09-21T20:00:00Z 404 94.95
2026-09-21T20:00:00Z 404 151.45
2026-09-21T20:00:00Z 200 53.97
2026-09-21T20:00:00Z 200 85.40
2026-09-21T20:00:00Z 500 136.71
2026-09-21T20:00:00Z 200 139.65
2026-09-21T20:00:00Z 500 152.09
2026-09-21T20:00:00Z 500 109.37
2026-09-21T20:00:00Z 500 85.13
2026-09-21T20:00:00Z 500 126.61
2026-09-21T20:00:00Z 200 196.53
2026-09-21T20:00:00Z 500 94.29
2026-09-21T20:00:00Z 200 97.45
2026-09-21T20:00:00Z 200 77.62
2026-09-21T20:00:00Z 500 31.50
2026-09-21T20:00:00Z 200 156.53
2026-09-21T20:00:00Z 200 133.38
2026-09-21T20:00:00Z 200 47.27
2026-09-21T20:00:00Z 200 188.66
2026-09-21T20:00:00Z 404 21.60
2026-09-21T20:00:00Z 200 25.57
2026-09-21T20:00:00Z 404 46.22
2026-09-21T20:00:00Z 200 97.79
2026-09-21T20:00:00Z 200 33.50
2026-09-21T20:00:00Z 404 163.31
2026-09-21T20:00:00Z 200 93.35
2026-09-21T20:00:00Z 500 25.65
2026-09-21T20:00:00Z 404 94.91
2026-09-21T20:00:00Z 500 15.68
2026-09-21T20:00:00Z 200 177.23
2026-09-21T20:00:00Z 200 165.51
2026-09-21T20:00:00Z 200 23.91
2026-09-21T20:00:00Z 200 94.81
2026-09-21T20:00:00Z 404 136.79
2026-09-21T20:00:00Z 200 128.80
2026-09-21T20:00:00Z 200 119.03
2026-09-21T20:00:00Z 200 108.37
2026-09-21T20:00:00Z 404 60.29
2026-09-21T20:00:00Z 200 143.14
2026-09-21T20:00:00Z 200 184.54
2026-09-21T20:00:00Z 200 146.59
2026-09-21T20:00:00Z 200 102.57
2026-09-21T20:00:00Z 200 180.64
2026-09-21T20:00:00Z 404 161.55
2026-09-21T20:00:00Z 200 83.73
2026-09-21T20:00:00Z 200 33.21
2026-09-21T20:00:00Z 200 60.26
2026-09-21T20:00:00Z 200 145.70
2026-09-21T20:00:00Z 200 11.87
2026-09-21T20:00:00Z 500 161.69
2026-09-21T20:00:00Z 500 32.17
2026-09-21T20:00:00Z 500 154.07
2026-09-21T20:00:00Z 200 76.95
2026-09-21T20:00:00Z 200 181.79
2026-09-21T20:00:00Z 404 161.04
2026-09-21T20:00:00Z 404 81.61
2026-09-21T20:00:00Z 500 160.72
2026-09-21T20:00:00Z 404 149.37
2026-09-21T20:00:00Z 200 59.68
2026-09-21T20:00:00Z 200 25.36
2026-09-21T20:00:00Z 404 83.21
2026-09-21T20:00:00Z 404 128.44
2026-09-21T20:00:00Z 200 85.28
2026-09-21T20:00:00Z 200 139.57
2026-09-21T20:00:00Z 200 108.10
2026-09-21T20:00:00Z 200 140.16
2026-09-21T20:00:00Z 200 36.47
2026-09-21T20:00:00Z 200 110.05
2026-09-21T20:00:00Z 404 43.72
2026-09-21T20:00:00Z 404 26.05
2026-09-21T20:00:00Z 200 19.45
2026-09-21T20:00:00Z 500 95.08
2026-09-21T20:00:00Z 500 110.71
2026-09-21T20:00:00Z 200 29.81
2026-09-21T20:00:00Z 500 17.72
2026-09-21T20:00:00Z 404 103.19
2026-09-21T20:00:00Z 200 197.34
2026-09-21T20:00:00Z 200 195.00
2026-09-21T20:00:00Z 404 121.69
2026-09-21T20:00:00Z 200 101.31
2026-09-21T20:00:00Z 200 180.25
2026-09-21T20:00:00Z 200 59.41
2026-09-21T20:00:00Z 404 147.85
2026-09-21T20:00:00Z 500 59.80
2026-09-21T20:00:00Z 200 140.72
2026-09-21T20:00:00Z 200 45.46
2026-09-21T20:00:00Z 404 67.90
2026-09-21T20:00:00Z 200 17.30
2026-09-21T20:00:00Z 200 133.43
2026-09-21T20:00:00Z 200 69.21
2026-09-21T20:00:00Z 404 105.40
2026-09-21T20:00:00Z 500 150.43
2026-09-21T20:00:00Z 404 86.68
2026-09-21T20:00:00Z 500 100.87
2026-09-21T20:00:00Z 404 119.38
2026-09-21T20:00:00Z 500 61.89
2026-09-21T20:00:00Z 200 21.34
2026-09-21T20:00:00Z 200 134.11
2026-09-21T20:00:00Z 500 117.52
2026-09-21T20:00:00Z 200 161.93
2026-09-21T20:00:00Z 200 26.55
2026-09-21T20:00:00Z 200 139.86
2026-09-21T20:00:00Z 200 70.15
2026-09-21T20:00:00Z 200 138.88
2026-09-21T20:00:00Z 200 11.64
2026-09-21T20:00:00Z 200 120.25
2026-09-21T20:00:00Z 200 172.27
2026-09-21T20:00:00Z 200 166.37
2026-09-21T20:00:00Z 200 179.79
2026-09-21T20:00:00Z 200 170.61
2026-09-21T20:00:00Z 200 148.97
2026-09-21T20:00:00Z 200 83.88
2026-09-21T20:00:00Z 200 103.28
2026-09-21T20:00:00Z 404 192.27
2026-09-21T20:00:00Z 200 75.70
2026-09-21T20:00:00Z 200 149.79
2026-09-21T20:00:00Z 500 171.79
2026-09-21T20:00:00Z 404 118.77
2026-09-21T20:00:00Z 200 20.58
2026-09-21T20:00:00Z 200 167.27
2026-09-21T20:00:00Z 500 197.66
2026-09-21T20:00:00Z 200 22.99
2026-09-21T20:00:00Z 404 148.64
2026-09-21T20:00:00Z 500 132.81
2026-09-21T20:00:00Z 500 70.37
2026-09-21T20:00:00Z 500 53.71
2026-09-21T20:00:00Z 200 162.63
2026-09-21T20:00:00Z 200 44.87
2026-09-21T20:00:00Z 200 75.69
2026-09-21T20:00:00Z 200 24.89
2026-09-21T20:00:00Z 200 16.19
2026-09-21T20:00:00Z 200 103.88
2026-09-21T20:00:00Z 200 65.32
2026-09-21T20:00:00Z 404 22.12
2026-09-21T20:00:00Z 200 68.59
2026-09-21T20:00:00Z 200 171.96
2026-09-21T20:00:00Z 200 61.18
2026-09-21T20:00:00Z 200 193.66
2026-09-21T20:00:00Z 500 154.30
2026-09-21T20:00:00Z 200 192.70
2026-09-21T20:00:00Z 500 162.06
2026-09-21T20:00:00Z 200 68.06
2026-09-21T20:00:00Z 200 185.54
2026-09-21T20:00:00Z 200 138.25
2026-09-21T20:00:00Z 500 12.41
2026-09-21T20:00:00Z 200 186.88
2026-09-21T20:00:00Z 200 33.64
2026-09-21T20:00:00Z 500 71.68
2026-09-21T20:00:00Z 404 24.06
2026-09-21T20:00:00Z 404 16.65
2026-09-21T20:00:00Z 200 97.72
2026-09-21T20:00:00Z 200 69.35
2026-09-21T20:00:00Z 404 71.91
2026-09-21T20:00:00Z 200 75.03
2026-09-21T20:00:00Z 200 129.69
2026-09-21T20:00:00Z 500 194.88
2026-09-21T20:00:00Z 200 108.59
2026-09-21T20:00:00Z 200 159.40
2026-09-21T20:00:00Z 200 16.60
2026-09-21T20:00:00Z 500 152.24
2026-09-21T20:00:00Z 500 60.80
2026-09-21T20:00:00Z 404 182.24
2026-09-21T20:00:00Z 500 149.20
2026-09-21T20:00:00Z 404 172.59
2026-09-21T20:00:00Z 500 89.24
2026-09-21T20:00:00Z 404 184.44
2026-09-21T20:00:00Z 404 199.50
2026-09-21T20:00:00Z 200 177.65
2026-09-21T20:00:00Z 200 52.78
2026-09-21T20:00:00Z 200 19.90
2026-09-21T20:00:00Z 200 44.27
2026-09-21T20:00:00Z 500 117.59
2026-09-21T20:00:00Z 200 65.46
2026-09-21T20:00:00Z 500 112.47
2026-09-21T20:00:00Z 500 68.14
2026-09-21T20:00:00Z 200 23.85
2026-09-21T20:00:00Z 200 13.71
2026-09-21T20:00:00Z 200 194.77
2026-09-21T20:00:00Z 404 77.82
2026-09-21T20:00:00Z 500 34.94
2026-09-21T20:00:00Z 200 31.56
2026-09-21T20:00:00Z 500 10.63
2026-09-21T20:00:00Z 200 194.95
2026-09-21T20:00:00Z 200 32.88
2026-09-21T20:00:00Z 200 31.40
2026-09-21T20:00:00Z 200 64.99
2026-09-21T20:00:00Z 500 138.31
2026-09-21T20:00:00Z 404 27.82
2026-09-21T20:00:00Z 500 74.61
2026-09-21T20:00:00Z 404 190.49
2026-09-21T20:00:00Z 200 11.97
2026-09-21T20:00:00Z 200 66.96
2026-09-21T20:00:00Z 200 141.94
2026-09-21T20:00:00Z 500 94.18
2026-09-21T20:00:00Z 200 121.83
2026-09-21T20:00:00Z 404 24.15
2026-09-21T20:00:00Z 200 162.81
2026-09-21T20:00:00Z 500 144.69
2026-09-21T20:00:00Z 404 43.89
2026-09-21T20:00:00Z 500 116.19
2026-09-21T20:00:00Z 200 107.09
2026-09-21T20:00:00Z 200 131.40
2026-09-21T20:00:00Z 200 90.87
2026-09-21T20:00:00Z 200 187.76
2026-09-21T20:00:00Z 404 159.34
2026-09-21T20:00:00Z 500 38.08
2026-09-21T20:00:00Z 200 97.17
2026-09-21T20:00:00Z 200 115.85
2026-09-21T20:00:00Z 200 19.30
2026-09-21T20:00:00Z 200 166.57
2026-09-21T20:00:00Z 500 162.38
2026-09-21T20:00:00Z 500 66.27
2026-09-21T20:00:00Z 404 96.19
2026-09-21T20:00:00Z 200 197.82
2026-09-21T20:00:00Z 404 155.16
2026-09-21T20:00:00Z 404 46.39
2026-09-21T20:00:00Z 500 196.86
2026-09-21T20:00:00Z 200 79.95
2026-09-21T20:00:00Z 200 64.23
2026-09-21T20:00:00Z 200 95.26
2026-09-21T20:00:00Z 200 115.73
2026-09-21T20:00:00Z 200 117.78
2026-09-21T20:00:00Z 404 132.85
2026-09-21T20:00:00Z 404 128.94
2026-09-21T20:00:00Z 404 144.50
2026-09-21T20:00:00Z 500 11.19
2026-09-21T20:00:00Z 404 99.28
2026-09-21T20:00:00Z 500 12.56
2026-09-21T20:00:00Z 404 159.50
2026-09-21T20:00:00Z 200 146.21
2026-09-21T20:00:00Z 404 48.53
2026-09-21T20:00:00Z 404 49.08
2026-09-21T20:00:00Z 500 91.08
2026-09-21T20:00:00Z 500 36.41
2026-09-21T20:00:00Z 200 150.80
2026-09-21T20:00:00Z 200 106.76
2026-09-21T20:00:00Z 404 148.95
2026-09-21T20:00:00Z 200 46.86
2026-09-21T20:00:00Z 200 49.82
2026-09-21T20:00:00Z 200 116.29
2026-09-21T20:00:00Z 404 93.20
2026-09-21T20:00:00Z 200 10.96
2026-09-21T20:00:00Z 404 28.20
2026-09-21T20:00:00Z 200 21.26
2026-09-21T20:00:00Z 404 31.67
2026-09-21T20:00:00Z 500 108.16
2026-09-21T20:00:00Z 404 103.26
2026-09-21T20:00:00Z 200 180.50
2026-09-21T20:00:00Z 200 20.37
2026-09-21T20:00:00Z 200 12.31
2026-09-21T20:00:00Z 200 27.85
2026-09-21T20:00:00Z 200 79.06
2026-09-21T20:00:00Z 200 192.32
2026-09-21T20:00:00Z 200 28.92
2026-09-21T20:00:00Z 200 198.76
2026-09-21T20:00:00Z 200 111.53
2026-09-21T20:00:00Z 500 156.30
2026-09-21T20:00:00Z 200 103.43
2026-09-21T20:00:00Z 200 199.98
2026-09-21T20:00:00Z 200 118.65
2026-09-21T20:00:00Z 200 39.95
2026-09-21T20:00:00Z 500 115.59
2026-09-21T20:00:00Z 404 118.33
2026-09-21T20:00:00Z 200 18.57
2026-09-21T20:00:00Z 200 187.63
2026-09-21T20:00:00Z 200 185.70
2026-09-21T20:00:00Z 404 185.45
2026-09-21T20:00:00Z 404 74.89
2026-09-21T20:00:00Z 404 172.76
2026-09-21T20:00:00Z 200 71.12
2026-09-21T20:00:00Z 404 27.65
2026-09-21T20:00:00Z 404 88.10
2026-09-21T20:00:00Z 200 10.76
2026-09-21T20:00:00Z 500 95.95
2026-09-21T20:00:00Z 200 60.05
2026-09-21T20:00:00Z 200 184.81
2026-09-21T20:00:00Z 404 38.87
2026-09-21T20:00:00Z 200 36.86
2026-09-21T20:00:00Z 200 65.34
2026-09-21T20:00:00Z 200 54.31
2026-09-21T20:00:00Z 500 25.40
2026-09-21T20:00:00Z 200 49.96
2026-09-21T20:00:00Z 200 126.59
2026-09-21T20:00:00Z 200 184.74
2026-09-21T20:00:00Z 500 197.77
2026-09-21T20:00:00Z 200 178.22
2026-09-21T20:00:00Z 200 97.71
2026-09-21T20:00:00Z 404 109.88
2026-09-21T20:00:00Z 404 96.15
2026-09-21T20:00:00Z 200 30.84
2026-09-21T20:00:00Z 200 43.72
2026-09-21T20:00:00Z 200 183.42
2026-09-21T20:00:00Z 200 85.30
2026-09-21T20:00:00Z 404 44.70
2026-09-21T20:00:00Z 200 58.28
2026-09-21T20:00:00Z 200 134.72
2026-09-21T20:00:00Z 200 37.26
2026-09-21T20:00:00Z 200 160.18
2026-09-21T20:00:00Z 404 86.01
2026-09-21T20:00:00Z 200 120.52
2026-09-21T20:00:00Z 404 151.62
2026-09-21T20:00:00Z 500 82.93
2026-09-21T20:00:00Z 500 72.95
2026-09-21T20:00:00Z 200 61.91
2026-09-21T20:00:00Z 200 174.07
2026-09-21T20:00:00Z 200 85.82
2026-09-21T20:00:00Z 200 115.86
2026-09-21T20:00:00Z 404 151.67
2026-09-21T20:00:00Z 200 83.33
2026-09-21T20:00:00Z 200 50.04
2026-09-21T20:00:00Z 200 199.15
2026-09-21T20:00:00Z 500 30.39
2026-09-21T20:00:00Z 200 121.15
2026-09-21T20:00:00Z 404 53.43
2026-09-21T20:00:00Z 200 135.09
2026-09-21T20:00:00Z 500 169.28
2026-09-21T20:00:00Z 500 109.13
2026-09-21T20:00:00Z 200 93.00
2026-09-21T20:00:00Z 200 164.78
2026-09-21T20:00:00Z 200 196.06
2026-09-21T20:00:00Z 200 43.14
2026-09-21T20:00:00Z 200 23.96
2026-09-21T20:00:00Z 200 181.81
2026-09-21T20:00:00Z 200 101.85
2026-09-21T20:00:00Z 200 185.67
2026-09-21T20:00:00Z 200 109.63
2026-09-21T20:00:00Z 500 162.72
2026-09-21T20:00:00Z 404 13.83
2026-09-21T20:00:00Z 404 194.88
2026-09-21T20:00:00Z 500 161.32
2026-09-21T20:00:00Z 200 27.36
2026-09-21T20:00:00Z 200 83.30
2026-09-21T20:00:00Z 200 49.33
2026-09-21T20:00:00Z 500 130.57
2026-09-21T20:00:00Z 200 197.64
2026-09-21T20:00:00Z 200 58.74
2026-09-21T20:00:00Z 500 20.90
2026-09-21T20:00:00Z 200 56.47
2026-09-21T20:00:00Z 404 164.40
2026-09-21T20:00:00Z 200 93.67
2026-09-21T20:00:00Z 500 89.08
2026-09-21T20:00:00Z 200 102.63
2026-09-21T20:00:00Z 200 189.86
2026-09-21T20:00:00Z 200 163.96
2026-09-21T20:00:00Z 404 177.30
2026-09-21T20:00:00Z 404 133.87
2026-09-21T20:00:00Z 200 139.11
2026-09-21T20:00:00Z 200 127.95
2026-09-21T20:00:00Z 200 197.87
2026-09-21T20:00:00Z 200 187.37
2026-09-21T20:00:00Z 500 23.11
2026-09-21T20:00:00Z 200 173.45
2026-09-21T20:00:00Z 200 170.73
2026-09-21T20:00:00Z 500 61.20
2026-09-21T20:00:00Z 200 50.60
2026-09-21T20:00:00Z 500 106.28
2026-09-21T20:00:00Z 200 76.95
2026-09-21T20:00:00Z 200 82.98
2026-09-21T20:00:00Z 200 43.38
2026-09-21T20:00:00Z 404 60.87
2026-09-21T20:00:00Z 500 21.98
2026-09-21T20:00:00Z 200 117.59
2026-09-21T20:00:00Z 500 53.61
2026-09-21T20:00:00Z 200 62.17
2026-09-21T20:00:00Z 500 54.77
2026-09-21T20:00:00Z 200 60.38
2026-09-21T20:00:00Z 200 128.96
2026-09-21T20:00:00Z 200 50.08
2026-09-21T20:00:00Z 200 182.97
2026-09-21T20:00:00Z 200 119.47
2026-09-21T20:00:00Z 200 191.54
2026-09-21T20:00:00Z 200 135.00
2026-09-21T20:00:00Z 200 84.72
2026-09-21T20:00:00Z 200 54.57
2026-09-21T20:00:00Z 200 105.21
2026-09-21T20:00:00Z 200 114.30
2026-09-21T20:00:00Z 200 165.41
2026-09-21T20:00:00Z 200 172.41
2026-09-21T20:00:00Z 200 92.30
2026-09-21T20:00:00Z 200 30.19
2026-09-21T20:00:00Z 200 100.67
2026-09-21T20:00:00Z 404 101.10
2026-09-21T20:00:00Z 200 148.46
2026-09-21T20:00:00Z 200 38.30
2026-09-21T20:00:00Z 200 94.57
2026-09-21T20:00:00Z 404 153.11
2026-09-21T20:00:00Z 200 122.54
2026-09-21T20:00:00Z 200 11.68
2026-09-21T20:00:00Z 404 167.20
2026-09-21T20:00:00Z 404 71.68
2026-09-21T20:00:00Z 200 87.73
2026-09-21T20:00:00Z 404 82.96
2026-09-21T20:00:00Z 200 185.38
2026-09-21T20:00:00Z 500 114.35
2026-09-21T20:00:00Z 200 61.74
2026-09-21T20:00:00Z 200 70.18
2026-09-21T20:00:00Z 404 143.82
2026-09-21T20:00:00Z 500 195.12
2026-09-21T20:00:00Z 200 105.37
2026-09-21T20:00:00Z 200 159.87
2026-09-21T20:00:00Z 200 23.14
2026-09-21T20:00:00Z 200 146.88
2026-09-21T20:00:00Z 500 78.23
2026-09-21T20:00:00Z 500 63.50
2026-09-21T20:00:00Z 500 149.46
2026-09-21T20:00:00Z 200 142.70
2026-09-21T20:00:00Z 200 120.56
2026-09-21T20:00:00Z 404 97.61
2026-09-21T20:00:00Z 500 120.16
2026-09-21T20:00:00Z 404 102.69
2026-09-21T20:00:00Z 200 193.40
2026-09-21T20:00:00Z 200 196.56
2026-09-21T20:00:00Z 200 151.17
2026-09-21T20:00:00Z 404 24.83
2026-09-21T20:00:00Z 200 79.05
2026-09-21T20:00:00Z 200 67.83
2026-09-21T20:00:00Z 200 115.78
2026-09-21T20:00:00Z 200 21.67
2026-09-21T20:00:00Z 200 31.63
2026-09-21T20:00:00Z 200 140.45
2026-09-21T20:00:00Z 500 121.02
2026-09-21T20:00:00Z 500 46.69
2026-09-21T20:00:00Z 404 111.19
2026-09-21T20:00:00Z 200 19.12
2026-09-21T20:00:00Z 200 36.91
2026-09-21T20:00:00Z 200 139.20
2026-09-21T20:00:00Z 200 132.71
2026-09-21T20:00:00Z 500 140.96
2026-09-21T20:00:00Z 200 15.55
2026-09-21T20:00:00Z 200 150.51
2026-09-21T20:00:00Z 200 191.33
2026-09-21T20:00:00Z 404 63.23
2026-09-21T20:00:00Z 500 157.29
2026-09-21T20:00:00Z 200 153.61
2026-09-21T20:00:00Z 200 130.09
2026-09-21T20:00:00Z 200 17.91
2026-09-21T20:00:00Z 404 78.86
2026-09-21T20:00:00Z 500 179.02
2026-09-21T20:00:00Z 200 175.82
2026-09-21T20:00:00Z 200 158.39
2026-09-21T20:00:00Z 200 108.80
2026-09-21T20:00:00Z 404 178.82
2026-09-21T20:00:00Z 200 123.41
2026-09-21T20:00:00Z 200 189.38
2026-09-21T20:00:00Z 404 135.66
2026-09-21T20:00:00Z 200 169.63
2026-09-21T20:00:00Z 200 72.34
2026-09-21T20:00:00Z 404 83.40
2026-09-21T20:00:00Z 404 177.37
2026-09-21T20:00:00Z 200 157.21
2026-09-21T20:00:00Z 200 61.42
2026-09-21T20:00:00Z 200 73.63
2026-09-21T20:00:00Z 200 19.24
2026-09-21T20:00:00Z 200 135.89
2026-09-21T20:00:00Z 200 111.72
2026-09-21T20:00:00Z 200 100.89
2026-09-21T20:00:00Z 200 187.07
2026-09-21T20:00:00Z 200 190.95
2026-09-21T20:00:00Z 404 80.70
2026-09-21T20:00:00Z 200 67.83
2026-09-21T20:00:00Z 200 84.26
2026-09-21T20:00:00Z 200 54.60
2026-09-21T20:00:00Z 404 108.24
2026-09-21T20:00:00Z 200 77.16
2026-09-21T20:00:00Z 200 109.90
2026-09-21T20:00:00Z 500 89.31
2026-09-21T20:00:00Z 200 159.66
2026-09-21T20:00:00Z 200 111.62
2026-09-21T20:00:00Z 200 123.09
2026-09-21T20:00:00Z 200 151.13
2026-09-21T20:00:00Z 404 16.25
2026-09-21T20:00:00Z 200 190.09
2026-09-21T20:00:00Z 200 110.28
2026-09-21T20:00:00Z 500 176.15
2026-09-21T20:00:00Z 500 71.18
2026-09-21T20:00:00Z 200 80.95
2026-09-21T20:00:00Z 200 95.65
2026-09-21T20:00:00Z 200 73.42
2026-09-21T20:00:00Z 500 126.33
2026-09-21T20:00:00Z 404 11.38
2026-09-21T20:00:00Z 404 157.23
2026-09-21T20:00:00Z 200 38.55
2026-09-21T20:00:00Z 200 134.12
2026-09-21T20:00:00Z 500 182.27
2026-09-21T20:00:00Z 404 48.62
2026-09-21T20:00:00Z 200 25.15
2026-09-21T20:00:00Z 200 127.35
2026-09-21T20:00:00Z 200 195.44
2026-09-21T20:00:00Z 200 131.41
2026-09-21T20:00:00Z 200 79.76
2026-09-21T20:00:00Z 200 95.77
2026-09-21T20:00:00Z 200 51.78
2026-09-21T20:00:00Z 500 99.45
2026-09-21T20:00:00Z 500 82.48
2026-09-21T20:00:00Z 200 163.42
2026-09-21T20:00:00Z 404 49.74
2026-09-21T20:00:00Z 200 10.66
2026-09-21T20:00:00Z 500 79.16
2026-09-21T20:00:00Z 200 149.68
2026-09-21T20:00:00Z 200 161.79
2026-09-21T20:00:00Z 200 130.40
2026-09-21T20:00:00Z 200 144.23
2026-09-21T20:00:00Z 200 123.18
2026-09-21T20:00:00Z 200 13.89
2026-09-21T20:00:00Z 200 135.52
2026-09-21T20:00:00Z 500 65.33
2026-09-21T20:00:00Z 200 109.92
2026-09-21T20:00:00Z 200 73.56
2026-09-21T20:00:00Z 500 13.58
2026-09-21T20:00:00Z 200 26.45
2026-09-21T20:00:00Z 200 125.85
2026-09-21T20:00:00Z 200 180.65
2026-09-21T20:00:00Z 200 91.99
2026-09-21T20:00:00Z 404 175.40
2026-09-21T20:00:00Z 500 83.15
2026-09-21T20:00:00Z 200 84.56
2026-09-21T20:00:00Z 200 167.12
2026-09-21T20:00:00Z 404 160.33
2026-09-21T20:00:00Z 404 140.10
2026-09-21T20:00:00Z 200 52.37
2026-09-21T20:00:00Z 200 77.26
2026-09-21T20:00:00Z 200 45.79
2026-09-21T20:00:00Z 404 144.03
2026-09-21T20:00:00Z 500 165.26
2026-09-21T20:00:00Z 404 80.70
2026-09-21T20:00:00Z 200 69.12
2026-09-21T20:00:00Z 200 183.80
2026-09-21T20:00:00Z 500 133.92
2026-09-21T20:00:00Z 200 47.45
2026-09-21T20:00:00Z 200 119.10
2026-09-21T20:00:00Z 500 36.54
2026-09-21T20:00:00Z 200 19.24
2026-09-21T20:00:00Z 200 119.33
2026-09-21T20:00:00Z 500 99.87
2026-09-21T20:00:00Z 200 137.93
2026-09-21T20:00:00Z 200 187.00
2026-09-21T20:00:00Z 200 113.40
2026-09-21T20:00:00Z 500 187.25
2026-09-21T20:00:00Z 200 32.76
2026-09-21T20:00:00Z 200 41.16
2026-09-21T20:00:00Z 200 49.06
2026-09-21T20:00:00Z 404 29.07
2026-09-21T20:00:00Z 200 110.86
2026-09-21T20:00:00Z 200 139.07
2026-09-21T20:00:00Z 404 64.12
2026-09-21T20:00:00Z 404 105.01
2026-09-21T20:00:00Z 200 190.76
2026-09-21T20:00:00Z 200 195.31
2026-09-21T20:00:00Z 200 83.55
2026-09-21T20:00:00Z 200 106.58
2026-09-21T20:00:00Z 404 180.14
2026-09-21T20:00:00Z 200 100.52
2026-09-21T20:00:00Z 200 166.37
2026-09-21T20:00:00Z 200 128.69
2026-09-21T20:00:00Z 200 199.85
2026-09-21T20:00:00Z 404 169.13
2026-09-21T20:00:00Z 200 37.78
2026-09-21T20:00:00Z 404 106.85
2026-09-21T20:00:00Z 200 154.91
2026-09-21T20:00:00Z 200 112.86
2026-09-21T20:00:00Z 404 184.11
2026-09-21T20:00:00Z 404 45.85
2026-09-21T20:00:00Z 200 15.29
2026-09-21T20:00:00Z 500 78.46
2026-09-21T20:00:00Z 200 187.98
2026-09-21T20:00:00Z 500 40.54
2026-09-21T20:00:00Z 200 41.52
2026-09-21T20:00:00Z 500 63.52
2026-09-21T20:00:00Z 200 182.65
2026-09-21T20:00:00Z 500 30.35
2026-09-21T20:00:00Z 200 131.14
2026-09-21T20:00:00Z 404 191.14
2026-09-21T20:00:00Z 200 175.96
2026-09-21T20:00:00Z 200 144.90
2026-09-21T20:00:00Z 200 162.92
2026-09-21T20:00:00Z 200 197.78
2026-09-21T20:00:00Z 200 193.15
2026-09-21T20:00:00Z 200 27.91
2026-09-21T20:00:00Z 200 42.05
2026-09-21T20:00:00Z 200 59.69
2026-09-21T20:00:00Z 200 173.59
2026-09-21T20:00:00Z 200 132.94
2026-09-21T20:00:00Z 200 92.61
2026-09-21T20:00:00Z 200 80.80
2026-09-21T20:00:00Z 404 183.75
2026-09-21T20:00:00Z 500 70.21
2026-09-21T20:00:00Z 200 55.41
2026-09-21T20:00:00Z 200 116.40
2026-09-21T20:00:00Z 200 21.58
2026-09-21T20:00:00Z 200 98.66
2026-09-21T20:00:00Z 200 125.71
2026-09-21T20:00:00Z 200 70.11
2026-09-21T20:00:00Z 500 83.01
2026-09-21T20:00:00Z 200 150.74
2026-09-21T20:00:00Z 200 172.85
2026-09-21T20:00:00Z 200 28.36
2026-09-21T20:00:00Z 500 29.96
2026-09-21T20:00:00Z 200 96.46
2026-09-21T20:00:00Z 404 49.14
2026-09-21T20:00:00Z 200 36.52
2026-09-21T20:00:00Z 200 170.38
2026-09-21T20:00:00Z 200 196.79
2026-09-21T20:00:00Z 500 43.40
2026-09-21T20:00:00Z 200 82.31
2026-09-21T20:00:00Z 200 38.92
2026-09-21T20:00:00Z 500 117.64
2026-09-21T20:00:00Z 200 78.65
2026-09-21T20:00:00Z 200 192.10
2026-09-21T20:00:00Z 500 190.88
2026-09-21T20:00:00Z 500 24.38
2026-09-21T20:00:00Z 500 59.27
2026-09-21T20:00:00Z 200 189.54
2026-09-21T20:00:00Z 200 58.79
2026-09-21T20:00:00Z 500 189.54
2026-09-21T20:00:00Z 404 72.73
2026-09-21T20:00:00Z 500 96.27
2026-09-21T20:00:00Z 404 54.67
2026-09-21T20:00:00Z 200 55.10
2026-09-21T20:00:00Z 404 106.91
2026-09-21T20:00:00Z 200 39.12
2026-09-21T20:00:00Z 200 196.24
2026-09-21T20:00:00Z 404 81.82
2026-09-21T20:00:00Z 200 141.45
2026-09-21T20:00:00Z 200 73.27
2026-09-21T20:00:00Z 500 37.62
2026-09-21T20:00:00Z 200 129.66
2026-09-21T20:00:00Z 200 31.52
2026-09-21T20:00:00Z 200 55.27
2026-09-21T20:00:00Z 404 165.94
2026-09-21T20:00:00Z 200 186.01
2026-09-21T20:00:00Z 404 143.08
2026-09-21T20:00:00Z 404 193.69
2026-09-21T20:00:00Z 200 61.26
2026-09-21T20:00:00Z 404 63.65
2026-09-21T20:00:00Z 404 32.96
2026-09-21T20:00:00Z 200 23.64
2026-09-21T20:00:00Z 200 81.01
2026-09-21T20:00:00Z 200 25.01
2026-09-21T20:00:00Z 404 10.09
2026-09-21T20:00:00Z 200 58.57
2026-09-21T20:00:00Z 404 74.24
2026-09-21T20:00:00Z 200 153.47
2026-09-21T20:00:00Z 500 191.24
2026-09-21T20:00:00Z 500 81.22
2026-09-21T20:00:00Z 200 117.66
2026-09-21T20:00:00Z 200 42.96
2026-09-21T20:00:00Z 200 149.10
2026-09-21T20:00:00Z 200 95.00
2026-09-21T20:00:00Z 500 137.70
2026-09-21T20:00:00Z 404 90.70
2026-09-21T20:00:00Z 200 90.01
2026-09-21T20:00:00Z 200 44.82
2026-09-21T20:00:00Z 500 75.82
2026-09-21T20:00:00Z 500 52.44
2026-09-21T20:00:00Z 404 164.00
2026-09-21T20:00:00Z 200 147.42
2026-09-21T20:00:00Z 200 43.80
2026-09-21T20:00:00Z 200 104.27
2026-09-21T20:00:00Z 200 90.35
2026-09-21T20:00:00Z 404 98.32
2026-09-21T20:00:00Z 500 38.32
2026-09-21T20:00:00Z 200 58.23
2026-09-21T20:00:00Z 200 19.89
2026-09-21T20:00:00Z 404 105.18
2026-09-21T20:00:00Z 200 195.05
2026-09-21T20:00:00Z 200 118.87
2026-09-21T20:00:00Z 404 157.05
2026-09-21T20:00:00Z 200 116.11
2026-09-21T20:00:00Z 200 47.05
2026-09-21T20:00:00Z 200 29.62
2026-09-21T20:00:00Z 500 77.49
2026-09-21T20:00:00Z 404 63.85
2026-09-21T20:00:00Z 500 185.49
2026-09-21T20:00:00Z 404 56.07
2026-09-21T20:00:00Z 200 165.20
2026-09-21T20:00:00Z 200 27.55
2026-09-21T20:00:00Z 200 157.70
2026-09-21T20:00:00Z 500 27.57
2026-09-21T20:00:00Z 500 52.12
2026-09-21T20:00:00Z 200 50.56
2026-09-21T20:00:00Z 200 156.14
2026-09-21T20:00:00Z 404 190.86
2026-09-21T20:00:00Z 200 18.18
2026-09-21T20:00:00Z 200 195.25
2026-09-21T20:00:00Z 404 54.16
2026-09-21T20:00:00Z 500 20.82
2026-09-21T20:00:00Z 200 138.61
2026-09-21T20:00:00Z 200 190.98
2026-09-21T20:00:00Z 200 13.60
2026-09-21T20:00:00Z 200 45.97
2026-09-21T20:00:00Z 200 174.70
2026-09-21T20:00:00Z 200 190.35
2026-09-21T20:00:00Z 200 164.03
2026-09-21T20:00:00Z 500 37.98
2026-09-21T20:00:00Z 500 44.57
2026-09-21T20:00:00Z 200 183.43
2026-09-21T20:00:00Z 404 163.28
2026-09-21T20:00:00Z 200 89.44
2026-09-21T20:00:00Z 200 157.72
2026-09-21T20:00:00Z 500 61.33
2026-09-21T20:00:00Z 200 150.03
2026-09-21T20:00:00Z 404 128.50
2026-09-21T20:00:00Z 500 174.47
2026-09-21T20:00:00Z 200 119.26
2026-09-21T20:00:00Z 404 129.79
2026-09-21T20:00:00Z 200 102.66
2026-09-21T20:00:00Z 500 170.61
2026-09-21T20:00:00Z 200 178.89
2026-09-21T20:00:00Z 200 52.30
2026-09-21T20:00:00Z 200 160.52
2026-09-21T20:00:00Z 200 184.46
2026-09-21T20:00:00Z 200 64.85
2026-09-21T20:00:00Z 200 162.03
2026-09-21T20:00:00Z 200 15.34
2026-09-21T20:00:00Z 200 131.22
2026-09-21T20:00:00Z 200 37.07
2026-09-21T20:00:00Z 500 116.52
2026-09-21T20:00:00Z 404 130.17
2026-09-21T20:00:00Z 200 191.52
2026-09-21T20:00:00Z 200 29.02
2026-09-21T20:00:00Z 200 91.68
2026-09-21T20:00:00Z 404 119.36
2026-09-21T20:00:00Z 404 68.22
2026-09-21T20:00:00Z 404 35.07
2026-09-21T20:00:00Z 200 19.76
2026-09-21T20:00:00Z 404 174.47
2026-09-21T20:00:00Z 404 55.39
2026-09-21T20:00:00Z 404 100.85
2026-09-21T20:00:00Z 500 188.73
2026-09-21T20:00:00Z 500 101.75
2026-09-21T20:00:00Z 404 92.19
2026-09-21T20:00:00Z 404 121.30
2026-09-21T20:00:00Z 404 107.73
2026-09-21T20:00:00Z 200 113.99
2026-09-21T20:00:00Z 404 47.00
2026-09-21T20:00:00Z 200 165.95
2026-09-21T20:00:00Z 500 63.87
2026-09-21T20:00:00Z 200 36.93
2026-09-21T20:00:00Z 404 190.86
2026-09-21T20:00:00Z 500 70.86
2026-09-21T20:00:00Z 200 180.46
2026-09-21T20:00:00Z 200 63.46
2026-09-21T20:00:00Z 500 179.24
2026-09-21T20:00:00Z 200 12.29
2026-09-21T20:00:00Z 200 102.25
2026-09-21T20:00:00Z 200 162.45
2026-09-21T20:00:00Z 500 149.58
2026-09-21T20:00:00Z 200 164.28
2026-09-21T20:00:00Z 200 188.80
2026-09-21T20:00:00Z 200 94.76
2026-09-21T20:00:00Z 500 180.47
2026-09-21T20:00:00Z 200 68.57
2026-09-21T20:00:00Z 200 196.50
2026-09-21T20:00:00Z 200 125.09
2026-09-21T20:00:00Z 200 48.26
2026-09-21T20:00:00Z 404 152.98
2026-09-21T20:00:00Z 200 141.12
2026-09-21T20:00:00Z 200 44.44
2026-09-21T20:00:00Z 200 42.09
2026-09-21T20:00:00Z 500 33.86
2026-09-21T20:00:00Z 200 69.73
2026-09-21T20:00:00Z 200 47.41
2026-09-21T20:00:00Z 200 179.74
2026-09-21T20:00:00Z 200 102.10
2026-09-21T20:00:00Z 200 125.56
2026-09-21T20:00:00Z 500 14.57
2026-09-21T20:00:00Z 404 60.88
2026-09-21T20:00:00Z 200 143.35
2026-09-21T20:00:00Z 500 159.39
2026-09-21T20:00:00Z 404 39.77
2026-09-21T20:00:00Z 200 12.99
2026-09-21T20:00:00Z 500 123.42
2026-09-21T20:00:00Z 200 126.91
2026-09-21T20:00:00Z 500 22.42
2026-09-21T20:00:00Z 500 138.82
2026-09-21T20:00:00Z 200 150.66
2026-09-21T20:00:00Z 404 171.52
2026-09-21T20:00:00Z 200 106.44
2026-09-21T20:00:00Z 200 170.00
2026-09-21T20:00:00Z 200 118.04
2026-09-21T20:00:00Z 200 46.29
2026-09-21T20:00:00Z 200 55.84
2026-09-21T20:00:00Z 200 59.41
2026-09-21T20:00:00Z 200 71.71
2026-09-21T20:00:00Z 404 77.14
2026-09-21T20:00:00Z 200 18.74
2026-09-21T20:00:00Z 200 20.83
2026-09-21T20:00:00Z 200 144.28
2026-09-21T20:00:00Z 404 25.89
2026-09-21T20:00:00Z 404 154.06
2026-09-21T20:00:00Z 200 34.08
2026-09-21T20:00:00Z 500 17.28
2026-09-21T20:00:00Z 200 159.51
2026-09-21T20:00:00Z 200 105.64
2026-09-21T20:00:00Z 200 110.86
2026-09-21T20:00:00Z 200 184.92
2026-09-21T20:00:00Z 200 82.90
2026-09-21T20:00:00Z 200 187.69
2026-09-21T20:00:00Z 200 118.83
2026-09-21T20:00:00Z 200 163.41
2026-09-21T20:00:00Z 200 69.42
2026-09-21T20:00:00Z 200 172.12
2026-09-21T20:00:00Z 500 46.21
2026-09-21T20:00:00Z 200 123.93
2026-09-21T20:00:00Z 200 170.32
2026-09-21T20:00:00Z 200 36.84
2026-09-21T20:00:00Z 500 155.77
2026-09-21T20:00:00Z 200 140.93
2026-09-21T20:00:00Z 500 135.22
2026-09-21T20:00:00Z 200 145.80
2026-09-21T20:00:00Z 500 76.40
2026-09-21T20:00:00Z 404 139.40
2026-09-21T20:00:00Z 200 95.45
2026-09-21T20:00:00Z 200 120.42
2026-09-21T20:00:00Z 200 156.21
2026-09-21T20:00:00Z 500 158.19
2026-09-21T20:00:00Z 500 66.44
2026-09-21T20:00:00Z 500 124.93
2026-09-21T20:00:00Z 200 46.56
2026-09-21T20:00:00Z 404 167.23
2026-09-21T20:00:00Z 200 183.53
2026-09-21T20:00:00Z 200 12.01
2026-09-21T20:00:00Z 404 170.99
2026-09-21T20:00:00Z 500 21.10
2026-09-21T20:00:00Z 500 139.41
2026-09-21T20:00:00Z 200 126.56
2026-09-21T20:00:00Z 404 105.63
2026-09-21T20:00:00Z 200 13.59
2026-09-21T20:00:00Z 200 144.46
2026-09-21T20:00:00Z 500 97.77
2026-09-21T20:00:00Z 500 70.69
2026-09-21T20:00:00Z 404 91.38
2026-09-21T20:00:00Z 200 22.84
2026-09-21T20:00:00Z 200 93.73
2026-09-21T20:00:00Z 200 97.91
2026-09-21T20:00:00Z 200 43.07
2026-09-21T20:00:00Z 404 74.30
2026-09-21T20:00:00Z 500 178.77
2026-09-21T20:00:00Z 200 10.86
2026-09-21T20:00:00Z 200 48.98
2026-09-21T20:00:00Z 200 91.07
2026-09-21T20:00:00Z 200 160.48
2026-09-21T20:00:00Z 500 192.59
2026-09-21T20:00:00Z 404 196.22
2026-09-21T20:00:00Z 200 15.94
2026-09-21T20:00:00Z 500 43.66
2026-09-21T20:00:00Z 200 124.18
2026-09-21T20:00:00Z 500 155.89
2026-09-21T20:00:00Z 200 189.78
2026-09-21T20:00:00Z 200 101.74
2026-09-21T20:00:00Z 404 73.48
2026-09-21T20:00:00Z 200 83.49
2026-09-21T20:00:00Z 200 39.23
2026-09-21T20:00:00Z 200 147.00
2026-09-21T20:00:00Z 200 39.55
2026-09-21T20:00:00Z 200 124.21
2026-09-21T20:00:00Z 404 157.14
2026-09-21T20:00:00Z 500 173.82
2026-09-21T20:00:00Z 500 10.81
2026-09-21T20:00:00Z 200 125.11
2026-09-21T20:00:00Z 200 110.77
2026-09-21T20:00:00Z 200 45.85
2026-09-21T20:00:00Z 200 134.70
2026-09-21T20:00:00Z 200 169.24
2026-09-21T20:00:00Z 404 179.31
2026-09-21T20:00:00Z 500 103.26
2026-09-21T20:00:00Z 200 176.56
2026-09-21T20:00:00Z 500 170.28
2026-09-21T20:00:00Z 404 71.78
2026-09-21T20:00:00Z 200 61.07
2026-09-21T20:00:00Z 200 174.75
2026-09-21T20:00:00Z 404 189.67
2026-09-21T20:00:00Z 200 62.25
2026-09-21T20:00:00Z 200 129.17
2026-09-21T20:00:00Z 200 196.38
2026-09-21T20:00:00Z 500 182.21
2026-09-21T20:00:00Z 200 188.06
2026-09-21T20:00:00Z 200 94.19
2026-09-21T20:00:00Z 404 108.18
2026-09-21T20:00:00Z 200 169.18
2026-09-21T20:00:00Z 200 14.10
2026-09-21T20:00:00Z 404 71.44
2026-09-21T20:00:00Z 404 47.61
2026-09-21T20:00:00Z 200 151.66
2026-09-21T20:00:00Z 200 107.39
2026-09-21T20:00:00Z 500 196.06
2026-09-21T20:00:00Z 500 40.31
2026-09-21T20:00:00Z 500 145.78
2026-09-21T20:00:00Z 200 134.10
2026-09-21T20:00:00Z 200 68.39
2026-09-21T20:00:00Z 200 183.12
2026-09-21T20:00:00Z 200 10.32
2026-09-21T20:00:00Z 200 81.73
2026-09-21T20:00:00Z 404 138.47
2026-09-21T20:00:00Z 200 191.87
2026-09-21T20:00:00Z 404 85.61
2026-09-21T20:00:00Z 200 117.01
2026-09-21T20:00:00Z 200 186.34
2026-09-21T20:00:00Z 500 61.06
2026-09-21T20:00:00Z 500 94.68
2026-09-21T20:00:00Z 200 64.49
2026-09-21T20:00:00Z 200 194.50
2026-09-21T20:00:00Z 200 89.40
2026-09-21T20:00:00Z 200 45.79
2026-09-21T20:00:00Z 500 147.55
2026-09-21T20:00:00Z 500 42.30
2026-09-21T20:00:00Z 200 113.36
2026-09-21T20:00:00Z 200 73.94
2026-09-21T20:00:00Z 200 175.41
2026-09-21T20:00:00Z 500 68.79
2026-09-21T20:00:00Z 404 97.70
2026-09-21T20:00:00Z 404 23.90
2026-09-21T20:00:00Z 200 54.94
2026-09-21T20:00:00Z 200 194.22
2026-09-21T20:00:00Z 500 187.48
2026-09-21T20:00:00Z 200 109.55
2026-09-21T20:00:00Z 404 173.40
2026-09-21T20:00:00Z 200 134.70
2026-09-21T20:00:00Z 200 164.82
2026-09-21T20:00:00Z 200 35.95
2026-09-21T20:00:00Z 500 38.76
2026-09-21T20:00:00Z 500 195.37
2026-09-21T20:00:00Z 200 141.85
2026-09-21T20:00:00Z 200 135.36
2026-09-21T20:00:00Z 500 32.90
2026-09-21T20:00:00Z 500 103.76
2026-09-21T20:00:00Z 404 183.88
2026-09-21T20:00:00Z 500 83.03
2026-09-21T20:00:00Z 200 44.86
2026-09-21T20:00:00Z 200 122.66
2026-09-21T20:00:00Z 200 92.69
2026-09-21T20:00:00Z 404 182.78
2026-09-21T20:00:00Z 200 179.46
2026-09-21T20:00:00Z 200 44.97
2026-09-21T20:00:00Z 404 44.79
2026-09-21T20:00:00Z 200 74.39
2026-09-21T20:00:00Z 200 198.98
2026-09-21T20:00:00Z 404 119.24
2026-09-21T20:00:00Z 200 13.11
2026-09-21T20:00:00Z 200 36.25
2026-09-21T20:00:00Z 200 171.81
2026-09-21T20:00:00Z 200 181.42
2026-09-21T20:00:00Z 200 34.78
2026-09-21T20:00:00Z 404 60.16
2026-09-21T20:00:00Z 200 22.76
2026-09-21T20:00:00Z 200 105.82
2026-09-21T20:00:00Z 404 143.95
2026-09-21T20:00:00Z 200 142.48
2026-09-21T20:00:00Z 200 38.69
2026-09-21T20:00:00Z 200 47.18
2026-09-21T20:00:00Z 200 17.36
2026-09-21T20:00:00Z 200 122.22
2026-09-21T20:00:00Z 200 80.63
2026-09-21T20:00:00Z 200 177.97
2026-09-21T20:00:00Z 404 114.78
2026-09-21T20:00:00Z 200 107.54
2026-09-21T20:00:00Z 200 54.09
2026-09-21T20:00:00Z 404 163.72
2026-09-21T20:00:00Z 404 16.72
2026-09-21T20:00:00Z 200 129.96
2026-09-21T20:00:00Z 200 187.46
2026-09-21T20:00:00Z 200 189.52
2026-09-21T20:00:00Z 200 25.65
2026-09-21T20:00:00Z 200 87.73
2026-09-21T20:00:00Z 500 178.69
2026-09-21T20:00:00Z 500 17.51
2026-09-21T20:00:00Z 404 124.26
2026-09-21T20:00:00Z 200 41.52
2026-09-21T20:00:00Z 500 158.12
2026-09-21T20:00:00Z 200 88.96
2026-09-21T20:00:00Z 200 106.31
2026-09-21T20:00:00Z 200 47.83
2026-09-21T20:00:00Z 200 19.92
2026-09-21T20:00:00Z 500 176.95
2026-09-21T20:00:00Z 404 130.58
2026-09-21T20:00:00Z 200 91.94
2026-09-21T20:00:00Z 404 113.12
2026-09-21T20:00:00Z 404 27.58
2026-09-21T20:00:00Z 200 176.89
2026-09-21T20:00:00Z 200 162.83
2026-09-21T20:00:00Z 200 197.99
2026-09-21T20:00:00Z 200 68.76
2026-09-21T20:00:00Z 404 169.38
2026-09-21T20:00:00Z 200 102.19
2026-09-21T20:00:00Z 200 199.18
2026-09-21T20:00:00Z 200 14.86
2026-09-21T20:00:00Z 200 140.53
2026-09-21T20:00:00Z 404 55.00
2026-09-21T20:00:00Z 500 48.10
2026-09-21T20:00:00Z 500 165.89
2026-09-21T20:00:00Z 404 87.45
2026-09-21T20:00:00Z 200 194.83
2026-09-21T20:00:00Z 200 68.12
2026-09-21T20:00:00Z 200 187.15
2026-09-21T20:00:00Z 404 95.19
2026-09-21T20:00:00Z 200 17.31
2026-09-21T20:00:00Z 200 21.70
2026-09-21T20:00:00Z 200 175.38
2026-09-21T20:00:00Z 200 72.72
2026-09-21T20:00:00Z 200 24.20
2026-09-21T20:00:00Z 200 139.89
2026-09-21T20:00:00Z 404 150.46
2026-09-21T20:00:00Z 200 199.27
2026-09-21T20:00:00Z 404 57.03
2026-09-21T20:00:00Z 500 179.34
2026-09-21T20:00:00Z 500 37.73
2026-09-21T20:00:00Z 200 95.18
2026-09-21T20:00:00Z 200 142.36
2026-09-21T20:00:00Z 200 93.93
2026-09-21T20:00:00Z 200 82.93
2026-09-21T20:00:00Z 200 66.56
2026-09-21T20:00:00Z 200 181.91
2026-09-21T20:00:00Z 200 53.13
2026-09-21T20:00:00Z 200 133.47
2026-09-21T20:00:00Z 200 84.96
2026-09-21T20:00:00Z 200 97.25
2026-09-21T20:00:00Z 200 184.40
2026-09-21T20:00:00Z 404 49.54
2026-09-21T20:00:00Z 200 177.42
2026-09-21T20:00:00Z 200 78.76
2026-09-21T20:00:00Z 500 17.84
2026-09-21T20:00:00Z 500 92.80
2026-09-21T20:00:00Z 200 174.47
2026-09-21T20:00:00Z 200 10.52
2026-09-21T20:00:00Z 200 125.83
2026-09-21T20:00:00Z 500 72.14
2026-09-21T20:00:00Z 200 40.25
2026-09-21T20:00:00Z 200 62.74
2026-09-21T20:00:00Z 200 146.52
2026-09-21T20:00:00Z 200 183.71
2026-09-21T20:00:00Z 200 172.92
